name,0,1,2,3,4,5,6,7,8,9,10,11,12,13,14,15,16,17,18,19,20,21,22,23,24,25,26,27,28,29,30,31,32,33,34,35,36,37,38,39,40,41,42,43,44,45,46,47,48,49,50,51,52,53,54,55,56,57,58,59,60,61,62,63,64,65,66,67,68,69,70,71,72,73,74,75,76,77,78,79,80,81,82,83,84,85,86,87,88,89,90,91,92,93,94,95,96,97,98,99,100,101,102,103,104,105,106,107,108,109,110,111,112,113,114,115,116,117,118,119,120,121,122,123,124,125,126,127
<pad>,0.0,0.0,0.0,0.0,0.0,0.0,0.0,0.0,0.0,0.0,0.0,0.0,0.0,0.0,0.0,0.0,0.0,0.0,0.0,0.0,0.0,0.0,0.0,0.0,0.0,0.0,0.0,0.0,0.0,0.0,0.0,0.0,0.0,0.0,0.0,0.0,0.0,0.0,0.0,0.0,0.0,0.0,0.0,0.0,0.0,0.0,0.0,0.0,0.0,0.0,0.0,0.0,0.0,0.0,0.0,0.0,0.0,0.0,0.0,0.0,0.0,0.0,0.0,0.0,0.0,0.0,0.0,0.0,0.0,0.0,0.0,0.0,0.0,0.0,0.0,0.0,0.0,0.0,0.0,0.0,0.0,0.0,0.0,0.0,0.0,0.0,0.0,0.0,0.0,0.0,0.0,0.0,0.0,0.0,0.0,0.0,0.0,0.0,0.0,0.0,0.0,0.0,0.0,0.0,0.0,0.0,0.0,0.0,0.0,0.0,0.0,0.0,0.0,0.0,0.0,0.0,0.0,0.0,0.0,0.0,0.0,0.0,0.0,0.0,0.0,0.0,0.0,0.0
1,0.2599385,0.33058104,0.31848115,-0.51017654,0.9281201,-0.8535531,0.29478654,0.14448242,-0.39032966,1.2340952,-0.07788781,0.34849405,-0.6144231,0.5177603,0.21290222,0.9445476,0.117040835,-2.2752914,0.11678944,-0.84217596,-0.12044369,-0.33332804,-0.9276282,-1.5252705,-1.5107225,0.9977899,-1.3202455,-0.34967434,0.22105296,-0.30706412,0.2889729,-1.7332523,0.81289184,-1.0718532,-1.1950884,1.5701988,0.077992156,-0.95383126,0.7773182,0.6327523,0.96783334,0.022218455,-0.09102024,-0.09137637,-0.1497425,-1.4165025,0.33887345,1.0012181,0.3375407,1.3887261,0.667244,-1.686706,1.6625556,0.60055846,0.88202554,-0.46121198,-0.13505547,0.62594146,1.9010557,-0.90353775,-0.34103826,-0.7296993,1.3618361,-0.7679129,0.085581735,-0.69456184,0.08732282,-0.71437526,0.670628,-1.5297736,-1.4831705,0.8449541,-2.1262448,1.2198131,1.0429907,-0.21023424,-0.92902684,-0.3687175,-0.13777167,0.24472477,-1.5397841,0.55126333,-0.8806377,0.10624956,1.221213,0.17075582,0.96147454,1.6213471,1.0572914,-1.07244,0.567072,0.26347134,-0.12916152,0.04742883,-0.71241283,-2.0192564,-2.5122855,0.9984919,1.0266807,-1.1415772,3.0421233,0.2875385,0.9458729,-0.3660508,-1.3690056,0.24577439,0.49036682,-0.66207457,-0.35148287,0.11694908,-0.083612554,-0.34439936,0.87787473,0.6391661,-1.0888177,0.7232451,0.12156953,0.27898142,-0.17643377,0.30193093,0.4269928,-0.18085772,-1.7675693,-1.100007,-2.3072023,0.19148709,-0.4912084,-0.1779629
10,0.0046901912,0.7270998,-0.26037422,-1.0484697,-0.741533,-0.51370794,1.4913372,0.36010915,0.99305224,0.206797,-0.17082651,1.8319356,0.58696,0.5498719,-0.85757613,-0.9859333,1.3713317,-1.1142399,0.85947645,1.3035526,0.67393357,0.29698583,1.6176608,0.043897916,-1.4778335,0.15559717,0.84299666,-2.361539,0.7053539,-1.3840615,0.8430647,0.24816757,0.39510438,1.0037218,-0.88760775,0.5448454,-1.3139307,0.4716641,0.17147665,1.641738,0.1937925,1.513244,1.1015322,1.750824,0.66929376,-0.52762914,-1.2945304,0.9069542,-0.07263411,-0.1431786,-0.28734282,-0.60070854,-0.64715374,1.0244882,-1.5389669,1.0274955,-0.77044684,-2.1323884,-0.40484482,-0.1493863,0.92425925,0.24778393,0.3680622,0.47806966,0.09562198,0.07747211,0.06472317,0.08434168,-0.7185121,-1.0156589,1.7785529,0.33619457,0.15952466,-0.32136142,0.012624451,-0.38790193,-0.74246645,0.74808085,-0.5716936,0.26048222,-1.20488,0.065932475,-1.3787115,0.09381137,-0.01480298,-0.74311,1.3920044,-0.17126256,1.5281444,2.1300561,-0.11239988,-0.64961773,-0.035944086,-0.36194327,1.2814968,-1.1779704,-1.2289051,-0.012843919,-0.56032914,-0.107673556,-0.7683127,-0.8425446,0.86999047,-0.32497302,0.22725275,-0.41115266,-2.2644281,-1.7719365,0.23080474,0.50599813,-2.3050377,3.0307183,-0.3870108,1.1678438,1.028408,-1.7703494,0.77224267,0.58453894,0.10971293,-1.4169925,-0.2637495,1.4369626,0.6033881,-0.08167848,-0.6936023,0.44744873,1.116554,-0.16753058
100,1.7282771,0.41198835,0.27116397,-0.91376513,0.04153601,-2.5776906,-0.20203109,0.55520326,0.24066818,-1.9409568,0.85229576,0.1267682,-0.5152835,0.35954216,1.6450686,-1.1137812,1.0171826,0.60112375,0.36307728,0.09985682,-0.15633458,-0.1075188,-0.2214669,0.51124203,1.1705203,-0.9836777,0.1073479,0.39558,0.26719925,0.3082344,-0.460286,-0.8262143,2.7369988,-0.74193597,0.91136885,0.28053027,-1.2688146,-1.2243118,-0.94877845,-1.5661004,-1.2368492,-0.45298636,-1.0767365,1.1011139,0.9490186,0.9007599,1.2268844,-0.5740877,0.1546564,-0.79399985,-0.19166358,-1.2977542,0.48089385,-0.15993907,-0.21777584,1.1957903,0.4343115,-0.16286974,0.8490815,0.1304228,1.3102558,0.583044,0.9334734,-0.67629176,-0.4688053,-0.3986984,0.83202094,1.6537188,0.22719136,0.5004533,-0.85042214,0.16007064,1.1711935,-0.0898989,0.4861159,0.49187195,0.70851934,0.68725485,-0.2574618,-0.33111918,-0.13489807,2.017937,0.9639745,0.7692603,0.50976527,0.39463398,1.360166,0.1391831,-1.6119736,3.1068509,-1.1114755,0.14162284,-1.2503009,0.47811595,-0.8950559,1.4695356,-0.6834535,0.53533095,0.43288383,0.92133665,1.1448804,1.3906895,0.3144482,1.1570493,-0.3358117,1.0944949,-2.1272223,-0.30287004,-1.2745337,1.9433905,-0.22811332,-0.87270045,1.4594083,-0.0488896,-0.1301616,0.36378384,0.8506401,0.9604089,1.3576438,-1.113763,-0.23172309,-1.425683,-2.1033292,-0.061376195,-0.29621342,-0.8507245,-0.8133674,-0.24148598
101,1.3719473,-0.9519432,-0.4293638,0.18844129,-0.62320393,0.32656646,-0.009368,-1.2328172,-0.7373963,-0.7672898,-0.58848387,-1.2158278,0.37580773,-0.7329951,1.438614,0.21437764,0.8932893,-0.95946443,0.9517289,1.3600615,-0.4753629,0.72949666,-0.28901613,1.379948,-0.15480694,-0.9659112,0.8118028,1.6994535,-0.37339878,0.5825441,0.651384,1.5093758,1.3551935,-0.78968894,-0.40170684,-0.2332891,0.37881166,0.66029465,-2.2338083,-0.035300378,0.6250742,-0.3581437,0.15997656,-1.5901932,-0.07521906,-0.29129532,0.5854434,-1.1502006,-0.03817649,-0.38462257,-0.7896264,-0.038580902,-0.43843576,-0.4801023,-0.48256785,-1.1713572,0.32639402,-1.4530779,1.3358479,-0.3215149,0.49304134,0.6405906,0.35787898,-0.36983788,-0.3340777,-0.3324045,-0.27582693,0.99705654,1.0821618,0.36837894,1.1867197,0.9086208,0.601736,0.1742794,-0.23069991,-0.8494139,0.31119433,0.47821775,0.80086124,0.5512629,0.8170072,-1.2074442,-1.024331,-1.0053372,0.98652864,-1.1214877,-0.1747603,0.09369657,0.114026956,-0.0997308,-0.8435502,-0.61468095,-0.06485634,0.031082833,0.24451219,1.990244,-0.98533446,0.5633404,0.18311833,1.0210829,1.2153893,0.8437709,-0.054573216,-0.41911715,-0.40085545,0.865607,-0.33527717,0.40854996,0.5143129,1.0564538,1.0488533,-0.3344299,0.94939554,1.0382072,1.5986263,0.47454917,0.7698568,-0.90214354,-0.34003204,-1.0130519,1.3429333,-0.28422415,0.2328569,0.6043441,1.5976709,1.2940197,-1.3937304,-0.87294024
102,0.3956365,2.0485504,-1.8101099,1.1772822,0.1634218,-0.44141257,-0.655144,0.6167633,0.17898966,-1.2240373,1.7492245,0.87957734,-0.36598974,-1.7179182,-0.94781375,-1.370105,-1.0921388,0.0015687299,0.49583614,-1.4880719,-0.052326582,0.010501121,0.6309068,-0.47204706,-0.32090363,-0.43006933,-0.7668739,-1.1027212,-1.0496457,0.8457223,-0.10245924,-0.1807303,0.25380135,-0.6690072,0.062584735,0.122455865,-0.83187383,-0.79932696,-0.19977202,0.43994775,0.8871742,-1.1179302,-0.61293674,-1.0629646,1.3723264,1.0739005,-0.35486886,-1.0664557,0.49008864,0.86233246,-1.0893158,-0.4680969,-0.32770768,-0.44173956,0.47128072,0.77752346,-0.45147276,-1.1696559,0.53309387,0.76606226,0.07214804,0.77290136,1.9095505,0.17186683,-0.88979185,0.014485173,-0.1896272,-0.8075253,-0.2548849,-0.21677634,0.32436565,1.4984221,0.007772896,-0.7757908,-0.021357076,0.62209225,-1.2759962,2.9905713,-0.7884591,0.5838867,-0.426084,0.052902598,0.4961787,0.06339485,0.21849537,-0.93852854,0.5061686,-0.22585362,0.8511539,2.7131646,0.41494292,0.3158609,-0.2088571,-2.4975293,-0.7817743,0.004654827,-1.3126634,-0.81145334,-0.38335323,0.22358537,0.0075240964,-0.5021385,-1.1496248,2.0237143,0.13225748,0.27961212,0.08580244,-0.56834936,-0.03212895,1.1255502,0.91766596,0.025538342,0.19370213,0.74549705,-0.13480955,0.56206536,1.234716,1.265001,-2.4403148,0.2899483,-0.26782018,0.47662896,1.3352292,-0.0494547,0.31107348,0.89482105,0.40833247,-0.3747196
103,-0.6985151,0.6438443,-1.0264783,-1.2146682,0.19090751,0.9056396,-0.008965798,-0.5937705,1.280811,1.609255,-1.2417756,0.05017125,-0.9377511,0.81119454,-0.23147789,1.9367981,0.6871821,1.7085127,0.61886877,-0.57860845,0.11743765,-2.64537,-0.10281716,-0.18216683,-1.0269037,1.7816237,0.27901387,-0.5981525,-0.5364908,-1.169455,0.16683988,-1.1527314,-0.113413505,-0.57774824,0.57807845,-0.30770952,0.096504405,0.8241695,-0.74536103,-0.06439401,-0.6085376,0.80767214,0.303367,-2.7941844,-2.1070328,0.20693578,-1.1931008,0.9243224,1.5606772,0.7791029,-0.89851063,0.94275755,1.7483709,-0.5096318,0.16611382,-0.35730433,-0.40640274,-0.5836284,-1.9460458,1.8353604,-1.9577955,-1.21941,0.0495933,-0.5699579,2.8198042,-0.6651722,1.2050217,1.3887765,-0.37847984,1.1824206,1.6284941,-3.0469174,0.73886347,-0.037744563,-1.4578769,-0.5485628,0.9475986,-1.5136976,-2.1720731,1.0025026,-0.84763366,-1.0103699,-0.590867,0.66236335,-0.52014875,-0.34730738,0.43257412,0.54470587,-1.1202866,0.657325,0.21087407,-0.33692154,-0.17688334,0.019877365,0.042121444,-1.2841593,-1.2985277,-0.20593452,-0.2863027,-1.683352,-0.5475459,0.28508052,0.77664393,-1.8206606,-0.7055201,1.2870659,-0.1099488,-0.7909331,0.9892613,-1.0761697,-0.38925764,0.09279854,-0.818905,-0.3401778,0.36212552,1.482111,1.6149659,-0.35635644,-0.9971202,0.28802213,0.083037525,0.51554245,0.029572248,0.8927823,-1.2806867,0.9608471,0.41535562,1.2217569
104,-1.1165168,-0.605299,0.30338356,-0.32141984,-0.84154195,-0.1584518,-0.23094568,0.85431087,0.4506627,0.7028235,-1.4211453,-0.31679514,-1.0923082,-0.0348739,-0.038396984,0.17836225,-0.4897787,1.2319553,1.1717408,-1.7465601,2.0903182,-0.031323098,0.79903966,0.84664243,0.5884827,-0.6331944,0.30123636,-0.6301794,0.05908644,0.5718856,-0.4427054,0.6799439,-1.4575173,0.52668554,1.2661055,-0.25615305,-0.728394,-0.3812433,-0.4567951,0.03602445,-0.36956754,-0.46543387,0.5607905,1.1215645,-0.9889612,-1.0783372,-0.6168545,0.30943272,1.2338871,-0.6477405,0.09844018,-0.25164118,-0.14125967,-1.14781,2.020421,2.3891885,-0.18164101,0.3843027,-0.83489054,-0.34216318,0.39181948,1.1446862,0.25549257,-1.2638518,-0.91256166,1.4625738,-0.4517194,-0.6248229,-0.45881373,0.16638872,0.35224012,1.4701042,0.7000533,-1.411488,-0.60017526,1.8620166,1.4184703,1.3394485,-1.0626454,-1.8608903,-0.6229445,0.02490431,-1.3021541,0.6349585,-0.1639829,-0.9332771,0.60178065,1.2479752,-0.27163738,0.5294268,0.40276933,0.72438765,-0.34304643,-1.4478768,-1.301743,1.3194358,-0.679575,-0.46876794,0.5706068,0.47087204,0.6688914,-1.8638514,-0.21763217,0.3634412,-1.2067664,-0.44551602,-0.65406793,-0.04822529,-0.02011492,0.53903145,0.46308523,-1.2276882,0.13638626,0.5598102,1.7117811,0.6540795,0.7827454,-0.74753386,0.11825139,1.2762246,0.00088032894,-1.0735121,-1.1520894,1.1990404,0.2466993,1.046401,0.9608015,0.655872
105,-2.159931,-1.1841292,2.1441205,-0.23599543,0.74534756,-0.016091296,0.61126184,-0.44677082,-0.59419113,-2.0816464,0.07929257,-1.0517129,-0.92578495,0.69044405,-0.71555185,-2.3379908,-0.0018415002,0.12840982,0.74680364,-0.06802279,0.16395992,-1.348214,0.052448403,0.65841776,0.7113585,-0.36664557,-0.7637532,-0.17107657,-0.22447205,1.4297472,-0.969718,-0.73077965,-0.7006971,0.53020847,-1.3411405,1.3253922,-1.611034,-0.30353352,-0.3914183,0.35155344,-1.2189759,-1.7498995,0.9302753,-0.26940838,0.7713427,2.0657606,0.3513074,0.7869063,-0.29334387,0.16445743,2.75569,0.07485828,-1.9617535,-0.76886094,-1.32995,-0.532906,-1.2831646,-0.30569515,0.10759259,0.2083962,-0.8835787,-0.25858423,-0.4664794,-0.7997859,-0.49367034,2.5823486,0.0334589,-0.36473867,-0.7389608,0.09134122,0.9095759,-0.13326322,0.57558995,0.3199267,-1.2246683,-0.672293,-1.287984,0.063084796,-0.14676903,1.4326463,-0.1832768,-2.8819327,0.95551527,0.30404413,0.05277484,0.7282979,-1.735227,-1.8829917,-0.72852635,-1.3166348,-0.44589078,-0.5089152,-0.6700206,0.25111896,-0.93393093,1.3015964,-0.13472827,-0.6845837,-0.4140547,0.7329494,-0.16435112,1.1949844,-1.6782805,2.096265,0.054171328,0.038067367,2.2626562,-1.2955159,-2.4301803,-1.7553335,0.39454123,0.39136449,1.2058661,-1.3769943,-0.36996242,-0.30222622,1.3997281,-0.5506577,-1.4605448,0.25791368,-0.87296224,-0.4913487,0.44317222,-2.1030235,-0.19820647,-2.0588777,0.2777471,-0.63650614
106,0.18812434,2.2778695,-0.84793437,0.7251742,-1.8593104,-1.2447468,-0.44851398,-0.8564876,-0.3558025,0.5860505,0.24247392,0.80820936,1.1034104,0.5035942,0.7388135,1.3753172,-0.40737122,0.68466926,-0.2549001,1.1501164,0.19063166,0.4575996,-0.27057436,-0.9181291,1.4072539,1.2999973,-0.34568742,0.08112362,-0.2948324,-0.12087212,-1.6242938,-1.3150448,0.93884283,0.27245829,-0.05972376,1.6124761,-0.9926374,-0.06609988,-0.9331108,0.12573653,-0.9870916,0.4159007,0.98089725,0.16955438,1.3682286,1.3120208,-0.52685,0.17429675,-0.83828694,0.60745096,0.820921,1.0680254,0.69533217,0.47340867,0.8892897,-0.9116245,-2.150015,1.0770391,1.5262442,1.3722178,0.6071316,-0.29448408,-0.2293678,0.16405326,0.43237934,-0.32103366,-0.8811588,0.53838545,1.684987,-0.58390707,0.7520668,0.26411307,-0.062190596,-0.66154075,0.61009216,-1.0825719,1.0772527,-0.7151356,-0.7884234,1.0450386,0.44934633,-0.94563186,0.31545848,1.1068265,-0.7012597,1.0996153,0.93543786,-0.5798801,1.3224492,-1.0739828,-0.2619399,0.26891226,1.5567622,0.17445017,0.026828965,0.82506853,-0.22459295,-1.2393845,0.23483422,-1.265354,-0.43400824,-0.68727326,0.09018514,0.14518298,0.64199466,-0.5683452,1.471039,1.328265,-0.5935046,-0.31989115,-0.59048426,-0.45064336,-1.0368226,0.37007514,0.0753916,0.1427487,-0.9508545,0.7388453,1.38051,0.08404465,0.7527777,-0.7502782,1.4788666,0.07267355,0.4116625,-0.082283296,-0.22089413,0.2616082
107,0.69016296,-0.6755001,0.82465434,0.71335083,0.105697796,-0.3947494,0.48754764,0.03170731,0.07517775,-0.8446105,0.4782098,-0.6899503,0.014408022,-0.05023898,-1.0029016,0.027667476,-0.13807534,1.1289461,0.2901768,1.3824624,-1.4165272,-0.39709437,1.4999449,0.38466802,-0.40381634,-1.134761,1.1508259,-0.61478055,0.80809903,-1.0951846,0.5703298,1.847922,-0.6760421,1.0208609,0.78031886,0.091394044,1.2211299,-1.2366859,1.3376867,0.7383103,-0.15232627,-1.0569048,0.80414224,-0.38378146,2.2954683,-0.561471,1.9082626,1.0117664,2.0350835,-0.18978348,-0.7704202,0.6208954,-1.8180348,-0.035307016,-0.89178073,-0.70434874,0.1368249,0.6135631,0.8413064,1.6526008,-2.0848436,0.1989149,0.19583006,0.3271934,-0.5257156,0.6999196,0.7063178,0.9551346,-0.24183086,0.83344203,-0.7353279,0.941021,0.067591704,-0.30420187,-0.81435716,1.1962698,1.1157893,1.0206323,0.63982415,0.12096522,-0.4474279,-0.6841868,-0.07154597,-0.5943733,-0.45579958,-1.737964,-1.183284,-0.29225847,-1.460391,0.3084935,-0.66649455,1.0953254,0.021707296,0.39916968,-2.081055,-0.38782066,0.85458463,-0.32981682,-0.10159681,0.24751736,0.14191075,0.17245047,-1.4092343,-1.100558,1.1327077,1.1398258,-0.4249542,0.53654367,0.5791794,0.28266242,-1.462964,-0.06888239,-0.27604017,-0.29513362,-0.13351649,-0.54032224,-1.1919533,-1.0487608,0.28656664,0.9491544,-0.5371459,0.5972043,-0.008717555,0.7230715,-0.78345877,-0.54342735,0.24251427,-0.28674018
108,-0.2774306,-0.16058135,-0.24708155,-0.5658813,1.4291557,1.1482483,0.71806234,0.727927,-0.4750209,-1.0284041,-0.67670465,-0.024192657,1.1407094,0.3162001,-0.22787234,-1.1636684,-0.061911795,-1.1709135,-0.29506218,1.2823739,-1.6287849,-0.2776793,1.0522947,-0.53106,0.4315621,-0.82675594,-0.37658286,-0.8339942,-0.25475076,-1.158341,0.86400896,0.42536455,-0.3326512,-0.9386716,-1.2795461,-0.44529828,0.49085394,0.6331117,1.0349813,0.32327726,-1.3392324,-0.17212766,-1.3716592,-0.11287083,0.46669626,1.1623458,0.45541713,-0.033651732,0.5974051,0.29122883,-0.24186644,0.4548768,-2.2508311,0.47349602,0.2740657,0.3978866,0.7442276,-1.7875214,-0.7507335,-0.85602444,0.54442054,0.36171883,-0.32061192,1.0297506,1.9081419,0.15263261,-0.042327713,0.37059313,0.44327348,-1.0434809,-0.6442808,-0.45588368,-0.4812466,-0.57657695,-1.1082996,-0.38395932,0.59731436,-1.341496,0.61366856,-0.26075688,0.86637264,-0.4661285,1.4642057,0.76955307,-1.0379431,0.8248241,0.13358305,0.23281267,0.671159,-0.43832713,2.0722795,0.6778469,-0.9749359,0.36128885,0.27256006,0.3462933,-0.88719094,1.1192594,-0.9272438,0.3915181,-0.96183056,0.37059796,0.6591885,-0.2229646,-0.8331114,1.6429329,0.8415225,0.14269911,-1.4491956,-2.0167792,-0.15706573,1.657618,-0.54846084,-0.89265925,-0.6019558,-0.8036657,0.11328762,0.35848066,0.5100887,-0.72248846,0.5375114,1.1982788,-0.32841882,0.34682643,0.6870745,-0.58336556,-0.33625937,0.3134408
109,-0.83762383,0.019719815,0.25238806,0.16148403,-0.58598864,-0.9342883,-0.9936103,-0.21339864,-0.49469018,0.036595058,-0.36084294,1.3025234,0.4021918,0.61613196,-0.015921395,-0.93896407,0.43340555,0.8912982,0.1433074,0.6538053,0.0073108943,0.59917754,-0.10642522,0.3330732,0.55671936,-0.6948441,0.13065943,-0.43449348,0.102460325,-1.0144335,0.21731675,0.71540475,-0.7234534,-0.25736564,-0.4225149,-1.5866073,-0.6499685,-0.9526741,2.6723237,-0.6645299,1.6916797,-0.58136547,0.57848376,-0.05895002,1.0250365,0.7335318,-1.8601373,0.32207847,1.3615464,1.3416095,1.860556,0.46526787,-0.63845295,0.53990465,0.80029666,-0.04436872,-0.10037669,-0.97964996,0.37197798,1.307601,1.4890169,0.3262062,0.89978796,0.763791,1.3910965,-0.05852251,-0.17190099,-0.16589478,0.49849436,-1.0343237,-0.9849976,-0.92699736,-0.45294642,0.6162731,0.5668066,-0.38774294,-0.3211266,-1.1437303,0.12131381,-0.8267341,-0.17182976,-0.4038916,-0.91778916,0.21821654,0.49684083,0.36193284,-0.24213378,-0.62227273,0.06296994,0.16158742,0.01691439,-0.38550368,0.590847,-0.3113255,-1.2814599,0.82370055,1.318311,-1.037288,-0.10880726,-1.7801098,-0.23402117,1.7127476,-0.82272065,0.23440532,-0.91865116,-0.2162409,-0.88534045,1.7059771,-1.2998722,0.7854302,0.17129697,0.16314173,0.12695813,1.344397,0.90425307,1.2829766,-0.12195671,-0.9837202,-0.8949794,0.5455669,0.73196054,1.5521781,-1.4069843,0.3172532,3.0656438,-0.44863108,-0.43894786,1.7463424
11,0.58019495,-0.33338988,0.91602474,-2.4336724,1.633148,-1.0289551,0.6396179,0.64418226,-0.8537521,2.572288,-0.00034190994,0.08806585,-1.48136,0.62412804,0.11138076,-0.6479942,2.2151146,0.658904,0.6419963,-0.050626606,-1.219428,1.167377,-1.4869306,0.7857045,-1.4963901,1.0487647,-0.012875796,0.83716214,-0.58057857,-0.088453084,0.9683441,-0.47580197,0.942886,0.61507523,1.119499,-0.4623082,1.3106498,0.39843765,-1.116077,-1.1909343,1.3411552,1.1054976,0.7065715,1.0647887,0.6930388,-0.37185377,0.78222823,-0.13464625,-0.11303571,0.18208022,0.47164375,-0.38583893,1.3311986,-0.11732039,-0.3360965,-0.69202435,0.89757174,1.7087723,0.7417015,1.5351754,-1.2135384,0.09552904,-2.1578555,1.8305601,1.183517,0.106159106,0.38820216,0.3148364,0.45197937,0.42104754,1.1586812,1.8930928,-1.1049607,-1.3116274,2.8883839,-0.44081965,1.251616,-0.5739999,0.2616009,0.4728694,-1.8640916,1.6267503,0.89341164,1.4170969,-1.222737,-1.3821611,-0.2368525,-0.84671897,-0.70745516,-0.4177217,-0.6690723,-2.6117504,2.7788846,1.5063397,0.5114186,-1.1910907,-0.6668094,0.40386623,0.045998752,-0.5977221,0.7206946,-2.1329386,-0.8194991,0.2433513,-2.0687234,1.4652619,-1.772296,0.12409269,-1.487368,0.01637192,-0.10673839,0.3423447,2.0089757,0.8484023,2.2676506,-0.36218905,0.0017006843,0.2811657,-0.6726983,0.76020926,2.1860185,-1.0549104,0.9705156,2.4729779,0.29822284,-0.1932535,-0.62442464,-1.4815086
110,0.12841883,0.2695047,-0.403799,-0.22791281,-1.113487,1.1342701,-0.41967663,-0.19735298,1.4830563,1.1212581,-0.8289043,2.3018699,-0.40224358,-0.036715467,0.71479,-0.014076522,1.0750868,1.65809,0.86118656,1.1728373,-0.58779365,-0.46244806,-1.2708682,0.09897169,0.13619591,-0.61249584,1.2510109,0.09107443,1.4400003,-0.903501,0.03891192,-0.4860387,-1.3391551,0.70732707,0.47473052,1.4320469,-1.5533905,0.2655154,-0.42391986,0.3874805,0.032521397,-1.5702251,-0.30427432,-0.20666082,-1.2096987,-1.0085797,-0.8380412,0.7291912,-1.405429,-0.83674216,1.6906592,0.6782606,-1.5159395,0.27989203,0.70604503,-0.048190117,-0.3825813,1.2441174,-0.389953,0.24922112,1.0722499,1.5518407,0.58427525,-0.7636706,0.024301676,-1.1483691,0.7100242,0.50500655,0.86670566,1.4517633,0.8103007,0.26921558,0.49982834,-1.3318906,0.5447229,-0.7806067,-0.6699698,-0.058949474,0.027627274,1.1370685,0.64765227,0.63585645,-1.0394051,0.29194427,-0.26712048,-0.040890872,0.22940633,-1.5155982,0.38850263,-1.1655947,-0.3486089,-0.3690558,-0.54646564,-1.8057984,0.0076379506,0.91803414,0.46662655,-0.0068798335,1.2278122,-0.66381925,0.4019841,-0.3253526,0.7227114,0.75110567,0.6985343,0.45160663,0.12345864,0.011374794,0.35278046,0.39566112,0.12976158,0.73355216,-0.6851794,1.1646997,0.27402815,-0.84605557,-0.923513,0.24529207,0.23616503,1.2304522,-0.7641368,0.31169796,0.35061705,-1.9069859,-0.45953095,-0.7548789,-2.0638015,0.8922313
111,1.4433814,-0.09361497,-0.18056059,-0.99423873,0.9786396,-0.12502374,-1.3115687,-0.29463226,0.096510135,-0.121018454,-0.1441945,0.34826446,0.13142368,0.6135747,-1.1226639,2.1697958,-0.44748682,-0.6190658,2.0638003,-1.7891924,0.574927,-0.6274959,-0.03811759,-0.8750649,0.38220346,-0.5297185,-1.4870425,1.2709346,-0.14947891,0.72428834,-2.6563485,0.3867555,-1.36172,1.026562,-1.3217456,-1.5134999,0.6306483,-0.56440467,-0.11534511,-0.3958782,0.87697494,0.8579515,-0.9926103,-0.39203247,-0.529961,0.024386907,-0.22569312,-0.39767388,0.5269581,-0.8386122,-0.29016247,0.29822865,-1.2555882,-0.029328652,-0.0059356824,0.44427025,-1.096918,0.48844722,-0.021222541,-0.36854598,-0.5900952,-0.9857258,1.4778943,0.8149137,2.330675,-1.457505,1.1280559,-0.4440306,0.050122075,1.3305426,0.30439273,-1.3939008,0.16764219,1.1110327,0.21020164,1.1878605,0.17440228,-0.44949454,0.24137498,-1.0592859,-0.6558889,-0.28431845,-0.22240159,1.1474935,1.7744815,-0.09277392,0.1835768,0.31897458,-1.4139807,-1.2581248,-0.049178507,-2.3400307,0.0391422,-0.55634457,-0.7049356,-0.89471704,1.1987463,-1.3756465,0.51763326,-1.7879375,-0.78487694,-0.72756326,0.4139111,0.1516608,0.7374138,0.2863117,-2.5579646,-0.7973583,1.7507048,0.3182018,0.30456415,0.6115298,1.6384876,-0.5938,0.72733825,2.1169994,1.3298346,-1.197311,0.32273877,-0.5432029,0.31950334,-0.011620191,0.91224307,-0.536423,0.9186601,-1.8438532,0.47879907,-0.8103996
112,-0.22368468,0.96140486,0.67680264,-0.042568866,-1.0077782,-0.8329835,0.5691633,-0.71955854,1.2817899,-0.7610742,0.056551013,1.9440436,-0.23544405,-0.49169907,-0.2808721,-0.22695136,-1.2350923,0.31520188,0.574375,-0.20980129,0.05252498,1.0516639,-0.65604174,0.7553701,0.37047085,-0.76436394,-1.1375943,-0.027287476,-0.010614708,-0.13364252,-0.64480036,-0.13911021,-0.60272616,-0.31653792,-0.8323818,-0.6192953,-0.667684,0.008353292,0.10699034,-0.30300304,-0.10545771,-0.12618527,0.16979885,-1.2141957,-0.12469918,0.72851497,2.7305536,0.31935853,-0.017451901,1.9914012,0.44083318,0.6186104,0.53992695,-1.7651925,1.0956458,-0.7002671,0.010340676,-0.27320608,-2.190549,-0.081078075,-0.64600605,0.4546624,-1.0517448,0.31528398,-0.9812056,-0.70495826,-0.79064924,-0.61791724,-1.0504777,0.20840502,0.82391953,-0.06471642,0.15757598,0.24743748,-2.1018305,-0.06343045,-0.8097816,0.19240505,1.044165,-0.32158017,-0.19024096,-0.5241348,-0.781675,-0.13996306,-1.1692727,-1.485683,-0.66600937,0.07170446,0.48999545,-0.41240218,0.56827253,-0.37890032,-0.20668834,-0.67583704,1.8601696,-0.3086419,-0.76024085,-1.2492069,-1.3067204,0.11920443,-0.1984823,0.52710795,-0.1421727,-0.33352172,-0.21647292,-0.52632785,-0.937317,0.25362736,0.22801411,-0.6875168,-2.0567632,0.080918446,-0.054718517,-1.3848442,-0.6235948,-0.9974081,2.319307,-0.29753107,1.4597309,-0.56730247,-0.3254425,0.011735177,-0.547252,-1.9473923,0.24482295,0.879717,-0.17448547,-0.12490719
113,2.2955275,0.20233575,-1.4219826,1.3529955,0.13845839,-0.016643545,-0.32794666,-0.104945615,-0.92043895,-1.4119784,-0.42905563,0.44390342,-0.43186077,-0.35656092,0.44027367,-1.4259952,-0.03969944,1.183268,-0.5022412,-0.16882204,1.2209086,-1.4733677,-0.51820576,1.4621737,-0.4544763,0.20492817,0.42384142,-0.111677624,0.48155558,0.3643753,-1.3904794,2.4092853,2.1422088,0.040716983,0.47861114,-0.8732467,-0.8300377,1.3113905,-0.18994,0.7007766,-0.9804603,0.15213862,-0.52109045,-0.5654941,0.9166917,-0.7972189,-1.3002082,0.6096168,-1.3547353,-1.9517128,-0.44229198,0.6487134,0.19151312,-0.6660084,-1.3533396,-1.9899784,-1.4902892,1.4963869,0.2719093,0.8010393,-0.4489812,1.781802,-0.68647456,-0.19175196,1.6113483,0.5526091,0.66022915,0.9951298,-0.8341637,-0.7237161,-0.554128,-0.40528896,-0.21876425,0.37610936,-0.71120185,1.56163,0.045103837,-0.7911921,-0.9555775,-0.21531832,-0.057879105,1.2945514,-0.16579936,1.1824626,1.7446909,0.6389278,-0.09327325,0.26714605,-0.8394556,0.5635545,-0.30256182,-1.6068054,0.9045369,-0.6024699,-0.22404112,0.74392897,-1.7442075,-0.77213,-0.2028378,-0.72058684,-1.0921113,1.5228976,0.27866602,0.011425556,0.36213198,-0.8195365,-2.2714288,0.005033773,-1.6782846,0.29155138,0.042320296,2.1232927,-0.6888909,-0.2939821,-0.43248665,-0.9104113,-0.60660344,-0.47922134,1.0389962,-0.33952054,-0.29994348,0.118265375,-1.617193,0.8647072,-0.871388,1.1270921,-0.68596625,-0.27900055
114,0.9724735,-1.4458696,0.15753804,1.3139199,1.4074153,-1.566915,1.4197714,-0.40674645,-0.64108014,-1.074166,0.48230863,0.051307224,-1.5166874,0.96557957,-0.3267965,-0.2798152,1.0244621,0.45965654,0.09603217,-1.2953022,-1.3902915,0.29490462,0.6317337,0.83489126,-2.1905444,0.059377927,0.38678366,-0.06844822,-0.20308612,0.23065452,-0.6705277,1.3777322,1.5995594,0.3504832,-0.023833565,0.80035365,0.48849067,-1.6827724,0.5155005,0.5114718,-1.1498407,0.5115494,-0.012503771,-1.1537865,-0.47131273,-0.70313454,-0.2853297,-1.1493974,1.4233099,-1.3741406,1.1227424,0.52884686,-0.19225189,-0.3592605,-0.054650113,1.6306511,-1.5282116,-0.6793989,-2.3022687,-0.5691277,-1.2021244,0.9555215,-1.0618733,-0.8587554,-1.2445546,0.5509055,-1.7524132,0.15044142,0.3079197,-0.11960678,1.3266659,-1.3273693,1.2854564,-1.6438563,0.9092101,-0.27819473,-0.9489435,0.12810479,0.82358295,-0.07629157,-0.603297,0.023054073,1.4345633,1.2215991,1.1654537,0.04416861,-0.25089505,-0.4069862,0.039358944,0.77920955,0.544198,0.16649884,0.19557193,1.1013607,-0.3680546,0.9483165,0.15223639,-1.314508,0.16076079,-1.20043,0.75300443,-2.0138772,0.7691501,0.2201688,1.7966706,-0.783361,0.82922024,-0.43253115,0.10048469,1.2062529,1.4472698,1.4329915,-0.36906892,-1.2247453,-0.24775119,-1.7814851,-0.7750351,-0.6125464,0.31684688,-0.63782007,-0.53161496,0.8325387,-0.6054645,-1.3708144,-1.4998908,1.8414779,-1.101205,0.6940858
115,-1.8461634,-0.8340025,-0.5464836,-0.24913676,0.3988369,0.34706476,-0.91555697,-0.939203,0.08722534,0.88488144,0.2600626,-1.061234,0.19069313,0.42818052,0.5401968,0.49733984,0.09231711,-0.56699777,-0.8794649,0.9671586,1.6023935,-0.97206765,-0.35353076,-1.100822,-0.4680793,-1.9915355,-0.67624646,-1.189318,-0.3428581,0.7729142,0.67426616,-0.10349621,0.802563,-0.58076835,-1.0127072,-0.9255829,-0.2975204,-0.36963484,0.57613015,1.1358899,-1.0541725,-0.79610574,0.32980493,-0.5461303,-1.3243046,-0.33437282,1.1028448,1.0816653,-1.6742067,0.20509818,1.306867,-0.3974612,-1.9455812,1.5551668,-1.2632085,0.44498888,0.7563834,-0.5562698,-0.85160667,-0.42382008,0.63301027,-0.8219806,-0.69752055,0.30820075,1.5811603,-0.62379456,0.6645501,0.7793131,-1.0075567,-1.6526316,-0.58875865,0.37862325,-1.4009674,-0.17306654,0.36487517,0.9656827,-0.385546,-1.9973884,-0.5205746,-1.3874476,0.14993082,-0.6582524,0.5867595,1.7362858,0.8217325,1.0493006,-0.15358482,-0.09919474,-1.6542131,-0.05370743,1.5739523,0.39629942,-0.11187639,-0.47031528,-0.19578125,0.10882757,-0.63764644,0.7602466,1.1071908,0.37559253,1.5011636,-0.9651157,0.1822767,0.39610243,-0.66342443,-1.2454791,0.9944758,-1.9118464,0.743835,0.00076570205,0.22531208,0.63770205,-0.8165094,2.6176238,-1.9878279,-0.8803774,-1.1116571,-0.7815912,-0.19549152,0.5967551,-0.27246782,0.6019736,1.2066468,-0.4449619,-0.1833821,0.18420282,-0.2772304,0.059916314
116,0.7832827,-0.74139166,0.28308383,1.2697093,0.039520632,0.11629602,-0.5754192,0.15929677,-0.23767713,-0.21003966,-1.645034,1.0331295,2.1628275,-2.3763852,-0.7331007,1.2052717,1.0654445,-0.7937617,-1.197623,-0.66920125,1.5250608,-0.7711427,1.2024891,-0.13348044,-0.52164155,-0.14133249,0.30621508,-0.122390755,0.32836267,-0.6216729,-0.64281845,-0.2943022,-0.84241766,1.0749626,0.99834716,0.30403835,-1.162061,0.100957856,-1.044624,-0.43364275,0.4528984,-1.1070607,-1.295846,0.96748805,-1.0795249,1.4246114,-1.0829846,-0.35597923,-0.71466184,-0.47697255,-1.1189606,0.15299767,-0.12840897,0.9482844,-0.63253117,0.60481274,-0.6215872,1.9115344,-1.3471041,1.9093747,1.397423,1.0065451,0.839513,-0.8369649,1.069517,0.8086034,1.058121,0.74284554,-0.68867445,-0.52360255,1.2812657,-0.2364167,1.0132195,0.3325295,0.926668,1.6718458,0.20742866,0.6805755,-1.428429,0.119835556,-0.28926045,-0.1592349,0.009434618,0.0863989,0.40412906,1.296597,0.64902914,-0.7013824,0.771918,0.09943445,0.5948668,1.2496734,-0.3724407,-0.2946112,-0.07278842,0.33437988,0.86568767,-0.6313085,0.1523666,0.9982288,-0.26974717,0.03843376,2.017122,-1.7676189,-0.2319588,0.5471148,1.0024406,0.43954587,-0.66159654,1.2370001,0.6376258,-0.5937785,0.77996093,0.8648217,1.3491863,-0.9630581,-0.522136,-1.5628421,1.7887038,-0.504887,-0.56080705,0.19328065,-0.8936684,-0.017544078,1.6628958,0.1030004,-0.07509547,0.9579787
117,0.81308126,0.25498173,-0.6021163,-0.15358847,-1.5262995,-0.67106646,-1.5082505,0.5495958,1.8187821,1.1044072,0.3160316,0.28581384,1.2495687,-1.8092576,-0.5411819,-2.9403787,0.37574866,-1.7549978,-0.31113824,-1.4365485,0.369075,-0.24464521,-0.70711935,1.605353,0.571129,-0.19952664,1.1761924,-1.0732052,1.5712931,1.039758,2.4603634,0.6277194,1.9430695,0.37614256,0.4582667,1.0265177,-0.15337032,0.21953642,1.2361323,0.5074168,1.1312023,0.61035717,0.35681435,-0.78154546,-0.98010415,0.15746634,0.9333082,0.5221159,-1.214867,0.006745803,0.74042004,0.07408755,0.0943967,0.2985001,-0.09182444,-0.21896523,0.0013296596,-0.4338974,-0.35204664,-0.566718,0.033380907,-0.46411198,-0.79414725,1.3812821,0.6806505,-1.1898829,1.2362447,0.9190859,-0.5843606,-0.3763196,0.18619291,-1.6260464,-1.0129944,0.31300917,-0.031820826,0.14753944,0.18361534,-0.6985858,1.3880212,0.5638266,-0.041950434,-0.3749873,0.59639466,0.37082702,1.991843,1.5122076,-1.3345498,0.64527667,-0.935154,0.4342845,-0.48775733,-1.450272,0.09692149,-0.61501896,0.016117167,0.98601645,0.563899,1.9453706,-0.05956331,0.8528555,-0.744647,0.20259322,1.0426533,1.1011609,0.06601277,1.4312991,-0.16451293,-0.84357756,0.12690942,-0.11615936,-0.3672058,1.0285064,-0.038698204,-0.68899095,1.1688246,-1.6908244,-0.71328133,-0.46438318,-0.062300447,0.768111,-1.3399993,0.866822,0.38648406,0.6935995,0.7440034,1.0358062,2.0433488,-1.0203451
118,-0.24609068,0.1285419,0.24690205,-0.11251032,0.3855026,1.0862896,0.21007386,-0.42327705,-0.5079884,0.10345771,0.13148546,-0.18477143,-1.7178991,0.5389355,0.41009706,-0.37112632,-0.17856759,0.0005087527,-1.0075141,0.27371663,0.8183664,-1.8960826,-0.4895853,-1.3542475,0.053558066,-1.669838,1.1883591,1.4154052,1.9186329,-1.0255377,0.122285545,-0.09749491,-1.714684,-0.049211953,0.051864773,1.2879294,-0.2271013,-1.6315335,1.0593076,-0.42317596,-1.4223986,0.32848766,1.0877424,0.4917672,-0.9895717,0.9075059,1.742858,0.18079272,-0.94417024,-1.2999984,-1.8801382,-0.45624068,0.2779857,-1.5770427,-1.6581004,0.66456616,0.64023805,-0.8606404,-0.4751376,0.023902157,-1.1581912,2.3532813,0.843294,-1.3803259,-0.39466602,0.23718923,0.3518873,-0.5822038,0.44579852,0.96740115,-0.11908592,-0.37194902,-1.1687483,-0.047717255,-0.54164475,-1.6022981,-1.3395964,1.3291259,-0.52526385,0.49936602,0.54745513,1.0946709,0.11034856,1.2856418,0.8235148,-0.9565018,-0.21768956,-0.608689,0.705313,-1.2343336,-0.36593238,-0.7710199,-0.20064856,-1.698226,-0.23644118,-0.31561923,-0.6584922,-0.9954501,-0.033557765,0.2076659,-0.36382118,0.7746021,-0.5967432,-1.244584,-1.1218989,-0.5542946,0.7270581,1.6200632,0.5025513,1.82222,-1.6603848,-0.5826106,0.17383568,1.2394778,0.30620003,-1.1085937,-0.37028733,0.35396492,-0.13995308,-0.20728768,-0.8226151,-0.45023683,-2.5461564,0.27455795,0.45235106,-0.48371387,1.9930224,-0.20136312
119,0.35744238,-1.2580227,-0.80824226,0.033337105,0.87321544,-1.8509816,-0.9655979,-0.4753696,0.6596669,1.1810237,0.026731515,0.5485144,-0.9526253,-0.7065729,0.8547315,-0.21912159,0.16214319,0.78182226,0.28914422,-0.763769,-1.5409254,0.66529965,0.29960707,-1.3884088,-1.5370617,0.24525791,-0.1702609,0.50637287,0.1231041,-0.4360786,0.07889794,-1.3476089,0.6479499,-0.62524706,-0.601696,-0.5490127,0.646332,1.1469477,-1.3291394,0.61744577,0.21139257,-1.8794274,-2.0605683,0.4788002,0.26985756,-2.2916577,-0.25504526,0.049968984,0.74581856,1.0921183,-0.38930452,-0.7660846,0.24120058,1.4520252,0.3868211,-1.0607938,0.74081004,1.9786226,0.9170739,0.21005319,1.6695602,-0.17303649,2.216361,-0.04424642,1.1571075,0.59121877,1.080258,0.61123365,0.3924532,0.03690128,-0.9124116,0.2759486,0.94909537,1.0556424,-0.6809203,1.0838242,-0.29151857,-0.21615306,-0.6194716,0.4091087,-0.021071816,0.01971385,1.0526675,0.5179687,0.8140201,0.36756554,-0.38715154,-0.7986496,-0.19744197,-0.378666,1.225111,0.8621348,0.37051898,-0.761816,1.4819098,1.0570258,-1.42104,0.8193236,2.4474328,-1.2008134,-0.3245761,0.07861356,0.2503959,-1.0000582,-0.75598353,-0.14674065,0.5227198,-1.2690835,-0.5775675,-0.3265619,0.12816432,0.7086892,-0.4118871,0.01917783,-2.533215,0.06471568,-0.7561902,-1.1101581,0.1993444,-0.44001403,0.23678339,-1.0442626,-1.0135251,0.060635712,0.095331594,2.681495,0.71814674,-0.11702895
12,-1.3603438,1.6998773,-1.8767682,-1.1156559,-2.696189,2.263057,0.18133193,-0.99291813,0.36574614,-0.8096947,-0.16066451,-2.3914454,-0.15805164,0.11123799,-0.8376946,-0.18607578,0.6699411,1.1999754,-0.523812,0.9228917,0.4269648,0.15250579,1.1177074,0.75855863,-0.7421655,-3.2353652,-0.35661525,0.015700346,1.185601,1.1870989,-0.018476177,-0.9660457,1.2805809,1.2783396,1.1062971,0.026373912,0.34303042,-1.2428874,-0.036632415,-3.6726289,0.85408264,1.2330512,-0.9715162,1.7481277,0.5814786,1.215998,-0.03619907,1.1434884,1.4287267,1.0023353,-1.4258252,-0.5674831,1.9321282,1.3876797,0.59052074,0.9630401,0.07348757,0.44829202,0.9701329,0.43481043,-0.6526006,-1.0619156,-0.08164122,1.0271807,0.09710193,1.5053713,-2.4092772,1.104693,-0.012430224,-0.42854273,2.4368494,-0.18237527,-1.0034823,1.1644474,-1.5138061,-0.5566002,0.071987905,0.24480401,0.6489917,1.4256283,0.057174105,1.5514315,-0.043592684,-1.8744015,-0.4516094,-1.7482158,-1.3628234,-1.595819,-1.217621,-1.6781574,-0.25667515,1.8575397,1.8508046,2.1224043,-0.14821656,0.15492639,-1.5167052,-0.38771367,-0.3804853,-2.124113,0.69564354,-0.62202936,1.2838479,-0.8207858,-0.50266075,-0.48092517,-0.41216674,-0.96365803,0.71705186,1.3107147,-0.41522363,2.7500634,0.6458836,0.92990154,-0.5981894,-0.3686161,-1.6799192,0.23526384,1.1995595,-2.7730818,-0.072118774,-0.23838001,-1.6104727,0.50507975,-0.9447499,0.84766465,-1.9953986,1.3049551
120,-1.033522,-1.1713734,1.4131411,1.3104111,-1.5544912,0.1795267,0.81473106,0.2264512,0.58757484,-0.005288976,-0.5085178,-1.0051216,0.810631,0.765748,-0.5073942,-0.85431296,-0.2709867,1.0108714,0.022739502,-0.59485954,-0.33377257,-0.5977981,0.52664924,-0.9552449,-0.4100321,0.24340264,0.4863323,-0.36389193,-0.4875912,-0.07810034,0.013875291,0.121889204,1.1305356,-0.41721606,-0.3125627,-0.7518745,-0.77048594,-0.16038632,0.68836087,-0.6574285,1.0124286,0.019359102,0.4367265,0.97809803,0.5074403,-1.6291846,1.4700564,1.4776707,0.25999844,1.1500726,0.7891797,0.18518116,0.9486635,-0.025321387,-0.71999264,-1.0874286,-0.7117487,0.44920212,-1.0961106,-0.9915105,-1.3423436,-0.96355474,1.8280182,0.47347027,-1.0414175,0.54727656,0.056567807,-1.0662496,-0.12186323,-0.1581503,0.6627122,-0.50913393,-0.7028613,-0.8078178,0.07425267,0.38789135,-0.08399194,-0.12980218,-0.16595021,-0.31434745,-0.92594886,-0.77013487,1.2251297,0.19864224,0.2572561,-0.3013617,0.0801971,0.08401098,0.3752281,0.031269003,0.79946756,-1.1011609,1.4397143,-1.406612,-0.39692846,-1.4716893,0.4095946,0.15028238,0.745143,0.09351519,-0.2954504,1.519834,-1.7971987,1.3555743,-1.0262119,1.1537274,-1.949296,0.93709415,-0.71340865,-0.42549217,2.5087564,1.4754188,-0.8489817,-0.15626699,0.45691937,-1.5826379,-0.08084301,-0.3851351,0.42921478,0.12463728,-0.35813648,-0.8952467,1.3855647,-1.9011918,-0.80774045,0.4420163,0.36427307,-0.41481182
121,-0.23246738,-1.4591625,0.8556265,0.6973619,-0.04920444,1.4809322,-0.43778607,1.3738337,0.017965732,0.21946798,0.7238644,-0.53607476,-0.8654223,-0.7642707,0.48824978,0.003139418,0.52009195,0.62279534,-1.3607582,-1.2247027,1.223517,0.2507264,-0.022044573,-0.5168359,0.6321495,1.9476616,-0.24656014,1.2923124,-1.4650474,-0.016877549,-0.39574108,1.1423025,-0.034901828,-2.2576072,1.4557147,2.2380126,0.18436322,0.4440757,-0.6845,1.1686026,-1.0804313,-0.09415042,0.13168833,2.9333487,-0.1137396,0.06778598,-0.12253873,-1.584767,-0.8049254,-1.1032789,-0.40559527,-0.2488737,2.1696453,2.0518734,-0.37572348,-1.2599052,1.4004594,0.21132709,-0.14103873,-0.73756516,-0.38319483,-0.7892099,0.54059875,-0.3014569,-0.15273525,0.8296176,0.3249893,-0.88905734,0.68267274,-1.1053803,0.1634544,-0.65374845,0.30822337,0.8865366,-1.2739521,-0.5515131,2.4136658,-0.5989769,0.039338384,-0.7056096,-0.75259715,0.5366567,1.9336829,0.4359525,-0.8577386,0.31321448,0.5706564,-2.1869304,-0.38451433,0.49719512,-0.25674284,0.9912456,1.9819355,-0.72275597,1.2275156,-0.4240618,-0.21876793,1.7607543,0.044888116,-1.7657856,1.811691,0.05493067,-1.2890321,0.3436915,1.4966191,-0.36338136,-0.25766626,-1.6625873,-0.8934729,-0.27145278,-0.18451923,0.85990554,1.5320686,1.2354764,0.6641886,0.99345106,-0.25992548,0.23814656,-0.5159017,0.1015989,-1.1214359,-0.12594387,0.7813561,0.4611916,1.4725102,1.2391424,-1.1696236,-0.46583688
122,-0.59536225,-0.017259458,1.6002153,-0.24195836,-0.65884316,-1.3707893,0.7513785,0.32912028,1.3190982,1.2327417,-0.093163945,-0.085681036,0.48861352,-0.083002746,0.502481,0.46620318,-0.6855374,-0.77088743,0.3786296,-0.24245554,-0.75277305,-0.77495015,1.1322997,-0.14081363,-0.68807226,0.41509482,0.15542366,-0.41135812,-0.62914896,0.08695793,-0.2700059,0.5365017,1.6881284,-0.78016794,0.064561956,1.0258367,-0.36231405,-1.0417485,0.05675428,-0.08770078,0.1310987,-0.21640466,-0.7761437,-0.13432652,0.59781796,0.9170298,-0.006187413,0.8120508,0.417875,-0.11622253,-1.4082006,1.1268429,1.7858016,-0.50426024,-1.0034639,0.19275327,-0.6850231,-1.3069113,1.1935767,-0.7771883,1.8586303,0.40840152,-0.062084194,0.26454368,-0.49055102,0.88964516,2.2342825,-1.0578085,-0.2865254,-0.25352338,0.84910345,-1.013417,1.679721,-0.058516305,1.8610871,2.7277315,1.251496,0.73932475,-0.65401715,0.19103064,-0.272529,0.18344828,-0.53110605,1.379615,0.35192478,-0.5405338,0.21220832,0.31449857,-1.1679925,-0.0924486,-0.14160661,0.14256606,0.51589215,1.5192199,-0.38361678,0.048422974,-0.16285221,-0.18850932,-0.04684952,0.72924286,-0.33044514,0.07300528,-1.1830927,0.69255435,0.70221597,-0.15327287,0.41852027,-1.6842722,0.050997466,-0.8258873,-0.37143263,-0.6799221,0.0033763398,-0.41993332,0.5958164,0.34989458,-0.5753297,0.5846944,1.4784912,1.3510603,1.2616237,-0.74713343,-0.81814694,1.0427163,0.22735824,0.1488373,0.63405913,-0.99636877
123,0.6797358,-0.33443978,-0.86717397,0.06839941,0.41482472,-1.0461855,-0.6695776,0.25794035,1.3428015,-0.1927565,-0.44037855,0.10155994,1.417837,0.060288377,-1.3510411,-0.38316688,0.32307267,-0.5382738,-0.393424,-0.3806804,-0.9399713,-0.5211375,-1.1035234,0.7025295,-1.1550603,0.9653258,-0.016657865,1.4636157,0.10172948,-0.26004755,-0.081264414,0.99381095,0.7842977,0.87972045,-0.21531685,0.9885044,-0.39429548,-0.2607694,-0.5546739,1.1056672,-1.3571972,-1.6136622,0.41988477,0.5520047,1.615228,-0.029671395,2.2253468,0.8547993,0.19251966,-0.14732426,-1.2919424,-0.55339485,0.84680647,-0.43963,-0.18786088,-1.0282186,0.53297126,1.4054178,0.7462484,-0.01625163,0.4090935,0.69248635,0.9234396,-0.03873766,0.910651,1.1623683,-0.23628566,0.6052243,-1.0462618,0.23122385,0.8165056,-0.41542736,-1.0640081,0.202994,-1.6043637,-0.22676821,-0.60278827,-1.9928817,-0.6926417,-0.03197507,0.21760331,0.31967658,0.78218746,-0.53285897,-0.061733805,-1.6889024,-0.433182,-0.9601135,-1.4030045,-1.4600995,1.2690507,0.51950157,-0.7962198,-2.0304615,-2.6372344,-0.03897554,0.3814566,-1.7281917,0.2561445,-0.25412795,2.326295,-1.386967,1.5565636,0.88317955,-0.04248461,-0.0030682073,-0.14760585,-0.047173798,-1.2415494,1.0073416,-0.6581145,0.38064742,0.9843804,-0.75778186,-0.90888655,-1.2772675,-0.2580188,0.8573378,-0.99547577,0.9058638,-0.31986934,-0.1307195,-0.4766639,-1.0936949,0.37520397,0.13930048,1.4239358,0.52222645
124,0.29307753,0.423681,0.85907584,-0.6137952,0.26455635,0.65084857,1.2980332,1.0539382,1.8746847,1.3975096,-1.4047058,1.2947664,-0.6267917,-0.339908,-0.095481545,0.50066406,-1.1355389,0.27181053,0.57675225,-0.7526855,-0.555744,-0.039645337,0.47019467,1.0374166,0.121739104,-0.1493204,-1.3171682,-0.5835174,-0.10553707,1.3002816,0.38262382,-1.6888057,1.6137156,-0.22802317,0.38734728,1.1848726,1.4332019,0.54360735,0.7690308,0.3224493,0.6359795,-1.2160338,2.369202,-0.8291852,0.5796206,0.08039851,0.41254047,-0.25031456,0.25796556,0.38183182,-0.32307348,-0.65992683,0.18155763,1.4047203,-0.5312308,-0.8299267,-0.79228866,0.3625976,1.7186319,1.0902483,-0.0834927,-1.3281834,1.513012,-1.5829738,-0.70654714,2.0852008,1.8895129,0.83008176,-1.6100225,-1.8534558,0.312121,-0.10385614,0.9004234,-1.6418095,0.35685024,-1.2458042,0.14307752,0.58850545,1.3733753,0.78521323,-0.4113791,-0.5044485,1.3941902,0.9210662,-0.32595524,-0.8294373,-0.398639,0.907386,1.225162,-0.31279925,-0.01755272,0.86267614,-0.15052494,1.1905376,0.47859225,0.09231886,-0.96384215,-1.4022096,-0.91277975,-0.16291752,-0.80885977,-0.72400135,1.4547892,0.6002189,-1.0349298,0.40134352,-0.04324805,-1.5861344,-0.060558192,-0.639022,-1.0081669,-1.0909142,0.63101816,0.45538288,0.6505144,-0.58231807,-0.0074002673,-0.64583504,-0.022739923,0.15006882,0.111415036,0.05137695,-1.1505725,0.05155171,-0.19795941,-1.9948417,0.05468958,2.7769687
125,0.37324038,-0.7431399,-0.1064148,-1.3456975,0.62934214,0.5637052,0.97618324,-0.38757393,-0.11176651,-0.670938,-0.2541396,-1.9034708,0.65612876,-1.1498256,-0.51627696,-0.8286449,-0.8157842,0.45446208,-0.38287655,0.4709966,-0.6991549,-0.43806013,0.61539376,0.88514066,1.7992966,-0.07494474,-0.16870023,0.04318248,-0.23107165,-0.9716514,-0.75107026,0.5113769,-0.12939116,-0.071959786,0.27424884,-1.1672024,0.71321195,-0.71229875,0.6054904,-0.15448616,0.77729046,0.31265485,2.6670814,-1.2542659,0.51913476,-0.03358133,-1.8772129,-1.1582628,0.87488097,0.23738526,0.3931541,-1.1325662,0.6294657,-0.81948555,1.6774625,-0.60910434,0.6618839,1.3786892,-0.7742416,-0.9116709,1.9591304,-1.3594402,0.6371825,1.7523956,-1.2695452,0.21618578,-0.40186697,0.87015426,0.8172228,0.74005747,0.35068905,-0.4655037,-0.22966775,1.4158984,0.016973846,1.1413351,-0.64273196,-0.49654686,-0.07086726,-0.18722646,0.14705789,-0.66095847,-1.1449094,0.28949907,1.1642264,-0.050796524,-1.6544433,0.3768445,0.29707822,-0.5558608,-0.16066824,0.3431978,-1.2425941,-1.2774799,0.2832988,-0.013776676,-0.5233338,-0.048997942,-0.85473764,-2.4975085,-1.2094562,0.248695,0.3070176,-1.553196,0.058062185,-0.30116156,-0.78897446,0.013197896,0.9854452,0.062056318,1.5226103,0.69628704,0.55670905,-1.0376682,0.58994955,-0.16867884,-0.09917722,-1.4716423,0.39699596,-0.887912,0.14726844,0.5341574,-1.3111607,-0.17780207,-0.63787127,0.19333735,0.19757198,-0.23567408
126,1.3979855,0.10181536,0.21071613,-0.7826197,0.7739264,1.4403756,1.5380901,-0.5863291,-0.86576027,1.4837863,0.97165596,-0.7800918,1.4723123,0.4227597,0.5543574,-0.4163813,0.5393585,-1.0366452,-1.0488918,0.5614484,0.13984801,0.72749466,0.21823272,0.08533833,0.32428133,-1.5409576,-1.189829,0.015921388,0.89185745,-0.36013392,2.0434399,-0.68449575,0.49194452,0.39181027,-0.06598449,-1.0237718,-1.0173334,-1.0711119,1.8041427,-0.46396583,-0.6153724,-0.34075466,0.17316566,-1.2267886,-0.3854342,-0.868162,0.6769534,-1.239073,-0.9143077,1.7058909,-0.5906772,-1.7364024,-1.2513741,-0.77822125,0.33177492,0.1419397,0.39706302,-0.30878282,-0.6052383,0.74864393,-0.20804101,-0.8426992,0.89351046,0.77742547,1.6704557,-0.42645097,0.29840013,0.5556205,0.4242415,1.006004,-1.3986787,-0.16617125,-0.12607804,0.76716083,-0.52075255,0.26801765,-0.5193585,0.020053266,0.7610335,-0.2828885,-0.80053586,-1.9760513,-1.146641,1.0798017,0.3558491,-0.05648469,0.55708367,1.1251315,0.5917689,-1.6135038,-0.6766407,0.65033174,-0.6261582,-1.390364,-0.28834322,-1.017814,-0.616085,0.6788634,0.41879264,0.63990885,-0.4214849,-0.4455883,-0.6819407,0.47313693,-0.8091823,1.4116608,1.1920128,0.9907103,0.6246441,-1.2437985,-0.7319561,-1.0776615,-0.23241775,-1.0391014,2.0671122,0.5436743,-0.32460603,1.3099858,0.054307267,-1.0548917,0.49675882,-0.17244714,1.3112838,-0.36039022,0.31340322,0.07367099,0.99675393,0.013501554
127,-2.7307892,0.48351622,-0.030363563,-0.60243964,-0.12142119,0.6517339,-0.9892966,0.74654937,-1.3185705,-1.7522838,1.0399446,0.63723665,-1.9049827,1.0137138,0.025226343,-0.4109933,1.0090809,0.11294929,0.89213663,-1.6164814,1.8609695,1.1685065,-0.29344007,0.36109552,-1.7081351,0.83918434,0.23090367,-0.7271957,-1.7154417,0.8313254,-0.13757424,-1.1500577,0.9730954,1.2062906,-1.0185719,0.26833054,0.4826893,-0.17002733,-0.9541708,-0.75755876,1.0981482,-0.31935734,-0.7359418,-0.89280045,-1.4147619,-0.7606112,0.78576756,1.0316226,0.6031334,0.22547045,0.2516017,0.37444,0.4163937,-0.09491431,-0.09969442,0.07259076,0.5906556,-0.18079264,0.39785984,0.59459746,2.7536905,0.24777915,0.5655182,0.7176035,-0.632887,-0.8911521,0.2443145,1.1160839,-1.4418193,-0.88101727,-0.41808987,0.4735041,2.299194,-1.5169021,0.14846982,-0.01904098,-0.50402796,-1.659809,-0.167909,-0.49459743,-0.71483845,-0.2650866,0.5511624,-2.4293787,0.06608004,0.58940053,-0.7313385,-1.156086,1.1135887,0.9966178,-0.64963293,-0.8808694,1.3289856,-0.71329725,-2.449723,0.91996384,0.671991,0.22274359,-0.44458437,0.8474897,-1.0187516,-0.29752463,0.5115147,0.15589023,-1.0779928,0.34134233,0.9414163,-0.4510579,1.631768,1.6024792,-2.310166,0.41237885,0.43030402,0.6925468,0.04766405,0.7939314,0.7347675,-0.6519799,-0.7106337,2.4189012,-1.5061345,0.4799638,-1.8979166,-0.018185679,-0.33041158,-0.10997147,-0.5847652,-2.9291937
128,2.7330985,1.1101364,-0.24991049,-1.7218809,-0.86136204,-0.30869305,0.35572526,0.728719,2.2718976,-0.9628081,-1.5238063,-1.7416185,-0.5214287,-2.0609548,-2.6262646,1.3968153,0.6464437,-1.7093277,0.10670198,0.35346815,2.6782668,-0.24920055,0.5216641,0.9928988,-0.28452137,0.5901102,1.1537325,-0.40978825,-0.8165036,-0.48025537,-1.0648904,0.40354308,-0.28967416,0.1747648,1.0863622,-2.0069742,-0.34332314,-0.8437442,0.15326487,-2.424768,0.3690491,1.6754895,-1.1227491,0.16607712,2.7286546,-0.74488884,0.65531427,-0.46319532,-0.21739914,-0.39175278,2.6103253,0.048691425,0.4359355,-1.4098803,1.2531301,2.072806,-0.28144196,0.7184316,0.5283136,1.5621771,1.180086,-1.4914076,-1.6452028,-0.41100782,-2.0226927,-0.25340125,-2.0000317,-1.1325563,0.63881564,0.78831947,-1.3582802,-1.1868848,-0.011868833,1.4043734,-1.5000358,0.7876865,1.7886074,0.7590095,3.0064223,-1.3159682,0.008570417,-2.2570672,0.05112898,-1.6008692,0.5306072,0.040941782,-1.3385363,0.12764722,-0.6152636,0.43343136,0.918548,-0.6371686,1.1413673,-1.7449455,-0.4111785,-1.4184644,-0.9139988,-0.997914,0.7030937,-1.066377,0.18383318,-1.6380849,0.18749148,-1.8543385,0.818744,0.9639494,-0.75502706,0.39724502,-1.4012393,0.6858675,-1.2575231,-1.2377586,-0.73621833,1.0186807,-2.1451375,0.70752543,-0.13164249,0.7039346,-1.0103211,-0.005146601,-0.55800915,0.48524538,-0.010375286,-1.1718823,-1.456955,-1.3277565,-0.25479972,0.32066935
129,0.52143496,-0.96931005,-0.49975988,0.51031786,-0.16028225,-0.21787871,0.36113238,-1.4600157,-1.1581084,1.4736485,1.3454041,-1.5788156,0.17174229,0.03180249,0.1451437,0.34026706,-1.4495332,-0.7533237,0.9141859,1.2773327,0.25144947,-0.20789307,0.9165419,-0.26621336,0.86396956,2.4997292,-0.8856613,0.67610335,1.0299894,0.51233363,-0.4163093,0.72422284,1.1089834,-1.318325,0.97123545,-0.00014528696,0.8777808,-0.20549701,-0.20423849,0.47680968,0.7731838,-1.2920516,1.4950136,-0.81515694,-0.6307634,-0.28553498,-0.8737662,0.06460678,0.912486,-0.45546207,-0.060984276,-1.1191884,0.638688,2.046961,-1.1107966,0.24312535,0.053811375,0.0056609754,0.24119927,-0.65030116,-0.95391494,-0.9407444,0.1588223,0.9281635,-0.46389228,0.12932448,-1.5539303,-0.96125597,0.30690017,-1.5524833,2.0315158,0.89083546,0.26678467,1.7300076,-0.22540812,-0.09712918,-0.08809858,0.39917374,-0.4729146,-0.6426912,-1.0178826,-0.20028394,0.32428017,-1.2845504,0.61187613,1.1318614,-0.32833314,-0.4250783,-0.43145567,0.114327215,-0.69215363,0.6305246,-0.3057446,-0.77787185,0.81644547,-0.14649877,0.93643355,1.7729489,-1.5915467,1.0931793,-0.57924086,-0.1398711,-0.77050596,-0.468652,0.12506446,-0.6416612,-0.20086928,-0.62729216,1.2280669,0.26447538,0.49628544,1.1595929,-0.5383847,-0.8477069,-0.90404993,0.5947113,-1.1391766,-0.31319135,0.80884135,0.28958228,-0.7466843,1.2544358,-2.3114872,1.3500509,0.48355892,1.3804163,0.24756455,0.055018395
13,0.4157469,0.8176384,-0.7359922,-0.28519994,0.70792294,-0.62337697,0.05538222,-0.5349379,2.3830826,1.4665034,0.4357154,0.89466757,-0.4019433,2.6347134,-2.8572168,-0.7786748,0.8374206,-0.12360925,1.1783466,1.7671366,-0.10404403,-0.4868358,1.774895,-0.3012676,-1.2235634,-1.9344982,-1.2816002,-1.4088213,1.5383248,0.053142056,-0.15480806,-1.5554348,1.620621,1.3409334,-0.9342133,-0.8544086,-0.114420176,-0.034653015,0.6094306,1.3190099,1.6980678,0.69528776,-0.2438815,0.7979015,0.49493033,-2.274753,1.3810227,-0.32938793,0.08331389,1.4560004,-0.04866188,-1.5867748,-0.74347705,1.0793617,0.94103456,1.0447271,0.32460743,1.0619085,-0.19022657,0.0073998654,-3.0584407,0.4288545,0.75539136,0.41473225,0.81008387,1.1743752,-1.6505269,-1.4797436,-0.3975855,-3.553326,1.543563,0.0053631337,-1.1746826,1.7745001,-0.381843,0.1124498,0.6743076,-0.024626078,-0.09059091,0.006118047,0.4026546,-1.3719152,-0.61210185,-1.2131602,-1.0163705,-1.1206594,0.99235106,-0.43430245,1.1526282,-0.38283554,0.14919735,0.48336217,-0.61522543,0.7208601,-0.137566,0.3652598,-1.4990861,0.54293376,0.5023468,0.30824894,-1.8192252,-0.58795124,0.64719266,-0.47824433,-0.66979873,-1.3661522,1.3815064,1.077611,0.372935,-0.60574085,-0.38020214,1.1339244,0.27330175,1.7781141,-1.3455229,-0.63962567,-0.44723204,-1.185586,-0.7133206,0.12952483,0.94098914,-0.027586747,0.2970723,0.06103597,-0.23014988,-0.79390645,0.008229685,-0.008548761
130,-0.072853014,0.01136393,0.9416695,0.7548292,-0.35774,0.027557015,-0.56654257,1.1602889,-0.46076632,1.5323348,-0.97380394,0.1636931,0.22841237,0.45597598,1.0148829,0.14052367,1.0700841,0.09187704,-0.873401,1.2063977,0.013488213,0.21206632,-0.25302082,0.1089313,-0.61374074,-0.70246506,0.92008257,0.78997177,-0.78668576,-0.81775796,1.7926719,-0.10627686,-1.0597801,-2.3280382,-1.6766104,0.09296281,-0.0990839,1.6959695,-0.9011862,0.47571808,0.5518976,-0.053026672,0.14292283,-0.9378308,0.009732651,0.9173977,-1.5300967,0.661647,1.2173257,0.9328442,0.51632273,1.4508693,0.41397744,0.28198576,0.54096556,-0.46441907,-0.9878053,1.5835079,0.18959871,0.77711594,-1.1712614,-0.34816018,1.5240308,-0.9531809,-0.5897306,-0.29733276,0.4806858,0.26501423,-0.6896429,0.83999205,0.28753126,-0.13317356,-0.8810711,0.4008377,0.582121,0.18728332,-0.18330984,1.1556491,0.9615498,-0.19834724,-0.5733868,0.38257766,-1.1284814,-0.6841431,0.22590578,-0.68330246,1.0496435,1.1032398,-1.0398054,-0.82992613,0.19588405,-1.3767492,0.2115241,0.454959,-0.7734259,0.07077817,0.59953696,0.25324604,1.1197923,-1.1184944,1.9732839,-0.37377036,0.7346848,-0.93197536,0.1960368,0.31774047,1.591621,-0.39681384,0.49847174,-0.18171583,-0.3721787,0.9328552,0.5090462,0.022749746,-0.56039184,-0.80157304,-0.12353056,-0.7934742,0.2753647,0.46985433,-0.6391665,0.15929183,-0.8346809,0.7775944,0.92309254,0.013293725,-0.12798387,-0.32955295
131,-0.7244109,0.8270273,0.5129003,-0.8736771,-0.38863668,-0.24482416,1.0371028,-0.3169147,0.8465062,0.28288686,-0.16113143,-0.13104247,0.42079955,-1.6912062,0.047181915,0.06808167,-0.6614368,-1.0133687,-1.6270396,0.8162845,-0.11109112,0.6591959,-0.6222027,-0.98721594,0.91320485,1.4376178,0.7793215,-0.54340833,-0.19014676,1.278327,-0.15077634,-1.4893825,-0.21844707,0.19648448,0.30832747,0.18564646,-1.6446388,-1.6107328,-1.0913763,0.6141619,-0.66474557,0.7996216,0.030298166,0.527428,0.51196146,-1.2302656,-0.10809718,-0.19858465,0.42956227,1.8552382,-0.32925043,-0.66260546,-1.1344224,1.1150594,-0.1503178,-1.9753828,1.2297775,-0.500204,-0.62102336,-0.41601083,-0.2341091,1.2890178,-1.4606965,-1.559602,-1.201639,-1.4094362,-0.091443956,1.0318115,-0.07401449,0.551634,-1.3866796,0.6131432,-0.8556558,-0.8249759,0.05764045,-1.8733746,-0.69724375,-0.3779417,1.5437754,0.830184,-0.19874965,0.42348385,0.9685007,-0.48291075,0.88445246,-0.022751613,0.6389303,0.3722625,1.0743368,-1.0080346,0.5284185,-0.11269337,1.7436403,-0.4981649,1.1334687,-0.5890973,-0.3053682,-0.29007,0.51228,-0.16718183,-0.9842242,-1.462653,-0.39908552,1.8285049,0.5248883,0.020797567,0.93092597,0.15817162,1.7997432,-1.261377,-0.37605628,0.3225711,-0.94766927,1.7023884,-1.8662739,-1.6016582,0.45988232,-1.1559398,0.17530414,0.2816287,0.27514142,0.5001184,-0.60980177,-0.29412946,0.7722297,-1.1682974,-1.1211987,0.3578603
132,-0.4567877,0.7500919,-0.26482475,0.36666992,0.22906087,-1.2887849,0.111838184,0.5096297,-0.36975405,-0.5211894,1.3730345,-0.0793532,0.6277798,-2.5481796,-0.092713624,0.22227576,0.71487004,-1.0868611,0.1322443,0.17077875,1.6014048,1.7367224,-0.19967064,0.9478001,-0.15312251,-0.22551532,2.178781,-0.4847945,-0.10396484,0.32811618,1.0663443,2.1374512,0.116202004,1.3016282,0.7841726,0.6527048,-0.27886224,-0.0012465719,-0.6412032,-0.4285903,0.74921143,1.087713,-0.8877346,-0.35373735,1.1931244,-0.10817476,0.40885755,0.27011925,-1.3396801,-0.013311969,-0.016484717,1.2770877,-0.08513052,-2.1239192,-0.9127755,1.6386017,1.0708323,0.70792574,0.971863,1.2843983,-0.08048664,1.1966522,-0.43732062,0.33993122,0.09357229,0.10603414,0.5826352,-0.5406255,2.4210782,-0.84323955,0.66552216,-0.70906425,-3.0630412,0.08835781,0.76577294,0.17379229,0.27631655,0.99418193,0.7524852,-1.7546965,-0.8172237,-0.044007774,0.7270518,-0.54841244,-0.17569141,0.7316502,1.3511301,-0.49951476,-0.92352676,0.09212855,2.6533642,1.3359637,-0.0757528,0.8549728,-0.8385903,-0.27727947,0.20626743,-0.99805003,-0.26078004,0.98497593,-0.21653062,0.3676835,0.2635758,0.70430255,0.87827045,0.18140289,1.1029742,-1.6639131,2.0068336,-0.2680655,-1.2053516,0.9898208,-0.26098618,0.43293235,-0.39158762,0.64359295,1.9417356,0.58647096,0.117321536,-0.09068807,-1.0977031,-1.2105466,-0.15621087,-1.3573012,-0.9439925,2.1899886,1.1995332,-1.447581
133,-0.47071248,0.0023643565,-0.37723976,1.2545952,1.2848835,-0.9872385,-0.16898029,-1.0898386,0.20375173,-0.038408097,1.5269884,-0.82383645,-0.3530953,1.5399765,-1.2729449,0.4399102,0.43855783,0.30111226,-1.2324209,-0.5733639,1.6712698,0.05748522,-0.17880423,-0.25314245,2.1907969,0.347213,-0.0035079382,-1.446405,0.6798997,-1.0730566,1.310596,0.32888538,-2.4329376,0.5807442,-0.32771263,0.69211996,1.1836731,-0.21909465,-1.2629212,-0.7500312,1.0074914,1.5264305,-0.2324903,-0.5740334,-1.0250542,0.80008525,1.4795456,-1.424307,-0.04908888,0.7106793,-1.3526208,0.25473315,-0.69353014,-0.37838456,2.1559632,0.7526777,-0.10495721,-1.373888,0.3294803,2.6637921,-0.75909954,-2.3914163,1.5655333,0.70212424,0.26856142,0.21049808,-0.30365765,0.7911766,-0.70119596,-0.69072783,-0.890117,-0.5196541,0.2216483,-0.72942156,1.97435,0.28246492,-0.7695134,0.51174325,0.21714644,-1.9715099,0.5702437,0.9875668,0.2336784,-0.20791209,-1.2414341,-0.21573545,-0.4532142,-1.1069987,-0.21489428,-0.16726814,0.16140318,-0.45984086,-0.57211393,1.1753386,-0.40135497,-0.30010766,-1.6980958,1.5883458,0.28700522,-1.333156,-0.46919888,-0.13307753,-1.5274847,0.405129,0.09303232,-1.1517111,-1.5709277,0.37601447,-0.23299481,-0.07753681,-0.4827988,0.001464208,0.2511881,-1.2997725,1.0086691,-0.6098216,-0.14600039,0.812772,0.10359405,-0.5377033,-0.4610395,-2.192741,-0.43326887,-2.4469798,0.40316424,1.4971159,-0.008075295,0.17384844
134,-0.27616158,-0.6116877,0.075437896,-0.33486822,0.16747662,-1.4542599,-0.26334736,0.8044637,0.5325017,-0.24778,-0.5423011,0.7248711,-0.47342727,1.9367315,1.2253495,0.9164332,0.3976297,-1.3288305,-0.3365419,-0.5875672,0.78726983,0.0411398,-0.28131413,-0.29246905,0.01143067,-0.34020668,0.37588283,0.09578137,-0.5094783,0.60585123,-0.5476491,0.32769412,0.6503657,0.63989913,0.78097373,0.75745773,0.8776504,-0.36835253,0.71144533,-0.29339734,-0.33530387,1.3313004,-0.9722934,1.5305527,1.195329,-1.0833566,-1.0365216,0.49218997,-0.3551838,-0.3635651,0.8537157,-1.3742065,-1.879415,0.19578436,-0.11886235,0.8037432,-1.2558974,-0.12808777,0.62891436,-1.5625029,-1.864342,0.7859419,-1.6381142,2.0157523,-1.4770981,-0.22997136,0.39180252,1.0256957,-0.6863292,1.5843661,-0.7881194,-2.4492283,-2.018903,0.9523722,1.7108551,0.14879163,0.094552524,-0.10645828,1.3112807,1.4368691,-1.1410422,-0.6150369,0.5177416,-0.3345837,-2.6072063,-1.5383987,0.06135988,0.046038948,1.1698468,-2.2079997,1.3453811,0.89163697,-0.9482602,1.2945564,-0.5031621,-0.18502481,1.562575,1.0600303,0.84522414,0.11549308,0.069584966,1.167761,-0.9834119,-0.46759227,-0.30598298,-1.1382796,0.48530984,-0.4209579,0.6528813,0.12452467,-1.8839152,0.83123624,0.5956508,-0.12257793,1.2975426,0.055088565,-0.5064797,0.62585074,2.2574515,-0.85113937,0.15929884,-0.49916488,1.4883056,-0.8463216,-1.8291495,0.4893253,0.9571011,-0.4914955
135,-1.80256,1.5033838,0.38574973,-0.058352783,0.9094635,-0.42052656,0.9495767,1.0914177,-0.48713005,-1.0302331,-0.574306,0.23567991,-1.3672118,-1.176234,0.31597766,-0.66781867,-0.71156925,0.022702366,-0.6677093,-0.19293937,-0.6752325,-0.79468936,0.59891504,-0.46182048,-0.27600574,1.057142,1.7258047,-2.2121937,0.18816657,-1.2549639,-0.6100715,-0.4196508,0.34235498,-1.7256663,-0.6604357,-0.48041552,0.10450676,-0.8033955,-0.6339595,-0.82265294,-1.4409337,1.336307,0.6671098,-0.8475878,0.33158,0.31751144,-0.76068884,1.9900111,-0.7028509,-1.1209353,0.4753577,0.51759005,-1.2957541,1.5666633,-0.3438898,-0.081896394,-1.550464,-0.15361658,0.6322654,0.69755256,-0.3428853,-0.23138386,0.9674837,-0.83690333,-0.69991535,-1.2268062,0.51317304,0.78389996,1.1155607,-0.14008953,0.23012653,-0.04448008,-0.6809361,-0.9864243,-0.08365888,0.5030683,-0.3514055,-1.340288,0.15038127,1.2209586,-1.4766256,0.46942496,-1.7124825,-0.38408285,-0.38810647,0.102117874,0.58966523,0.2429249,-0.3791119,0.36024404,1.5018678,-0.53165823,1.0215495,-1.4163074,0.45020548,0.32315972,-0.41789764,-0.51131064,1.4068091,0.9052622,-0.31239757,-1.9207547,0.5553826,-0.22392681,1.1967471,-0.52687806,-1.4695874,-0.74022627,0.6888395,-0.892681,-1.0397867,0.22614458,-0.87344515,-0.14973255,1.1401888,0.53571767,-1.3869845,0.36277333,0.8328231,0.3634496,0.7101995,-1.038528,0.20949492,-2.4167175,1.2305523,0.011074143,-1.2052382,2.252383
136,-0.868815,-0.7305865,0.14240965,0.5401624,1.2162488,-0.1971139,0.2508329,1.9076338,1.0180513,-0.10335498,0.06904917,-0.043448247,0.2995961,-1.8302231,0.054096747,0.63215,0.635117,0.06934611,0.68735594,0.029650494,-1.53142,-1.4674666,-0.05144041,-0.16909151,0.56094134,-0.83574253,-0.15467708,1.0645622,-0.44816723,0.08213254,0.036233105,-0.82587093,-0.10559999,-1.255721,-0.37098795,-1.3566437,0.20654106,-0.40354535,-1.3516214,0.31378603,-0.8224194,-0.6939678,-0.69236696,-1.5510707,0.7565081,-0.13733089,-0.07720253,2.505608,-0.53469676,-0.7934202,-0.14846446,-0.45508167,-0.02703751,-1.0261871,-0.20593686,0.47359347,-0.36566225,0.054254543,-1.0162106,0.73962694,1.0031502,0.008523759,1.5643618,-0.31582558,-1.0309726,-1.6583602,-0.67890865,-0.54471135,-0.38065052,-1.1116595,1.0539585,1.6671165,-0.8874237,0.24625857,0.43721533,-0.71685576,-0.025776604,-0.11304491,0.40625992,0.12088082,0.63428164,-1.6488472,0.030437417,1.8339558,-1.17937,1.4697566,1.0080209,0.48805833,-1.3269892,-0.27572533,0.30391416,0.73828435,1.383536,-0.994835,0.68856674,-0.6964303,0.81682533,-1.1523274,0.65084004,-1.2135079,-0.9102116,-1.43145,-0.029283876,1.361617,-0.07710356,0.94746554,0.9322866,1.755841,0.07134423,2.0745382,-1.0707715,-0.5831918,1.0294507,-0.054640435,0.12975413,-0.68898726,1.143808,0.66621745,-0.96605015,0.91154873,0.50271964,0.33783424,0.81864446,-0.3627457,-0.39582565,-0.11309826,-1.0576788,0.7801154
137,-0.86096895,-1.4626487,1.1526011,1.5524908,1.5502638,0.47749257,0.653378,0.9122109,-0.5775705,0.3120585,-0.042271294,0.25481787,-0.55997473,0.023918543,0.29414427,0.85958725,-0.12124893,-0.30214936,0.19879036,1.5784886,0.49979693,-1.1124238,0.062487386,1.1595645,0.96580935,-0.35042587,0.2606331,0.6797151,0.097805165,0.45098892,0.7705413,0.13295403,0.36658075,-0.094825365,-1.2271942,-0.8447914,1.1534806,-0.65981317,0.49323174,-1.2982688,-0.8849192,0.8831565,0.04554987,0.46878862,-0.084334105,1.6540291,-1.1833375,1.6569703,2.1152616,1.4035697,1.0837368,-0.19101194,-1.0584689,2.316964,0.5168135,0.7149215,0.3985755,0.45087546,-1.1974999,0.4873069,-0.40099418,0.8504137,0.4690736,-0.4944119,-1.3668498,-1.3958179,0.22214764,2.0743108,1.7103337,1.7232057,-1.8629193,-0.5181448,-0.28133604,0.22432297,0.99663126,0.91129273,-0.8021169,-0.71186787,-0.8681058,1.1355264,0.03386079,-0.31582,-1.0160059,0.10766017,0.5538952,0.98558456,-0.5263928,-0.85909235,-2.491073,0.9254441,0.68152225,-0.6385796,-0.60362655,0.14293085,-2.7111804,2.094659,-0.68107337,1.9489146,0.2274203,-0.42288902,0.063007355,-0.37145913,0.632373,0.3884939,0.11981336,1.553206,-0.7866773,-0.091105714,1.1395227,0.42585567,-1.5589094,-0.4959143,0.09905485,-0.74076533,-1.1124284,-0.50200987,-0.6989392,0.52561873,0.9253445,0.16407806,0.62265503,0.06451261,-1.1098521,-1.1575595,-0.5594167,-0.68612045,-0.57281584,0.7234453
138,0.2544998,0.53164804,0.57464164,-0.045718607,-0.8207408,0.04627041,-0.77440387,0.90515965,-0.8041349,0.17898597,-1.874962,0.046150427,-0.58789754,0.3181128,-0.5979751,-0.2777602,0.051397182,0.45653743,0.2853867,0.17725901,-0.08411367,1.7274785,1.2404639,0.47182927,1.585412,-1.358793,-0.8159048,-0.4512687,1.2463223,-1.0703231,0.8530919,2.1632745,-1.1055219,-0.5151511,-1.4012201,-0.599423,-0.2834715,-1.3690141,-0.45221886,1.4563175,-0.0559706,-2.2086875,-0.80429447,0.44419262,0.71326077,1.2400696,0.48835552,0.84813696,1.2016658,-1.1430279,0.067061,-0.7670861,0.52627903,-0.038767543,0.6747183,1.2224225,0.9933714,1.5707823,-0.36226517,-0.024590988,0.026786663,0.6816249,-0.48431814,1.6387732,0.30589882,-0.045657422,1.6457207,-1.4666669,0.9422597,-1.2781947,0.3964301,-0.31946442,0.61165416,-0.5035491,-2.1011288,-0.3282016,-0.13149734,0.31206986,-1.2839332,-0.3211908,-2.5353522,-0.6690194,-0.14834729,1.356071,-0.5528223,0.24563363,-0.47767332,-3.0108666,-2.268601,-1.624991,0.5960934,1.0748764,-0.5357493,0.0101913195,-0.2114585,1.3359082,-0.63385326,-0.1335271,0.17250898,-1.3744601,-0.7003427,0.20192198,-0.47713017,0.7161677,-1.2843015,-1.849374,0.19779223,-0.7007103,0.031231785,-0.5954801,-0.004185477,0.05016607,-0.96678126,-0.1344478,-2.035063,-0.9921073,0.40950605,0.20547692,-0.57685816,0.76228386,2.3164265,-0.32030183,0.67995304,1.2127206,-1.1140988,0.5703198,0.5656883,-1.1955043
139,-0.2449255,-2.389119,-0.3673159,-0.22891542,0.1712438,0.70065176,1.1999254,0.08168356,-1.5086662,1.8672913,-1.8424985,0.7437129,-1.9091796,-1.2557378,-0.87930346,0.81215876,0.48277283,-1.5687594,0.6171937,0.5902565,0.8031859,0.8612413,-0.45475066,0.6268594,-0.08562877,0.3447734,-0.38228667,0.618796,-1.2169999,-2.1934521,-0.35542125,-0.913597,-0.82879966,0.94853055,1.0438168,0.43702418,0.07613101,-0.38721132,-0.49829286,-0.08200925,1.4852298,0.8199984,-0.8219676,-0.35552976,-0.25806895,-1.9641614,0.66681117,-0.24056137,0.91667646,0.98062474,1.0783216,-0.36473438,0.501397,1.745722,-2.132852,-0.057057306,-0.7885181,0.626753,1.0060934,0.22497241,-0.19101772,-0.83244604,1.2364483,1.3622291,0.7717508,-1.1547462,-1.1567246,1.2996055,-0.12883776,-0.42772913,-0.65626305,-0.23226291,1.2277592,-0.3506213,-1.0954266,1.2788987,-0.5006396,1.4854059,-0.8584385,1.4011005,-0.12721135,0.42168236,-0.40258035,-0.32895538,-1.3426226,-0.017483167,0.03954477,1.9164246,1.0772091,0.60937846,0.80307126,-2.6142197,-0.052213788,0.69399756,-0.14238119,0.03456713,-1.5915419,0.40659544,0.77317125,0.28758115,-0.23646735,0.7695143,1.2119907,-0.21918584,0.027938893,0.58828974,0.44997397,0.32311544,-2.0578597,0.08890881,-0.77299243,-0.6386288,-0.23552376,-2.2921705,-0.8141226,-0.53399086,0.20858113,-0.022495573,0.55083525,0.19643526,1.1914178,-0.023189375,-0.5195331,-0.71857905,0.2368258,-0.16953868,0.058594298,-0.36375123
14,-1.3334581,2.097937,-0.6956316,-3.3954713,0.38796395,-1.1572527,0.7647637,-0.09078043,-0.19257376,2.4231992,0.12390802,0.9889567,0.5814998,-0.75473136,1.3778254,-0.16116571,1.4440548,-0.6211961,-0.95220876,0.34608173,-0.31573814,-0.35847306,-1.2079339,0.7338093,0.42338774,0.7488968,-0.9057746,1.5844167,-0.47439986,0.28807357,0.9381578,-0.7824262,1.1330539,-1.3541906,1.3310109,0.64173234,-0.16687769,-0.60217774,0.079068005,0.90890163,-1.7136605,-0.15026467,1.8523569,-0.17659447,2.3264482,0.30684572,0.16196388,-2.9719436,0.9546667,-2.617673,-0.26567513,1.5922784,2.488445,0.29672486,-1.4724166,0.1733902,-0.34454134,4.4395328,0.11220889,-0.96204716,2.455729,-0.59141463,-0.4145009,1.7849929,1.2445246,1.0437961,-0.83173513,2.800592,-0.8791506,-1.5873886,0.63912135,0.6025046,1.4462823,-1.3074856,0.7467304,-0.6710406,-0.23272082,1.1030482,0.36059967,-2.0508804,-0.6229462,0.580437,0.8250766,0.6834085,-0.7667937,-0.15673567,0.9264404,-0.6779326,-0.7590227,0.36386895,1.8246487,-1.4223707,-1.0742143,-1.3914919,0.2639565,-1.9146163,-2.5822444,-0.98243004,-2.2748258,-0.7193265,-0.4375682,1.1222832,0.93651104,-1.1994736,1.7681324,-0.6166979,-0.27924746,1.5448923,-0.81942683,1.4691391,-1.2258997,-0.37456724,-1.6690502,-0.4318762,-0.87018293,0.78744036,-2.7385857,2.3720155,-4.2188573,-0.9518765,-0.53151214,1.2002077,1.1490575,-1.6280857,1.0530308,1.3262947,-0.9696114,1.4701147
140,-0.52563584,-0.40056607,-0.031637557,0.996427,1.6548839,-0.43138102,0.10495496,0.079606205,-0.006792811,-0.31763178,-1.0750202,0.6460944,-0.3058061,0.73560995,0.40873218,0.5424149,-0.9680557,-0.4616975,1.6825372,-0.54459137,0.23151302,-1.6140238,0.37346095,-0.8330837,0.5393242,0.80173665,0.80134827,0.5046357,-1.8187288,1.1122063,0.71698403,-1.0297815,-0.4430024,1.3784039,-0.9767465,0.6439066,0.69174254,1.1125988,0.48083344,0.71916753,1.0267318,-0.5730858,1.4527012,-0.08321125,-0.36923593,-0.0077945488,0.111062445,0.62293535,0.47156653,-0.98418534,-1.8552105,-0.7281831,-0.31282914,0.63524705,-0.8681782,-0.640398,0.9134854,-1.6354082,1.3464637,-1.6605614,0.60294664,-0.21609809,0.13086085,1.5693339,0.21601702,-0.6331158,-0.2517458,-0.21987267,0.70965576,-0.5708736,0.49670494,-1.1047102,-1.0028206,0.4909183,0.10221868,1.4506192,-0.06463113,0.32648492,-0.57188207,0.9288784,-0.0696968,-0.35274172,-0.4465768,1.5342001,0.7797192,0.1145177,-0.117556386,0.21810222,-0.645089,-0.63324976,-0.20486204,-0.43298012,0.17375192,-1.0874898,2.1163673,-0.28952932,-1.1367738,-0.87940377,0.23011483,-0.75896645,-0.03896995,0.55853826,0.5801468,0.6819004,0.85072607,0.43331325,0.015169183,0.5312159,0.29943335,-0.059942234,1.2072245,-0.88024354,2.2413657,0.107348174,-0.38572973,0.13124177,0.043185562,0.18041246,-0.45422515,-0.71665996,0.6396234,1.2689857,0.29319525,0.48534155,0.31957117,0.687444,-0.23096968,-0.04344648
141,0.5777492,3.099645,0.2502781,-1.4125527,1.6758671,0.33527166,1.4080617,0.4988861,0.986207,-0.85005194,1.4045153,0.4110229,-0.09636219,0.3969414,-0.74749887,0.9502748,2.2687929,0.20794675,-0.9149912,-0.15342079,0.49756655,-2.2250726,-0.98786336,0.8423644,-0.041436434,1.9550943,1.9876127,-0.4492765,-0.13594149,-0.21732333,-0.56837547,-0.6079035,-0.91168654,-1.7767158,1.7834616,-1.5595504,-0.492752,-1.3395675,-0.8258428,0.2592971,0.97654074,-1.199424,-0.08963531,-1.0693649,0.58151454,-1.9979594,0.036329173,0.47560257,-0.3170367,0.2569036,-0.49845105,-0.76145977,0.84012747,-1.5561734,-0.7380466,0.3849783,-0.25479722,-0.9182236,-2.0696714,-0.48873082,0.83131945,-1.1137079,0.8179598,-0.3281881,-1.1105012,1.054484,0.97815627,-0.48189792,-1.2708108,-1.2971325,0.18066324,-0.5899961,2.146965,0.31705627,-0.014316258,-2.057556,0.55168235,-0.5012432,-0.017505078,-0.7910882,-1.9245375,0.9692589,0.20219637,-0.46987393,0.23796771,-1.478803,-0.20279926,-0.12437442,0.9424371,-0.7700133,0.1940956,2.14202,-0.608471,-0.7165774,-1.0781808,0.27732754,-0.9283784,-0.55056334,1.8986841,0.4038658,0.6341708,0.9050305,0.910829,0.140574,-0.78237087,0.9401277,0.5311327,-1.7792284,0.2606781,-0.05021693,1.1903163,1.4219893,-0.30492705,2.0493948,2.1521273,-0.5556021,-0.88642156,0.49510837,1.3728052,-0.36082238,0.60943204,1.3764985,0.6516461,0.5446769,0.8846996,-2.0451412,-1.0438418,0.37729362
142,-0.39648658,-0.028534066,0.7060374,0.12874492,0.20586339,-0.93700355,-0.044877663,0.059379995,-1.2367578,-0.8679557,1.5921792,0.34183806,0.8230789,0.46271834,1.7364895,-1.3018787,-1.9550363,-3.176848,-1.7645036,1.5620275,-1.4686508,-0.7095923,1.438988,-0.5903116,-1.2935556,0.69885516,0.8283479,0.25566235,-0.010292373,-0.27667177,-0.41694304,-1.818574,-0.94220585,1.5430357,-0.49252102,0.2019654,0.6561838,-2.6095538,-0.65619123,0.09751117,-2.2062728,0.46115068,-2.0849295,0.641522,-1.2831532,-1.0010033,-1.086273,0.8146345,-0.8925092,-0.0058131777,-1.7531186,0.91434777,-0.18029639,0.33835638,0.42180717,0.5258028,-0.47815493,0.3244947,0.7172818,-0.77855384,0.014798231,-0.61955136,1.7569633,-0.18375309,-0.41464087,-0.1572774,0.22321881,-0.43883908,0.68106633,-0.113441065,-0.9787984,-0.8682105,-0.23747487,-0.3442987,0.062637724,0.41112447,0.6645097,0.055009406,-1.0257523,0.083600074,0.23341094,0.46378168,0.21646091,0.50939834,-0.99063736,1.6139008,-0.7035804,-1.3017125,0.8598908,-0.45585987,1.0361221,1.114221,-0.6416499,-0.13236167,0.40619752,0.60494304,0.41261116,0.98712933,0.98808956,-1.0874256,-2.816534,0.72547585,0.74441934,-0.15287255,-1.6142842,1.417594,-0.12982656,-0.25322407,2.8136728,0.21472895,0.22975549,-0.85856724,-1.4765326,-0.1453367,1.6189365,-0.315748,-1.5110438,-0.25429836,1.8298357,1.3777168,-0.5050055,1.313126,-0.1442565,1.4862369,-0.89858174,-0.1336931,1.38792,-0.15950042
143,1.2268258,1.1090254,-0.14876372,-0.25505581,0.16123956,-0.44694823,0.99189544,0.7276543,-0.19964764,0.7328368,-0.5274247,-1.245832,0.23056556,0.33077818,0.32491475,-0.41493696,-1.3150752,-0.13861555,0.44554272,-0.2541846,-1.649075,-0.4790752,-0.49689552,0.29397413,-0.9205189,1.2289104,-0.8530095,-0.18836913,2.3494046,0.7839406,1.9276092,-0.48077655,-1.261001,-0.45810184,0.9228149,1.108202,-1.3129919,0.26668134,-0.28017464,-1.0238692,-0.48295596,0.2549245,0.59127694,0.699789,1.7531914,0.2806994,-1.3845417,-1.3585936,0.014155637,2.0535219,-0.94783735,0.6550975,-0.21836428,-0.94091564,-0.1406088,0.37936386,0.19854072,2.2653785,0.20874274,1.7532629,0.79961115,-1.9768366,-2.2678595,-0.39431694,-1.9720954,-0.22788097,0.7710164,-0.2913264,-1.4086627,1.3848345,0.0022834565,1.3321289,1.7701242,1.4305443,0.011786465,-1.5025734,-1.9193728,-2.1056361,-0.4313561,-1.5874416,0.32563868,1.2306789,-0.8764053,0.21761918,-0.37575084,-1.008125,-0.46528733,2.589297,-0.26901495,1.0295422,-1.669031,0.32122412,0.5526882,-0.64910644,-1.5291704,1.2610989,0.11053996,-0.5202261,0.30597544,1.025761,1.4597057,1.4257145,1.2560714,-0.025749823,0.60057116,0.016527688,0.47840375,-0.75196266,-0.0876029,0.07975025,0.45303574,0.21106267,0.68579656,0.809163,-0.25181314,0.6879354,0.15324411,2.175048,-0.1351307,0.78403246,-0.2311456,0.64249665,-0.09213108,0.13902038,0.13845675,1.3437119,0.7850697,0.5647855
144,1.3588653,-0.09245566,1.7515786,0.4631792,-1.0947963,1.8913443,1.0571398,-1.6036543,0.5498845,-0.43754235,-0.247861,-2.1020546,-0.3920517,0.9933433,-0.38437724,-0.7814072,-0.5516703,0.5159369,-0.08738709,0.6054901,1.1215361,-1.3348967,-0.5292313,-1.9810224,-0.46479028,1.6322459,-0.41962138,0.33042216,-0.8658781,0.31564805,0.8273546,-1.1669154,-0.33107844,1.9945265,-1.0162991,-2.2177885,3.0047848,-0.34117398,1.4754678,0.3567471,-0.91838,0.93595445,-0.040905394,0.34252277,-0.5468597,1.4372793,-1.499186,-0.788954,1.4667594,-1.9591472,-2.8663223,0.20727006,0.33040673,0.20028986,-1.8664734,0.84029734,0.11863392,0.83782685,-1.8653749,0.5005129,-0.31626126,1.3590211,1.5524007,0.8938353,1.0670753,-0.0071606785,0.55778337,-0.028257798,0.2168044,-0.1252014,-1.6382031,-1.2421105,-1.3299098,-0.5497388,-0.5992522,0.51550704,-1.4693104,-0.66055727,0.10649622,0.3916275,0.66438633,-1.3213168,0.8179901,1.4356818,-2.2179742,-1.1362196,0.2997733,-1.5474626,-0.8552024,-1.1266783,-0.5854785,-1.635834,-2.2042055,1.541259,1.5949502,2.1506972,-1.9086951,0.5040649,-0.85075724,1.453813,1.2829973,-1.9385158,1.2901654,1.3917489,-0.27816713,0.7880416,-0.32611492,0.92164034,0.41510874,-0.04460495,-1.9363773,-0.1455437,0.08011873,1.3288568,-0.3746803,-0.26128396,-3.0317376,2.6465726,-0.32162812,1.2228049,-0.14812395,1.1899521,-2.864291,-1.0765169,0.518651,0.023847535,0.4877979,1.3302068
145,-0.75673264,0.8181953,-0.38501826,-0.8996769,0.6485771,1.4031582,0.9692537,-1.2599193,-1.025821,-1.0009865,0.33794934,-1.9912829,-0.25862062,0.19426748,1.0807501,-1.9405537,-0.09936246,-0.03947136,-0.66428965,0.22863904,0.95540655,-2.0527637,1.5337996,-1.4065526,-0.7073702,1.10348,0.48588803,-1.3148781,-0.5816774,1.6200011,0.8964761,0.1033899,1.2531232,-0.64655924,-0.21427032,-0.6765707,-0.13267952,1.3668816,-0.06872789,-1.1737063,0.8760327,-1.0208396,-0.021117248,-0.8485773,0.6426826,0.7869617,2.218238,0.065255806,-1.1580114,0.25209343,-1.4539362,2.2506444,0.25686044,-0.46339607,-0.22435287,0.7601941,-0.67761374,-0.14662462,0.15943544,-0.5527302,-0.1409659,-0.34844723,-1.3064529,-0.41103,-0.09283136,-2.0890124,-0.98058367,0.40901092,1.2475247,-0.36343598,-0.5005709,-0.90769947,-0.18370087,-0.822373,-0.9417529,-0.17172399,-0.66773814,-1.1513712,-0.11484034,-0.315218,-1.9852477,1.0309126,0.33825064,-0.09744794,0.46707574,0.20429961,-0.631721,-0.27120557,1.6271229,0.54987496,-0.569865,0.69869405,-0.11910674,-0.9717035,2.245387,0.45614403,1.0817639,-0.5822879,0.1566069,-0.5744935,0.4110906,0.5053818,-0.7669768,1.0757998,-0.046251196,-0.62301993,-0.4290939,-0.9387566,0.34908965,0.19946498,0.3472583,-1.0053366,-0.95952535,0.01659379,2.1392744,-0.09481638,-1.0189967,0.50078934,0.26205054,-0.8336626,0.28308737,-0.0038027477,-1.5053961,0.6921051,1.105376,0.389543,1.1298623,0.1436614
146,0.04586669,-0.7084935,-0.6337917,0.5682981,-1.1960776,-0.24496041,-0.91280884,-2.2596154,0.48020107,0.44338578,0.789804,0.17201956,0.90336,-0.7272561,-0.7368626,0.68415457,1.8251672,-1.477975,1.2255509,1.0996342,-0.04636225,0.7245311,-1.0273123,1.1036395,-0.64359146,0.19593638,0.72650373,1.4155283,-1.3465966,-0.97419924,-2.2424405,-1.0628685,-0.81189674,0.02518764,0.4315958,0.022044932,-0.0776983,0.10157727,0.20273994,-1.3405024,2.1407034,0.6297306,1.2617646,1.3890929,-0.9467663,-0.11329936,-0.2881606,0.21317407,1.0828708,-0.16112863,0.01103097,0.41005793,1.3189751,-0.7337343,0.9754283,1.4223441,0.9984797,0.77956444,-1.9161128,-1.2343436,1.2338415,0.8612185,-0.91143894,0.6636666,-1.5634986,-3.0042398,0.28071305,-0.7721685,1.0917931,-0.5489282,-1.4155707,0.11320484,0.29615846,-1.2730395,-0.9525246,-0.19405472,-0.73103726,1.3270541,0.10508268,-0.3248779,0.80086327,1.4015001,-2.362893,-0.6025125,-1.6587126,0.8941379,1.1816381,0.19899963,-2.2285051,0.6375204,0.7140366,1.5547485,1.2392102,-1.3670824,1.9504516,2.1613019,-0.6909465,-1.1104184,-0.59846884,0.58786744,-0.03880659,0.034519788,-1.8542993,1.413655,0.4011868,-0.2522323,-0.07538502,0.8295683,0.14725882,-0.69071376,-0.12387165,-0.33260563,-0.33862677,0.22835678,-0.12973417,-0.48711208,1.5167888,-0.5229921,0.51410675,-0.62818307,0.18620145,-0.86617404,-0.74409807,0.3437573,-0.46149766,-1.6569427,-0.14492485,-0.047753297
147,-0.05379454,0.4760646,-1.1039604,0.2583331,-0.26537344,0.16182671,0.5507453,-0.62105596,-0.61687535,0.85644996,1.0374918,-1.5589316,-0.8269414,-0.7058279,1.1298935,0.5748898,-0.81762934,0.04367725,0.16557176,0.40403932,0.6504615,1.1710579,0.28923666,0.351766,-0.22276954,-0.26450983,-0.5566888,0.6462046,0.9468083,-0.64932656,-0.3447384,-0.7885935,-1.185214,-1.6481421,0.19580792,0.10485284,-1.2843413,-1.0503898,0.14279337,-0.70835775,0.53370816,0.6421607,-0.26340047,0.2885819,-0.154218,-0.91466343,-0.01056367,0.74931115,-0.15106474,-0.7627192,0.5583754,0.079573296,-0.1201036,-0.06914988,0.32727677,-0.4231494,-2.480453,1.5053923,0.06829282,-0.11352877,1.8788333,-1.1956006,0.8601718,0.7998116,-0.44308284,1.5009894,-0.7641583,-1.5785613,0.21229829,-0.037514627,-1.4793802,-0.2360345,-0.5851741,0.286232,-0.50567245,0.18592012,0.7881449,-0.119030304,-1.159025,0.09027171,-1.735409,1.0466335,0.83399814,-2.3784628,-0.78803307,-0.3571944,-0.3802451,-0.90878594,0.717443,0.09242227,-1.8820822,0.12150021,-0.48210108,1.032327,-1.0831753,0.43893746,-0.06836615,0.9463292,-0.5387634,0.59449637,0.048610017,0.51679426,-0.2699695,0.51000553,0.4075667,-0.9404212,-0.41507402,-0.80806476,0.315416,0.48565677,-0.00073687074,1.3953748,-0.3499704,-1.4780588,0.5083055,-1.3664364,1.4035355,0.9223667,0.48827606,1.1831727,-0.31393662,1.7030119,1.5357274,-0.43042967,0.05716656,0.26055828,-0.33040625,1.5036104
148,-1.741572,0.5316535,0.053187363,0.5171993,-0.09587147,-0.16295485,0.138645,-0.558095,0.011161317,-1.0089562,-0.26227945,1.6020278,-0.32602376,-1.0690814,0.3385373,0.50676453,-1.0307056,0.25104028,-0.0039971774,-0.46564063,-2.1131415,0.44006947,0.9525957,0.36549562,0.3086946,-0.426869,-0.13835995,0.16553335,0.2985233,-0.8687642,0.76995957,-0.03980337,0.08955027,0.13567455,0.029116511,0.13174427,0.9771712,1.7320554,-0.3859045,-1.1391397,0.33021063,-1.6427692,0.5631206,-0.56374073,-0.17983675,0.44167814,0.57719314,0.24462989,0.25007313,-0.5790403,-0.56743264,-0.3642624,-0.83222663,0.07653053,-0.91823363,-0.43859175,0.5365362,-0.6389994,-0.515828,2.1195173,-0.12190876,-0.32058465,0.14753835,-0.120725565,0.6168163,1.636428,-0.30761847,-1.0907357,-0.8973758,-0.37698615,-0.63804376,1.0839168,0.5185639,-1.6329899,0.7775597,-0.4346695,-0.26129434,0.893518,0.09045171,-0.09174715,0.2952626,-0.9220295,-0.46323356,-0.5043915,-1.1926911,0.02896523,-0.7252993,-0.3535815,0.77650917,0.40330717,1.9571654,-1.7503625,0.09371932,-0.04406674,-0.64455676,-0.09425795,0.024333684,0.83700067,0.0558688,0.48802328,-0.9451327,0.28293344,-0.33273202,0.15418015,0.03139333,1.0572067,-2.2477539,1.3336143,-1.8532047,-0.13522987,-0.7142018,0.18862922,0.8921351,-1.0763494,1.0557758,0.71240264,1.60308,0.027778437,-0.03153595,0.56155163,1.5357796,0.46264523,0.27132085,0.68118596,-0.7509181,-1.5819632,0.7088285,1.3373741
149,-0.6294549,0.2291375,0.7377917,0.5759414,2.5824032,-1.1811599,0.67459553,0.2354743,-0.16657133,0.7478309,-0.38937223,2.1040583,-0.48940626,-0.22800645,-0.16135463,-0.7991612,0.45488265,-0.48468107,-0.6470623,1.3608959,0.49681026,-0.38112146,-0.6401087,0.3810511,-0.9084186,-2.6754587,-0.9416812,-0.2967509,0.46672928,-0.30696192,0.008214988,0.20697689,-0.2021271,0.02369642,1.408171,0.29043576,0.011998171,-0.9525796,-1.740816,-0.3432099,-0.10636586,2.5706828,-1.2746602,1.0399314,0.48022416,0.82821214,0.25120482,-0.574046,1.6326823,-1.3821613,-0.7847258,0.8222806,-1.6017096,0.9480905,0.4496274,-1.3114902,-0.6989815,0.07241455,0.3328635,-0.71793956,1.049934,0.26096523,0.38270187,-1.1559936,-0.64311516,-0.3541336,0.46899754,-1.5852772,-0.91250783,-0.34131205,-1.7156373,1.4134148,-1.5299484,-0.081652395,0.6581638,1.1293701,-1.1448041,-0.32428008,-0.9149294,1.6320109,0.74596804,0.3604401,0.55623907,-0.17151693,0.38176018,0.8392293,0.93363255,1.5007657,1.865145,1.062266,1.2056466,0.41431868,0.39147177,-0.42603484,1.6499472,-1.0211943,1.1891781,0.15677153,-0.5678167,-0.01714685,-0.024914367,0.034059647,-1.0341859,0.021821557,-0.21109627,0.91637313,0.26710248,1.046521,0.4457167,0.70939404,-0.32388437,0.34672308,1.3482327,-0.9727625,0.99743646,-0.18376736,0.2027443,0.8047193,0.82366276,-1.2202111,0.45815843,-0.9978975,-1.2351786,-0.09488395,-0.44504163,1.2417295,-1.7340883,-0.89232534
15,-0.18661182,-2.3111267,-0.34336978,-0.7704323,-0.40819964,-1.5255078,0.13922681,0.53553766,-0.3949365,-0.4826096,0.7046367,-2.6736975,1.5556189,1.2159437,-1.0221871,-1.1095352,1.1344277,-0.9900248,0.59528726,0.16930388,-0.2312556,-0.8682127,-1.7549691,0.6253608,-0.40598628,-1.2382902,1.256896,-0.47903463,-0.93497,0.20348835,-0.33120975,0.43789443,0.1644282,-1.8610623,0.8774612,0.02848879,2.4042552,1.948465,0.32781774,1.0017493,-1.0271416,1.4173112,-0.5798815,-1.9635197,-0.34920797,3.3593147,0.42784205,1.2849839,0.9335137,1.4348836,-0.0816153,2.5425932,-1.0934347,0.84868836,-0.71711606,1.1817013,1.8517566,2.4817548,-0.4393732,0.14448787,2.304761,-1.4723573,-2.8750727,-0.00048546193,0.29465842,-1.1601729,-0.9563654,0.18469554,1.5504488,0.4870732,0.56137437,0.80604446,2.070002,-0.09740646,0.6838205,0.58036995,-1.560211,-0.17479329,0.6926033,0.085236475,1.8327442,0.12567748,-1.2606989,0.10907475,-3.1162946,0.57328635,3.1842773,-1.3790327,-1.2696806,-1.4784224,-1.1693553,-0.7068596,0.043103304,-1.3411226,-0.34842357,-1.8900198,-0.98488873,0.4176773,-1.1454362,1.7786747,-0.575728,0.89287543,0.71738005,-1.7821826,1.3972983,1.151415,0.669665,0.41180673,-1.0736969,-1.4971263,-0.28649083,0.25250667,1.0377887,0.7515109,2.0705616,0.5322889,-0.5042195,2.5040598,0.20406708,1.3791502,-0.2669506,1.5707308,1.4231039,-3.5107224,-1.7223809,1.7043028,-0.30974928,1.285499
151,0.9759121,0.13983135,-1.7556744,-0.64275575,0.41000545,0.35510543,0.22190213,0.2876572,-0.108641624,-0.21882784,-0.8492587,0.20018318,0.29397777,1.1505184,0.64399415,-1.6390032,-0.42836654,-0.35379353,-0.062330656,0.06279887,1.2119594,-1.9378809,-0.17718601,-0.17764339,-0.81607294,0.17649552,1.8720478,0.62318444,1.8303498,-0.9271497,-1.0980332,0.03566063,-0.89862627,-0.2951588,-0.28703648,-2.3596635,-0.4302138,-0.12939923,-2.1804705,-0.4914826,0.74678826,-0.8402586,0.50864494,0.9615273,-0.006270107,0.22408095,-0.6185019,1.2816205,0.31928068,-0.81403834,-0.47762054,0.039606202,-0.41227132,-0.5700293,0.36936766,-0.4106055,-0.3864099,0.96091616,0.303779,-0.11536024,-1.002227,1.6075115,-1.2172992,0.4033724,-0.72588265,-0.16051704,0.8002991,0.1632887,1.0653741,-0.010514719,-0.051590748,1.2930994,0.24361844,1.4515765,-0.21016811,-0.6789752,-1.5790771,2.3430653,-1.0471855,-0.8104542,-0.28938365,-1.573006,0.12993348,0.81852126,-0.18491293,1.4428598,0.8376044,-0.36837813,0.89539516,-0.36738884,-0.21158174,0.8513145,0.46746057,1.2561246,0.98939645,-2.572942,-0.23511763,1.0889989,0.82941306,0.8364363,-0.671371,0.101076104,-0.5569814,0.27721822,0.6220276,-0.785419,0.72071743,0.7820077,0.82062733,0.37691596,-0.4585203,-0.46834242,-0.5471102,0.8987603,-0.52532625,-1.1563677,0.19992003,-0.09188899,-0.1024786,3.070475,-0.76775455,-0.17471084,0.9924222,-1.0096396,1.0407784,0.57531184,0.20676868,-0.14974909
152,-1.5525627,-0.40249833,0.53096265,1.5251403,-0.06551795,0.9941163,-0.4565909,0.32296816,-0.7747654,0.12335665,0.6670574,0.2134051,-1.3222303,0.10682356,1.3619648,-0.21303417,-0.81346416,-0.9705412,0.45173934,-0.0331562,-1.7927341,-0.85670674,-0.86351204,-0.13129343,-0.0048256717,-0.030320264,0.6020664,1.9500061,0.2544815,0.94470173,-0.983383,-1.4242055,1.2361084,2.498404,-0.3538283,-0.16806476,0.52322966,-1.8974379,-0.8014635,-0.28824478,2.0516622,1.573428,1.2747154,-1.1873484,0.37939665,0.7510607,0.019168038,-0.31000403,0.36201745,0.2789447,0.85031426,1.0363568,-0.012804518,-0.60532737,-0.71261173,-0.8907114,-0.62901753,-1.5389543,0.3262738,-0.776968,-0.40284488,0.99612707,1.1943781,0.9421303,-0.08451083,1.2873648,-2.259681,-1.6691486,-2.115959,-0.3815145,1.4506716,-0.81709754,0.62706953,-0.34794238,-0.6414998,-0.23244944,0.73651737,0.3319043,-0.94122225,0.22722833,1.5779536,-0.7250459,-0.141511,-0.7290478,-0.13663173,-0.17885605,-0.60062206,1.5584744,0.23183149,1.1856965,1.7795238,0.07602448,-0.52509487,-0.8043538,-0.000977945,-2.3245924,0.1833401,-1.5690659,1.1858735,-0.14128311,-2.1173358,-1.3566306,-0.13463113,1.1542836,-1.4649521,1.6153394,-1.2544175,-1.2704102,-0.5072705,0.6151426,-1.6435416,-0.21382794,-0.95683366,-0.11158767,-0.06732191,0.29134694,0.13688447,1.8370724,-0.11477134,-0.006907017,0.31266296,-1.0846587,0.88636494,-0.036606535,0.47502744,-0.3814697,-0.8806909,0.66999525
153,0.21267055,-1.0556892,-0.66452324,1.0310385,1.1714851,0.040562402,0.11282922,0.6883789,0.5159323,-0.5322272,-0.7474698,0.5095677,-0.35256284,-0.8583281,-1.1350008,0.45870024,-0.119264826,0.35043445,0.7458347,0.34093797,2.4567647,0.84611034,-0.08276414,-0.3207219,0.22859024,-1.0564923,1.0001131,-0.24517615,-0.23083097,-0.036222924,-0.73059535,0.5091036,-0.81244034,-1.8834828,-0.49699414,1.2052176,-0.9190162,0.16647519,1.2496893,-0.20740028,0.30708367,-0.3221734,0.6459054,0.081236966,-3.3777816,0.26954708,-0.21923505,0.69893724,-0.009698686,0.7590875,0.2636979,-0.9392609,0.34789625,0.4095154,-0.5983731,0.31769845,0.9470092,1.0710647,-0.16126728,-1.2164212,0.44578445,-0.16975845,1.69726,1.4936821,-0.012138462,1.2479943,-0.35005352,0.6272888,-1.4867871,-0.19328879,1.5470613,0.3791156,-0.88632756,-0.04558623,0.085530505,-1.0344051,0.0873489,0.065763295,0.85480237,0.37142247,0.96528876,0.4163167,0.404215,-0.2931028,1.3241252,1.7458819,1.0377058,0.74351615,1.5076848,-0.08528969,1.3332486,-0.7264972,-1.5122796,0.053920195,0.104282275,0.6770699,1.0277408,1.4564741,-0.7022191,0.3828009,-1.0754396,0.7112341,1.3302128,-1.3988968,0.47516486,0.41385862,-0.4477529,0.28074366,1.0162411,-1.8618219,-0.24207312,1.0397152,0.08059395,-0.31898224,2.3904397,-0.17783968,-0.4110338,0.5676419,0.4042852,-0.061936006,0.0044762706,0.23844646,-0.57020277,1.0034063,-0.110581994,-0.6145789,0.026302738,1.0069433
154,-0.08127635,-1.088095,0.86506104,0.9814422,-1.1887597,-1.4468462,0.23716368,0.963446,1.5543946,-1.5737805,0.5148876,0.79904306,0.39637607,0.7080111,0.74505395,0.022650648,0.0017371167,0.69249403,0.49204692,-0.019740479,0.9410437,0.8975297,1.0564288,-1.9032762,-1.066306,0.85397315,-1.9688003,-0.2360092,-0.80848837,1.1765001,-0.8817359,-0.74529535,1.3402075,-0.601761,0.23868488,-0.73896825,-1.0264486,0.7505751,0.6865581,0.16628194,0.22086656,-0.4638102,-1.7336122,-0.6492624,-2.2518034,-0.9908721,1.7836984,-0.7458914,1.1019363,0.85649776,0.14980304,0.19391705,1.33537,0.9848408,0.13139197,0.31492826,0.7390714,-0.1932785,-0.5218237,-0.5500605,-0.9523482,-0.72745794,-1.0200604,-0.75516814,-0.9811546,1.6406784,0.046655696,-0.51650167,0.68623453,0.6774778,0.25659028,-1.1940709,-0.93463737,0.17923261,0.72942984,-0.38967282,0.37669608,0.2667426,-2.7265682,-1.3113356,-0.22416615,-0.29578218,1.3981793,-0.86057097,-2.2482169,0.42140877,0.6984945,1.03176,0.57189626,0.07135697,1.5024004,0.65120864,-0.8155459,0.90523076,-1.8213028,-0.38506392,-1.4604154,-0.8053974,-0.3179071,0.17953584,0.58047163,-0.9590091,1.0368853,-0.29210436,-0.033089668,0.27121174,-0.17579594,0.0841364,-0.095351666,0.91799384,0.8701522,0.29554027,0.22408798,1.1655624,-0.46436724,-0.7013191,-0.17080481,-0.3922098,-0.24536303,0.9081349,-1.1550281,0.78786844,-0.16873007,1.1011318,-0.24663982,-0.13074999,0.69423026,0.1616785
155,0.37466145,-0.43456164,0.049788915,-0.44583756,1.3729709,-1.7604215,-0.048625395,-0.0015990903,0.31024292,-0.45989704,0.08409194,-1.1276975,-0.18471539,-0.010631884,0.3212928,0.5066741,0.029402826,0.46101496,-0.19441123,0.7871941,0.544816,0.20417517,-1.0811865,0.95830566,0.77391475,1.6108714,0.36369094,1.5205898,-0.04408497,1.415355,2.627132,-0.2942984,0.84749126,0.45822954,0.6054865,-0.91765,1.004253,0.76758194,-0.5241694,-1.1327645,-0.1227949,0.71604294,-0.07706899,0.8282392,-0.7233508,-0.445313,-0.25402513,-0.22965105,1.7707963,0.8331491,0.8509804,-0.19712918,0.33813822,0.4786496,0.22481486,0.22973128,-0.21044636,0.3684928,-1.1566592,-2.1449368,0.7440748,-0.64053905,1.7344768,-1.7773547,-0.44002658,-0.9900794,-0.71903694,-0.92032987,-0.10987733,-0.15621887,-0.14010501,-0.5739438,-1.1099085,0.07835941,0.54802865,-0.52019715,0.013616315,1.6077589,0.14789775,0.85384,-0.71411884,0.24660566,0.79834235,-0.43693745,0.24768543,0.65719736,0.7468364,1.4525975,0.42896172,0.6389602,0.7628685,-0.42445812,-0.26986998,0.114125445,-0.434555,-0.46968886,-0.96754813,-1.6101437,-0.056118805,0.073025785,0.5926869,-0.08894183,0.25819573,1.014533,-0.2876191,-0.26543984,-1.026518,0.06568389,-0.42262235,1.0166825,-0.48906398,-0.15922663,-0.008693323,-0.13339202,1.624219,-1.0220969,0.33101162,0.09138462,0.9215696,0.6638855,-0.28926364,-0.07776211,0.1669224,1.5253823,0.86464,-1.321735,0.35699162,0.52864957
156,-0.36765546,-0.46746144,0.31146896,0.29104736,-0.6622051,1.955202,1.7542917,0.78616244,0.7914819,-0.7700469,0.5253554,0.66927385,0.3966434,0.8014264,-0.5319237,-1.2608842,0.37895176,1.5157337,-0.85814583,0.5361512,0.0031906632,-0.47903386,0.93348265,0.6887875,-1.2339586,1.212144,2.9356372,-0.45586237,1.1398836,-0.60881186,-0.37046131,0.34193486,-2.4401789,-0.06461418,-0.87085277,1.0280026,1.9948554,-0.16037166,1.2440553,-0.5195615,-0.2138462,-1.9584895,-1.1411223,0.29166338,-0.85362476,-2.47483,1.5764607,0.12200837,0.21073863,1.071768,-1.5949515,1.0557231,0.9480871,-1.1403451,-0.68447995,0.10158925,-1.4805613,-0.20757231,-0.6842355,-1.5472844,0.005653809,-0.3963217,-0.2502721,1.0806756,1.7903285,0.98073304,-0.43825847,0.32669073,0.2976535,-1.1321386,-1.4386882,1.850384,-2.1349444,1.6275227,0.06755994,0.65091205,0.757191,0.21973808,-0.10454378,1.321924,-0.97759235,-0.6980906,-2.081449,0.53190374,-0.54383755,-0.8000192,-0.41319123,1.1681106,0.42538792,1.0418874,0.8354655,-0.49477547,1.7670755,0.88004905,0.26449987,2.306135,0.68167585,1.7648566,-1.2216175,-0.6054801,0.69117224,-0.47580647,0.029051501,-0.29080418,-1.211192,-0.9179799,0.203265,0.41346893,-0.9173102,0.1987463,0.11781369,-1.0301979,-0.46577457,0.60399044,-0.97921795,0.063868046,0.18828711,0.64938897,-0.5194179,1.2569612,1.0911558,-0.071752094,1.1055363,-0.3264815,0.12232789,0.6377409,1.2515312,-0.20956783
157,0.827248,-0.47039196,1.3102988,0.29440004,-0.23588017,2.5649989,0.83691835,0.52003527,-0.3456801,-0.6434642,2.1588533,-1.0785587,0.7262797,1.2168797,-0.4027461,0.3936037,0.73414826,1.3255534,-0.97178894,-0.11267347,0.5388835,-1.4856101,-0.021729417,0.23290622,0.09539831,-0.17605369,0.1054613,0.7956982,1.4283106,-0.3354863,-0.19403626,-0.046516106,-0.1417449,0.5514913,-0.37068793,-0.35147053,-0.46979004,0.8440766,1.2595583,-0.5965433,1.9576252,1.7029098,0.40466303,-0.8390869,0.20170641,-0.32615823,0.25095758,-1.4004478,-1.1775174,-0.9985888,0.19900452,-0.056849256,-0.39287362,-0.7527561,-1.3822626,0.6576813,0.3541543,1.5038258,-0.2588147,0.5284205,1.1497198,-0.33569142,0.46624282,-1.5062304,0.4244738,-0.5685172,0.6804762,0.16202912,-0.2916773,0.12978044,-1.6821245,-0.9065196,0.85025567,0.74239165,-1.1384015,-0.55109674,0.8563141,-1.4530978,0.3504279,0.18860312,0.6871761,-0.904899,-0.68907017,-1.2504709,-0.14163733,-0.15646616,0.39871883,-0.50634277,-0.030766437,0.55374926,-0.57855004,-0.65575564,-0.38695332,1.0999014,0.70416194,0.218857,0.4333269,-1.0522943,-0.9650446,-0.67757833,0.20587285,-2.0885963,0.51589006,0.29084808,0.20052183,-0.52464175,-0.6227571,0.73657584,0.36427635,-0.38982096,2.0505457,0.7166539,0.5969635,0.6011004,-0.3901582,1.4935163,-0.13541116,-0.109332405,0.89582396,0.060676195,-0.9826093,-1.0756783,0.9968462,-0.9767408,0.96519476,1.2827119,-1.2725872,-0.6008479
158,-0.07336414,-0.36408862,-0.8201423,0.611189,0.049877767,-0.7946176,-1.632232,0.95256406,1.2104263,0.12604655,1.4719213,-1.0848715,-0.9883353,0.48474824,0.5944021,1.0221809,-1.009003,1.5220648,-0.22088045,-1.1137431,-1.0328135,0.48655277,0.4486073,-0.31958234,0.13615046,0.6911918,0.07256871,-0.8679708,-2.3706145,-1.0439215,1.254488,-0.56475604,-0.4279843,0.02017954,-0.38684326,0.25797164,-0.3619215,0.73601365,0.5690027,-1.3232864,-0.21889807,-0.48087075,-0.58914906,0.10431557,1.2308178,0.8025009,1.4594901,-0.82861835,-0.4466541,-1.5118378,0.5971384,0.8153355,0.118237406,0.97216415,0.08816855,0.2397193,-2.2475092,-0.4301493,-0.22103953,-0.6464153,1.4321486,-0.89118075,0.017611891,1.028529,-0.72980547,0.86334836,2.0375905,-0.17157628,-0.29732734,2.077361,0.26297146,-1.1499904,-1.1425743,-0.5898508,-0.26592723,-1.2466084,0.9749077,-1.2625402,-0.5404991,-0.28200245,0.97266924,0.8307334,-0.50193536,-0.42788026,-1.0186092,0.9735653,0.8960906,0.033276893,1.400853,0.6054968,-1.0647426,1.2928716,-0.17448105,-0.13977468,-0.8043627,-1.1400094,0.45166978,-1.2889494,0.35868293,2.07618,0.44176736,-0.23368047,-0.58447546,-0.06876749,-1.3782623,-1.583888,-0.50117314,0.0365278,0.34442043,-0.46411204,0.45061046,-2.7736564,0.05383782,-0.27664846,0.14693382,-1.0721071,-1.3394747,-0.10184573,-0.4208199,0.06684759,0.5018172,2.042925,-0.33462027,1.0686575,-0.5855679,-0.45969808,-2.0130434,1.4959141
159,1.0749063,-1.0792618,0.42812666,0.39016876,-0.9985809,-0.8938027,0.7370542,-0.033812977,-1.1934391,0.19455759,-1.322208,-0.6794025,-0.917514,0.23261674,1.3401616,1.050759,1.4436953,0.0037427216,0.41777667,-0.5790399,0.15335976,-0.17202657,1.256396,-1.0064081,0.6206144,-0.09574918,0.31105807,-1.8047156,-0.72409946,-0.26647058,-0.2180648,0.81732124,-0.044703867,1.1201183,0.75863594,-0.770194,-0.23581849,0.7566617,1.5020828,0.20984401,0.53373814,-1.0658569,0.648431,0.20596598,-0.23008615,0.71660894,-0.34397167,1.4533947,1.5501124,0.03486011,0.441413,0.30790654,-0.6086747,1.0839767,-0.12495837,0.19530189,-0.59707916,0.87105256,0.04236093,-2.1892934,0.9032961,0.61851394,2.2751672,-0.16105282,-1.2268301,0.98157525,-0.87867105,1.3407698,0.5845288,1.1830989,-1.4432127,-0.5888414,0.42350015,-0.08075903,0.83185434,-0.31233945,0.06160037,-0.62803715,-1.2017611,-0.62056595,0.97623837,-0.24820672,0.869921,-0.14688298,0.52230567,-0.49163672,-0.2908159,0.40494075,0.9555082,-0.05910034,-0.14864048,0.4617533,0.68844604,0.46649265,1.0382409,0.12410564,1.6299589,-1.1877543,-1.6196243,0.24790637,0.4215126,0.840094,-0.62030005,-0.11421547,1.0114962,-1.4275036,0.6539076,0.79531956,-0.39235836,2.7308114,0.12710612,-0.35421762,-1.0831071,-1.5294915,-0.94449747,-0.44321418,1.0869174,1.320842,0.43698853,-0.098723136,-0.76797885,-1.1371461,0.31891796,-1.1498936,-0.062031012,-0.7518323,-0.12523071,-1.5530857
16,0.06779261,-0.66238207,0.5124627,-0.3101171,0.0738057,0.2526633,1.264666,1.8087109,1.5593603,0.33713162,0.22584882,-1.2094562,-1.3258449,-2.060875,-0.62543476,-4.065082,-0.2982913,-0.22790663,-1.5930595,-1.2296585,-0.076639004,0.52330613,-0.019440738,-0.08244218,0.3158052,-1.3697528,1.9414104,2.1835618,-1.5908414,-0.04234675,0.5160165,-2.719872,-0.30250084,0.7261757,0.63833845,1.3456247,-1.9566765,-1.4090077,-1.7440174,0.48236144,-1.3962421,0.7337402,-1.15292,-0.50424254,-2.1517985,0.2694126,-1.0464559,1.2925463,0.5481985,2.1138005,-0.01287218,-1.3316089,-0.9710037,0.15885986,0.4357079,1.5900587,0.46345195,1.8863947,0.31724116,0.07627261,0.29582852,-0.17122053,0.2793214,0.2224148,-0.7266862,-4.8877664,-1.7435731,0.25416407,0.2224212,-1.326041,0.3309199,0.82630956,1.1849915,0.9570794,-1.3222368,-1.3920146,0.7641706,1.1725996,-1.5737506,-1.1826023,1.6143711,-0.65654963,1.1791425,0.6402783,-2.4573534,-0.7844642,0.22123955,1.1653984,0.36853352,-0.7295224,0.9131828,-1.2245548,-0.6401449,1.4785459,-0.7712539,-1.1324294,-1.3216808,0.6688542,2.1293325,-0.26366794,-0.21955538,1.5145153,0.81886774,1.4765697,-1.2466053,-0.43722245,-0.06866608,1.1371704,0.50665873,0.29909804,1.8775238,1.9545598,0.8261831,1.068958,-0.11560649,1.5953143,-0.4560105,-1.1255571,-0.20724316,0.44350627,0.0058602304,-1.6244044,-0.45908982,0.40719333,0.7272817,0.21860413,0.10844591,-0.5550135
160,-1.1526595,-0.4849423,0.6299673,0.09288692,1.7558999,0.029200517,-1.2413752,0.34993845,-1.4995334,-1.0373281,-1.0161926,-1.9295329,-0.74448615,1.0313872,-0.15704727,0.6225033,0.020406384,-0.54928434,-0.7260253,1.0369687,-0.7858816,1.0879346,0.43333676,0.09893694,2.382034,1.2413728,-0.15057395,0.99387324,-0.5936153,-0.00093867985,2.279184,0.79307765,-0.23180234,1.0276084,-1.5417793,0.766365,0.011621273,0.28387168,0.02407435,0.17379954,0.8856936,1.0728419,-1.1395972,-0.57493085,-0.6439409,0.9307082,-0.47825673,-0.42885312,-1.0717107,-0.44953188,-0.28705534,0.94654953,0.02972564,1.2762437,0.22120145,-0.20871615,-0.624598,1.0070192,0.13155665,-0.046349578,-0.97422814,1.3468281,0.06447554,-0.9216951,0.09467475,-0.042750515,0.19815718,-1.0042042,1.3638403,1.3082676,-0.6085679,-0.07550642,2.0291944,-0.5144672,0.19805664,0.3570032,0.19648583,0.8963084,-1.2127236,-0.08071045,-0.018674443,-3.0848773,0.21074554,-0.18047512,1.2441646,0.2250219,-0.14718434,-0.23851848,2.1543524,-0.8505994,-0.49933872,-0.9735305,-0.78847134,1.3484169,-0.40895078,0.6372946,-0.29978102,0.930042,-1.4194168,-0.1887384,0.08565176,-1.04889,0.9120834,-1.8247833,-0.07964923,0.2824752,0.78818274,0.5638615,0.4350368,1.3999434,-0.380839,0.74881274,0.15906674,0.06671727,0.47955972,1.2230014,-1.1878545,0.20320982,1.582079,1.5942296,0.22435792,-1.0108358,-0.86868685,-0.67780703,-1.5420333,0.2074741,0.76369536,-1.4831628
161,0.9582388,-0.05390823,-0.6144064,-0.3798601,0.5799335,0.43279755,-0.6527124,-1.255108,0.050212342,-2.107144,-1.3031107,-0.49613973,-1.2656648,0.6360779,-0.37456557,-0.58878654,0.34174377,-0.4717821,-1.3080128,-0.70549047,0.56340533,0.19877242,-0.5457909,1.2245245,-0.18551433,-0.70548815,0.95169216,0.36258808,-1.0047549,0.80567867,0.29691207,0.41379416,0.15621467,1.50064,0.69797593,-0.7677176,-2.1724849,1.3699188,0.43483728,-0.45937532,-0.20236023,0.6706528,-1.2966616,-1.2519618,-0.6525913,0.24145092,-1.577897,-1.6102037,-0.6739302,-0.99455506,2.1402361,0.503956,-0.20240325,0.73759913,-0.3560089,0.010898618,0.06652066,1.7836944,-0.7900043,-1.0079998,0.5657172,-0.026688958,-0.26293817,-0.20908955,0.21265854,-1.4498602,-0.87389755,0.8007959,-0.76701105,-0.1244519,0.8026129,1.1965628,-0.6525575,1.600557,1.0125674,0.26594907,-1.7245517,-0.35811543,-0.07756917,1.231832,0.7702613,0.52170044,1.4697703,-2.5435965,-0.9030042,-0.77792794,0.2372994,-1.1343578,1.6392769,0.8804504,0.06541101,-0.8983229,-0.5148024,1.4423385,-1.362799,-0.006524057,0.27369905,-2.333809,-1.1359972,-1.3829582,0.80118906,0.5231505,-0.7847577,-1.2682573,-1.4088837,-1.7739729,1.8477411,-0.7549946,0.3529404,0.058905844,0.43887064,-0.11502788,0.3057528,-1.4250114,-0.1705496,-1.7915266,1.3916746,0.79712534,1.3664119,0.02851882,1.1602099,-0.37454796,-1.24802,-0.25734213,-0.21645333,-0.31625488,-0.10258893,1.045289
162,-0.6651513,0.9539255,0.2726232,0.31343576,1.0460856,-1.2318157,0.695153,0.4943475,1.2603514,-1.1021051,-1.4397941,0.4140549,-1.4243195,0.24512236,0.46255216,-0.32796016,-0.7881045,-0.93954617,-1.4655129,-1.4975986,-0.1907063,0.35101745,-2.2313464,-1.1399672,1.4793246,-0.40046477,-0.27156183,-0.84158367,0.3123178,-1.8453139,-0.07133648,0.26298657,-0.9095751,1.8972986,0.6611566,-0.013484082,0.34293416,-1.2346661,0.80726594,-1.377238,0.61321265,-2.0054438,-0.12352155,0.43877777,0.4589421,1.162078,0.7095323,-0.2995218,-1.5821402,-0.7306318,0.7302452,0.14042066,0.035638712,1.1179324,-2.1120162,-0.84557396,-0.6665911,0.64259803,-1.5062943,-0.71172976,-0.2981104,-0.7597778,-0.2985505,0.16180913,1.5371227,0.052275203,-0.95068586,-0.81616324,1.1540658,-0.050431237,0.19687562,1.1803311,-0.76217055,0.5385366,-1.9333364,-0.2817164,0.3074146,1.2575203,0.6247797,0.12145756,-0.32823554,0.6795618,-0.6423149,-0.47587663,-1.2652112,0.2989541,-0.12902917,1.289936,0.9537125,-0.25676122,0.76350707,1.8499718,0.74189085,0.54712576,0.43326116,0.81410366,0.30508098,-1.2149272,-1.0419977,1.2038565,0.2455479,0.6271694,0.86148393,-0.38579747,1.8330938,-1.442572,-0.005730304,-1.37761,1.4486749,-0.40926382,0.03958885,0.87770796,0.81584495,-1.8908294,-0.3352186,-0.59042346,0.24759068,-0.5926104,0.32593074,-1.4343406,-0.29855397,-0.54238683,0.0985647,-1.7263192,-2.6212258,-0.45619944,1.466437,-0.31061918
163,-0.36188045,-0.96115917,-0.13772105,1.0851558,0.04575209,-0.051177025,-0.06729917,0.71426916,0.453074,0.12391931,0.40196297,-1.6650207,-1.2692583,0.1275641,0.8014547,0.6728851,-0.28531578,0.37686878,-0.37560457,-1.1031243,0.4743137,-0.20906742,0.99177057,-0.9178573,0.015648767,-0.35589212,2.1960824,0.46941736,0.04120543,1.1127478,0.31013083,0.47723722,-0.3670099,-0.93489486,1.8432509,1.8256376,0.68020505,-0.7997245,1.7992904,0.17635606,-0.18270352,-0.07763782,1.1984942,-1.162675,1.080518,1.4502792,0.8482075,0.9727359,-2.506879,-0.84227425,0.7932597,0.5410583,-0.27205023,1.2957525,-0.22096856,-0.054280058,-1.4444743,-0.56496215,0.80665314,1.0849321,1.6984144,-0.35021025,-1.0669433,-0.6992356,-1.5753615,1.0199966,-0.61161023,1.9163697,1.3408476,-0.7631875,-0.7514435,0.64507157,-0.19572021,-0.39183736,-0.35142165,0.40888605,-0.5160224,-0.32546723,0.93656874,-0.18290757,0.012617937,1.3818578,0.34229165,0.12625496,0.65522194,-1.7500187,0.5046715,-0.27247554,-1.2271359,0.076923154,-1.4984971,-0.654216,0.113116294,-0.09031613,0.78166264,-1.8321973,-0.6655134,1.1258056,-1.3753715,0.24659498,-1.1609126,-0.103977084,1.2211006,0.77586937,1.7502505,0.5030253,0.3342727,-0.5446762,0.69562477,-0.470535,1.4558842,1.7870896,0.30009604,-0.16194177,0.8316426,0.9028234,-1.2322248,-1.0090524,1.2306746,-1.1221484,0.50962794,0.21492599,0.25601625,-0.034052953,-0.73430496,1.4531993,0.5262107,-0.4642547
164,0.07667477,2.2496333,-0.30433464,-0.9563206,1.7387975,-0.0106539605,1.063155,3.166464,0.16538797,-0.3349979,0.16342688,0.541423,-0.60062873,-0.23405918,2.3480837,-0.32320833,-0.7042407,-0.9157331,1.0920459,-2.7225478,0.06286758,0.0932725,0.96685934,1.0029469,-0.77565086,-0.18521674,1.0097604,-0.14809135,-0.78218764,1.4760687,-0.3884086,0.39142197,1.1158758,1.6661994,1.4160459,1.6205233,-1.1813042,1.1971511,1.2402477,-1.217501,-0.78914887,-0.112460025,0.726579,-0.45378768,-0.74032193,1.4870234,2.2747896,0.2462235,2.2770977,0.96580786,-0.75087696,-0.4268463,-0.8252064,0.99152315,-1.156172,0.027253896,0.7601931,1.9373585,-1.2651244,-0.47355586,-0.27142906,-0.82212913,-0.71995485,-0.025654363,-1.2909101,-0.59980065,-1.4642282,-0.008490123,0.76952004,0.32161945,0.79578876,1.183097,0.78769875,0.21057938,1.1069663,0.8738451,-0.06466936,0.9788925,-0.1263706,-0.11589266,-0.5070525,-1.1057016,1.6762972,-1.7685074,1.1528426,1.2043674,-1.2392763,-0.67435145,-3.2139747,-1.0515993,0.8568907,-1.2066001,0.7797665,-0.9476233,-0.22319847,0.09861848,0.20163992,1.4225191,1.2297143,1.4348646,-0.79441255,-1.1198113,-0.14124453,-0.39978018,0.7466566,0.81006265,-0.041264273,-0.013489571,0.3794195,-0.31708607,0.86259466,0.5692057,1.151333,0.9057716,0.66502035,2.929218,-0.35731757,-0.8654213,1.8778768,0.48685747,1.2605077,-0.89982235,0.7687733,0.06512394,0.85795027,-0.28577095,-0.9262249,0.8948512
165,0.68528587,1.3589995,-1.8393618,0.20992638,0.39749146,-1.8466762,-0.49790204,-0.029054219,-0.78132147,2.4099312,-1.2742833,1.430351,-0.16358387,-0.04694099,0.9362603,-0.612766,-1.3992623,0.81297404,1.9014554,0.3796663,-0.69551116,0.70858395,-0.020919096,-0.9746469,-1.4507074,0.73486835,0.42926404,-0.6487195,0.14914183,0.7478376,-0.037905294,1.8891686,0.42437404,-0.099587046,-0.12851125,0.35757616,0.8837797,0.4237546,-1.146811,1.4896966,-1.3636588,0.944958,0.9338284,0.83020246,0.26505396,0.87501717,0.96632785,-0.18844828,-0.36506912,-0.50354844,-1.5116701,0.018077815,-0.95219976,2.026243,1.038508,-0.7200604,-0.040121853,-1.575587,0.14419645,1.7548565,-1.39109,-0.13171433,-1.3859681,1.3531955,-0.33905414,-0.84899896,1.5088742,-0.24192584,-0.9268598,0.7854017,2.6946893,-1.0184398,0.8771187,1.0008599,-0.5867714,0.32304576,-0.4527231,-0.096133664,0.912033,0.3788489,-0.15069002,-0.810507,0.9525669,-0.9738358,-1.1403365,0.6544608,-1.1351973,0.7467241,-0.59812057,0.6383755,-0.35864654,-0.3535198,-1.240132,-0.022274118,-0.7341852,-0.38401204,-0.6232964,2.100085,0.73933405,-0.7162227,-0.43526474,0.322223,-0.57750803,-1.4294572,-0.00028752608,-0.11748793,0.82337236,0.1455648,-0.4222304,2.0704148,0.7063038,0.93482935,-2.7663984,1.896133,0.77393156,-0.4703412,-2.0703812,-1.3164812,2.157388,-0.0020660812,-0.6210137,-0.03093738,0.3916404,1.1429166,-0.9363458,-0.42355126,-0.9528165,0.9208501
166,0.89045274,0.9582302,-0.39608946,0.6219338,-1.7979712,0.25723648,-1.7399737,-0.25611708,-0.0875174,0.9250631,-0.9590749,-0.4120967,0.92536545,-0.38511872,-1.264111,-1.1350538,-0.68742883,-1.2743976,-1.0573658,-0.32466313,-0.09702358,2.2545826,0.84307873,1.6004946,-2.5649786,1.7464172,-2.0811005,0.8972719,0.29978353,-0.3011217,2.3418477,0.38953713,-1.6662914,1.6236281,0.40538833,-0.6494629,0.34168446,-0.41620067,0.93113875,-1.0886102,0.1774163,-0.29182747,-0.15686858,1.3598644,0.97536534,-1.329772,-1.5928403,-0.70708823,0.726106,-0.14120667,-0.11976288,0.95744747,-1.5264002,0.1647359,0.7089334,1.3166057,-0.34765473,-0.02290979,1.1884724,1.3723046,0.1149402,3.4479132,0.29873294,0.52523714,0.79943377,0.8554396,1.2472471,-0.7665855,-0.11703227,-0.16227317,1.2378594,0.38194418,-1.551075,0.18082453,0.20652834,-1.6084093,0.26402268,-0.41973925,-2.300721,-1.0660199,0.96434903,-0.74668705,0.1235596,0.80138576,-2.788633,-0.39113224,-0.9811922,-0.5734231,0.6710049,0.3288211,-1.3518188,-0.08880934,0.8367464,-0.9736691,0.85917145,0.46978375,-3.65057,0.2949263,0.9173477,-0.26257882,-0.3125687,0.0327415,-1.57905,-0.47511992,-1.7330564,-1.245182,2.6516545,0.04264586,-1.3648851,1.2374163,-1.5111995,-0.8143235,-0.57841873,0.32464483,0.7172488,0.020433348,-0.50503093,1.5627003,1.6753784,-0.03238533,-0.06667263,0.51588535,0.28431845,0.34578708,-0.35495526,-1.0716947,0.24490806,1.5769403
167,0.4478101,1.4258845,-0.29462463,-0.16729072,-0.0102879545,-1.8697222,-0.8904887,0.60690016,-0.9455428,2.1011953,0.5240232,0.9711569,-0.057959557,-0.54027486,-0.0058383383,-0.3794491,-0.17506011,0.16977794,-1.287268,0.004200543,-2.8908436,-0.36532617,-0.1194632,-0.5113803,0.34460413,-0.5853484,0.38506025,-0.75310516,-1.1016248,-1.2150408,-2.164686,2.2399828,1.9850509,-1.6010424,0.6739243,0.36147943,0.15357916,-1.4117792,0.3223576,0.11597052,-0.32473493,-1.1523712,-0.9654023,0.58245456,0.24663925,0.80406505,-0.018637352,0.1794203,-0.028149223,0.9957826,0.36971793,0.7127894,0.09246354,0.23190317,0.31165925,0.12565738,0.70881194,0.16907373,0.08530875,2.7591927,-1.9131172,0.9522385,0.5940509,0.7724959,0.62318397,0.6416068,-0.39300394,0.7069011,0.2481084,-0.093523726,-0.027821401,-0.6644527,-0.663863,0.39321488,0.56111985,0.9443465,-0.16633192,-2.2203093,0.58896255,-0.64747536,1.8220342,-0.61254525,-0.01818838,-0.037062306,1.6312203,0.3318051,1.1660659,-0.30700997,-1.0729852,0.93268794,0.25292957,0.5129779,-0.27989465,0.7661562,-2.361341,0.62256575,0.31027082,-0.32353997,-1.4073485,1.3254251,0.2975353,0.2006153,-1.4377143,-1.3445423,0.26327214,-0.6257405,0.3147995,0.04039401,-0.43047705,0.6065454,-0.12682559,0.3252634,-0.48892567,0.30719715,-0.15113296,1.2796867,-0.24233794,-0.22351915,0.707987,-0.15104815,0.41550732,1.1861137,-0.25905922,-1.6866037,-0.041821316,-1.5160676,0.71568173,1.0360774
168,-1.2772702,1.2317147,-0.14317225,-0.37765005,-1.385695,-0.78047657,-2.0506701,0.19112228,-1.1872786,-0.08302208,-0.50837505,0.4527017,0.16311714,0.108762324,-0.81695694,0.017582726,-0.6516877,0.16689707,-0.691292,0.4132049,-0.9123755,0.11260463,-1.0487076,-1.1480196,0.43721947,1.7443075,-0.1343829,1.3592552,-0.47720706,1.7803091,-0.49841177,1.0037965,-0.15250815,0.45654655,-0.4355701,-1.8559452,1.0689784,-0.09370951,0.024724107,0.20430228,-0.7711171,-0.45490912,0.58109975,1.2669394,-0.30166453,-0.58052486,1.0448242,1.2310554,0.07233481,0.4127733,-0.72267103,-2.050848,0.85961455,-0.47125092,0.47543395,1.3322014,-0.94938713,-0.25751582,0.4491281,-2.5834222,0.38914046,-1.3764509,-0.3150973,0.39208153,-0.70574456,0.16565074,-0.21147844,-0.21453598,0.39940378,0.43031657,0.72819,0.4854932,-0.83754534,1.9298235,0.919428,0.47505492,-1.9151124,0.11760593,-1.4312907,-0.51223665,-0.62781465,-0.30582187,-1.2034374,-0.44977275,1.0153583,1.400303,-0.9992782,-0.45359603,0.042698182,1.6718909,-1.1591522,0.033583906,-0.35250184,0.31934968,0.45482752,1.8726407,0.19563869,1.0530823,-0.43353602,0.30700916,0.5425007,-0.26221386,1.3663421,-1.398392,0.82249504,-0.50507283,-0.80524594,-0.036159642,-0.7271718,-0.4609421,-0.15608001,0.2461531,-0.16648382,-0.42094013,-0.39776728,-1.047243,0.1811801,0.33269238,-0.55044353,-0.13982946,0.81716925,1.8997332,0.3483162,-0.8363449,0.23719673,-0.49938166,-0.47665095,-0.18946217
169,0.513839,0.82371944,0.4073945,-0.28171673,-1.6608065,0.8796288,-0.54617625,-1.1659902,0.87544334,0.24993847,0.8471957,0.16497958,-2.519395,-0.19876806,0.089793496,1.2180307,0.21094076,-1.1264682,1.6749743,1.7151027,-0.27840453,-1.2498269,-0.6329918,-0.39693752,-0.33623835,0.8618243,-0.31504694,-0.24404944,-0.7683585,0.32285017,0.546589,-1.1884733,0.9809864,0.047914296,0.3476771,1.4446667,-0.12814161,0.6460413,-1.7011647,0.5826279,-1.2555232,0.1076707,0.46418783,-0.2964144,1.2560275,1.849861,-0.6408188,1.2332218,0.589661,-0.49436384,-0.023927284,-0.2912277,-0.9786246,-2.039423,1.4318856,-1.659764,1.0553453,-0.95038825,1.1929761,0.1803633,1.1043582,-0.4916658,-0.37872446,-0.6261718,0.47196713,0.04509774,0.35832074,-0.56219274,-0.47750372,-0.7102411,1.3857197,0.7869615,-3.0850742,-1.0860255,-0.10482874,-0.9133611,0.14840464,0.25382903,0.6103512,2.2002585,-1.2180417,0.4051695,0.48530525,-0.17250456,0.748022,0.26880577,-0.043945696,-1.700366,-0.42064956,-0.03372832,0.7775261,-0.9333601,-0.013243217,-0.499719,-0.65777445,0.63421917,0.49279085,-0.3402601,0.46593013,0.08170822,-0.77029806,-1.5478146,-0.45640993,0.21008614,1.3133351,1.6102096,0.22775686,1.3714949,-0.83994555,0.31514663,-0.42109838,0.9160567,0.11952132,0.31130683,-1.5511848,0.19579999,0.094154015,2.1335735,-1.0875539,0.4943632,0.8855702,-0.42652118,0.42539582,0.3545787,0.07294826,-0.542641,-0.91366744,-0.69634664
17,-0.588344,1.273154,2.6405897,0.35895965,0.2753236,0.74933064,-0.3111223,-0.9028123,-0.04766993,-0.58255875,-2.1846008,0.3899372,0.07523605,-0.7459762,2.233598,-1.1827447,1.1514459,0.14170583,-0.4488976,0.32576185,-0.8779528,-0.73593724,-1.0471718,-0.11239192,0.9144657,-1.4956161,-0.42568064,0.22335775,0.12003479,1.355625,-0.12288099,-0.7529289,1.6249117,-0.1623943,0.42379817,0.32303515,-0.48390257,1.744958,3.1805427,-0.9179779,0.21873038,0.032848265,1.014321,-1.603982,1.6142491,1.7898668,1.378691,-0.72408974,-1.7230949,0.88890886,0.39806738,0.762116,0.11550935,-1.9907039,-1.9836471,0.385767,0.59731233,0.14674646,0.7362568,1.4911556,-1.3561729,-0.8941257,0.04893233,-0.29074645,0.026482297,-0.786457,0.5383973,0.026913263,-1.9617012,1.88929,-0.5886269,0.7494639,1.2565736,1.9355754,2.7537353,0.43009552,1.150767,0.30916202,0.53910094,-1.1587696,-0.34888354,0.8673233,1.1346154,-0.74040794,-0.5888248,0.5713305,1.1839154,-2.3031049,0.1368147,-0.57578933,0.51163757,0.50946414,0.88210195,-0.19094066,0.09597472,1.2777556,0.8962112,1.4024694,-0.07309904,-0.4058361,0.017900098,0.6825198,1.464517,1.6390638,-0.18130164,0.11403661,-0.491598,-0.9049462,0.37449047,0.36129516,1.471105,1.2506391,1.2003016,1.9481511,0.38434017,0.7581061,-0.8621081,0.8732152,0.5606633,0.0059389654,0.3179335,0.23737025,-0.7854462,-0.46625483,1.0883181,-0.8445022,0.057139397,2.398127
170,-0.8673486,-0.9384304,1.5755649,0.16487385,1.4277915,1.0964437,-0.29145283,0.25650558,-0.29728895,-0.009626394,0.43450752,-0.10950963,-1.2344192,-1.4923972,-0.9395916,1.0104111,0.8461969,-0.048488624,-0.9496509,1.3257823,0.49010068,0.03102292,0.33591047,-0.6364714,0.89894587,-1.176748,-0.25792542,1.1008822,0.9650736,-0.115531966,-0.08198799,-0.7134841,0.13100731,-0.580719,1.3966463,0.2372277,0.5717975,1.5055624,0.27333716,1.1015856,-0.6604893,0.26868063,0.6205077,-1.032833,0.0517584,-0.55205476,-0.8638073,-0.6736309,1.5651155,-0.079851724,-0.26432455,-0.29570737,0.5240739,-1.351391,-0.14351414,-0.31932467,-0.17570168,-0.1049334,-1.3533237,0.31096715,0.1500615,-0.2744602,0.08907815,0.3396438,0.5749053,-0.188008,0.45829025,1.640943,0.61645657,1.033987,-0.16938825,0.06388299,2.1091993,0.5800225,0.41461462,0.9336733,-0.9033038,-1.4540749,-0.7032222,-1.3719888,2.1070306,-1.5994734,1.7010653,-0.32718447,-1.4563905,-0.013828764,-0.8307526,-0.39172634,-0.73680717,0.38072827,0.6073378,0.90935504,0.51815456,-2.0376682,-0.99623054,-0.740406,1.3471131,1.7097386,-0.74963015,-0.87677234,-0.35697415,-0.5473284,-0.5579922,0.83965564,-1.294748,-0.41835687,-0.22780871,-0.02885898,0.8545664,1.0754119,0.89290935,0.15598832,-0.15973915,-1.1351492,-0.83473843,-0.93083864,0.49533233,0.22396556,0.06371213,-0.8391981,-0.7049767,1.3865926,0.9904008,-0.8529418,0.40505156,0.063429914,0.81181693,0.41959503
171,-0.034722626,0.33410448,-1.3363229,-1.3186576,0.5852155,-0.13225272,0.96364784,0.9044639,0.16240583,0.43787116,-0.99845225,-1.2337166,-0.36116815,0.42427006,1.685055,0.35664508,1.7063013,-0.672717,-0.45250565,1.3046918,-0.12612401,-0.07101665,0.31308678,-1.1823714,-1.0066602,-0.42093498,0.037816055,0.7389549,0.7131295,-0.85969055,-1.1338806,-0.4624294,-0.31359565,-0.5672746,-1.0613376,-0.84967905,-0.27925232,-0.60485137,0.37253574,1.1375005,0.14387311,0.65465057,-2.933864,-1.8570018,-1.7040354,-0.22863318,-0.67697877,0.05779315,0.78086555,-0.44866315,-1.0314467,0.198651,-1.416374,0.4078909,-0.18928382,-1.7299478,-0.051180758,-0.5281774,1.1985471,-0.29217726,0.04521575,-0.32319337,-0.3941635,0.37060177,-1.3429233,-1.6073217,2.5339224,0.8585021,-1.0817654,-0.06166602,-0.06874575,-0.75667495,1.9267569,-0.7496352,0.13107762,-2.1891675,-1.2503264,-0.92110676,0.5351428,-1.2678064,0.4114084,-0.9048994,-0.9819423,-0.24285965,-0.5626365,-1.4765687,0.69168127,0.1786001,-2.0295491,0.7450516,0.99502486,2.4767141,0.36837506,0.7318925,-0.054601934,-0.50287825,-0.6768569,-1.2973719,-1.6532433,0.06880196,0.7695132,-0.8911707,-0.8432038,-0.06579585,-1.2077273,-0.513277,-2.8901057,0.6382833,0.50617796,-0.0935466,-0.7567167,0.54855096,0.9472339,1.019646,-0.22821313,0.78931487,1.1097869,0.16752672,-0.004508819,2.0095885,-0.5005453,0.35542554,-0.72388506,2.077405,1.1460198,0.56755483,0.16847159,-0.4852581
172,0.46509656,-0.4860486,-1.3453772,1.8803176,-0.7329325,-1.1464683,-0.44873324,0.35807437,-1.1369514,-0.43746683,1.1615644,-2.261073,-1.1517098,1.8233788,-0.9400092,0.41341007,-0.63345873,1.0434811,0.037718937,1.663179,0.96638656,-1.7082604,-0.06468581,-0.9677691,0.19238852,0.2659207,0.9921117,1.0831419,-1.1442579,-0.4653835,1.9499669,0.49753368,1.942421,-0.69277525,0.34845215,-0.4088729,-1.166695,-0.31041536,-1.3341637,0.24654365,0.34450778,-0.86191654,0.76050186,0.9184244,-0.18214479,-1.4122559,1.0933847,1.0932676,0.06528726,-0.6389335,0.16630031,0.2455761,-0.69465744,0.0352775,-0.41410896,-1.0060742,-1.5545032,-0.13678722,1.7081429,1.2277725,-1.1757951,0.98129606,-1.0715361,-0.41034338,-0.37521446,1.8119088,-0.94267195,1.4587756,0.49526602,0.88873047,-0.44491345,0.5193358,0.31243706,-0.23645267,0.64609253,0.88993174,-0.5361631,-0.13329805,1.0962615,0.65331906,1.6102376,-0.9404041,0.0012106964,0.3600331,-2.268627,1.0504943,-0.90790004,0.10819833,-0.51760983,1.9490422,0.6078289,0.84382176,-0.065850236,-1.1034635,1.5050902,0.20716506,-0.33194244,-0.28438574,-0.16440697,-0.3859698,0.016949257,-0.2975412,0.39656758,0.3660775,1.0809767,0.028542863,-0.44141558,1.5009296,2.1841028,-0.51774085,-1.3375756,-0.6951381,1.2678925,-0.3784077,0.707179,-0.38368338,-0.74595654,0.055186417,1.0490545,-0.3786241,-0.5680137,-0.54240674,0.8925669,-0.24102165,-0.045638677,0.53113157,0.5255622,-0.6903325
173,0.74934167,0.1199765,0.7016431,0.11609804,0.03695434,0.9644017,0.9524282,-0.44765422,0.13927095,-0.43955103,-0.3957369,0.25232378,-0.5888091,-0.7506227,0.42472413,-1.5205909,1.6965592,-0.88247067,0.640612,-0.03506376,-0.9237108,-0.67910546,1.5486584,-0.15140863,-0.6534506,0.9320675,-0.43274164,0.6684383,0.9664895,-0.35533577,0.50554687,-0.49665648,0.80376273,-0.6475093,-0.48973823,0.13017596,0.382212,0.73617387,-0.24814008,-0.5586015,-2.503286,-0.1762386,-1.3483845,-0.39414838,-1.033944,0.6335168,0.3865183,1.3788502,-0.70883167,-0.16684799,2.285123,0.840883,0.7737743,0.27367914,1.1380073,-0.5063381,-0.31325504,-2.5837834,-0.15478186,-0.9316391,0.5112827,-0.41030493,-0.16033024,-0.2855656,0.8091322,-0.9899491,0.76386887,1.0241786,0.26578054,0.7296971,-1.2822907,0.16159528,-0.6920848,0.10428686,-0.48814967,0.3650152,2.040338,0.0072530853,-0.018543918,1.4824464,-0.8202483,0.44229135,-1.1615245,-1.9793441,0.08783865,0.1729078,-0.600748,-0.19329014,0.78946614,0.016525367,-0.921499,-0.45602512,-0.1142442,-1.2918396,0.20901918,1.5886631,-2.7725527,-0.60038865,-0.17325789,1.3937399,-0.09098951,0.46362862,-0.8336811,-0.51185834,-1.6497532,0.9442691,2.491223,-1.2591513,-0.087059066,-0.21540713,0.70414716,-0.014785988,0.79851234,1.5649112,1.9685453,1.0613624,-0.7690437,1.4686638,1.0899601,1.1538404,-0.07540992,-0.32729387,-0.18696435,0.19821277,-0.44483948,-0.75398654,-0.2184342,0.24070027
175,0.9878913,-0.11392427,0.8368007,0.34708312,-0.06592028,0.37413546,0.089736246,-0.8630198,-1.2607608,0.6447468,-0.42478782,-0.18892045,-0.6528102,0.61143255,1.0907046,-0.8232152,1.0676253,-0.16554548,0.90383804,-0.15248317,-0.58912444,-1.0940069,0.02199459,1.1415603,0.09408247,-0.63230413,-1.0360854,-0.5904698,0.22902161,1.4516972,0.8198843,0.30044815,-0.28769755,1.356088,1.2213228,-0.15839231,-0.016514154,1.1875484,0.18857713,0.6362376,1.1356518,-1.2623547,-0.36832547,1.1905217,0.29980114,0.9508169,-0.8273126,0.53872365,-0.12570491,0.14662123,-0.8266535,-0.473613,-0.5574161,1.5280061,-0.66638225,0.7660897,0.47962043,0.13744879,0.027743958,2.0326748,-0.5231111,0.38701543,-0.59644943,-0.56813765,-0.7121096,-0.18358868,-0.21073307,-0.23578766,-1.7832719,1.4877254,1.335077,-0.52569854,0.4883261,1.0817549,0.07810005,0.70381194,0.021966927,1.1567748,-0.5260659,1.4723065,-0.2982189,0.20571999,0.7873022,0.1106608,-1.3969764,-1.6840742,-0.2853344,0.23239371,-0.7554414,0.7152666,0.1326105,-0.27827787,1.808941,-1.249448,0.08372744,0.21172017,0.69166446,0.61870104,0.32609245,0.52787733,0.70072114,1.3649485,2.779202,0.1042556,0.11056185,0.9284321,-0.4116887,0.34197018,-0.8274862,-0.20168114,-0.3668805,-0.28844747,0.6927407,-0.58741593,1.1447448,0.9098717,1.3037317,0.37452132,1.4575965,-0.9317494,-0.88206524,0.30046147,0.17493533,-0.6275686,-0.42739445,0.089455314,-0.5589049,0.84941083
176,0.29616404,0.77913105,1.022745,-0.53497124,-0.2697086,-0.034267213,-1.5723035,0.5622235,1.8884201,1.8154162,-0.17017587,0.9404558,1.7387384,-1.1938843,-0.358542,1.0290927,-0.15318859,0.6060826,-0.49485856,0.5204648,1.0793262,-0.3790987,-0.51242375,-0.39875433,-0.15738879,0.22019033,-0.9257439,-1.2846942,0.21605274,-0.27296862,-0.27458555,-0.982579,0.24226704,1.4971141,-0.8031601,0.78738576,1.5755881,0.91455305,0.8086916,0.53160745,0.3388516,0.81696373,-0.07611788,0.7015671,-0.4458339,0.042539503,-2.010344,0.74746233,-0.93196565,-1.2139555,0.19054762,-0.51388574,-0.69620866,0.74365485,-0.76645315,-0.046916127,0.5068666,1.2865064,-0.929812,1.1837541,0.06630614,-0.33793548,-0.1987834,-1.3392704,0.6352087,-1.2520287,0.50657076,-1.7689849,-0.9803003,0.41458774,-0.89211893,-1.9711231,-0.7127052,0.060921043,-0.56467736,2.378181,0.25807747,-0.59460604,-0.10579273,-1.2128036,1.5685996,-0.4246917,-0.9408287,0.35354757,-0.8800821,-0.975333,-2.2759798,0.77041143,0.12367124,0.7185371,0.09222475,-0.6447267,0.6751923,0.40030435,2.3921568,1.783483,-0.00013056783,-0.12179065,-1.4777888,1.2607619,-0.23837282,-2.401943,-0.3184871,0.07329829,0.36452696,0.36247045,-0.21476197,-0.3338158,-1.0658431,-2.0545533,-0.63214934,-1.9411055,-2.3340642,0.40279627,-0.41615924,0.6779085,-0.52729464,0.7113907,-1.9027675,-0.41211724,-0.8155037,0.19917946,0.08129436,1.034657,0.62208366,-0.5504496,0.6580476,-1.379463
18,0.14261474,-0.15429023,-0.1685822,-0.5591196,-0.55441856,0.42083836,0.6545233,0.19962983,1.2432985,-1.8974854,1.2128698,-0.014212038,-1.1323308,-1.229966,-0.07889343,-1.256026,1.7589833,0.6055794,-0.045647517,0.4985834,-0.81928694,2.6322415,-0.44870982,0.38515845,-2.1385944,1.3925838,-1.130045,1.5689911,-1.2607499,-1.8672159,-0.3077582,0.30639344,1.8334264,0.47016308,0.09474433,0.20058581,0.27690637,-1.2450218,1.643627,-0.1922333,0.12311268,1.1313192,-0.815555,0.009585435,0.45904192,-0.36515608,0.5971934,-0.6641773,1.8960183,2.4945312,-0.49837893,0.3046647,0.30209962,-0.51147366,-0.036324006,2.1052983,1.0719233,0.7542645,-1.0183415,-0.01852564,-0.6721614,-0.756148,-1.0867901,-2.3518658,0.85939115,-0.7688523,-0.81488514,0.8036485,-0.7057142,-2.331239,1.220668,0.09154602,-0.30101514,-0.5432533,-0.6093251,-0.97618526,0.07913606,1.1234891,-1.4584049,-1.2735023,1.9876447,0.9748914,-0.18119359,0.46984833,1.9452701,-0.83730006,-1.1253908,0.14748135,1.2952636,-2.0036535,-0.44103706,0.65812665,-0.4179557,-0.75836235,0.2195941,-0.9715162,-0.27652314,0.5950443,0.106985584,-1.811199,1.2247465,2.6091704,0.26108292,0.932291,-1.4268187,-0.5940086,0.898381,-1.0403913,0.9698169,-1.6612903,0.008581006,-0.6819621,0.107535295,0.6376029,-0.20894033,1.9883677,-1.2724975,-0.13854013,-0.22691672,1.1332474,-0.983729,0.09529168,-1.3974841,0.97089696,-0.29449427,1.4310724,-1.0391321,-0.3673773
181,-0.030290162,1.0654334,0.5873045,-0.3333111,-0.07784896,0.8641459,0.06798756,-2.2811816,-0.17329338,-0.07258689,0.15051436,0.016125971,0.18125099,0.4654586,-1.0618857,-0.20530322,-0.24809738,0.2755804,-1.0214803,-0.8289526,-0.80377096,-0.73504657,-1.3626251,-0.009489145,0.014434227,0.06919142,0.88608205,1.1886239,0.56550527,0.79926056,0.23142283,1.283667,-0.48199615,-0.0013590269,-1.6340142,-0.7282288,-0.43805322,-0.5960818,-1.2860777,-0.25888664,-1.4753065,1.0788728,-0.4932379,1.3314898,1.783135,0.030466123,0.45870993,-1.5312033,-1.3952042,-0.64854556,2.8963063,1.4113164,0.42558506,-0.07728975,-0.2556166,0.47810593,3.1106555,0.21935785,0.09391362,0.66711485,-0.053290777,2.1235187,-0.23172437,-0.48002234,-0.24716924,0.8252762,-1.953207,0.14351043,0.590791,0.6050297,-1.8065227,-0.1706323,-0.6587352,1.1493696,0.8299474,-1.0052724,1.3134868,0.4960802,1.025454,-1.1686583,-0.7445347,-0.13717332,-0.38117456,-0.5555166,1.4875321,0.21624078,0.007865903,0.6018682,-0.32738787,-1.0182024,0.7186237,-1.1058419,0.52715707,-2.1374562,-0.8358801,0.017539404,-0.22809002,1.0191534,-0.17190166,1.0508622,0.73381156,0.83542466,0.088231094,0.030631095,1.0304945,1.1056589,1.2234335,-0.8102291,0.14377876,-1.7119141,0.06270392,0.8634217,-0.24437511,1.0019648,0.044303432,-0.33384323,-0.15251192,0.6247248,0.8668823,0.3059224,-1.5046766,0.24057569,0.09320367,0.116932176,-1.0208147,-0.7888151,0.68622524,1.3853126
182,1.7334259,-0.894011,-0.80048937,0.24420823,1.4995983,0.8899603,1.5089344,-0.31742024,0.09026295,-0.1832589,0.2624682,0.10155413,0.13342066,0.6263258,0.4287545,-0.94919413,-0.0018437185,1.8494482,-0.8074556,0.36283934,0.3873355,0.25109246,0.5051544,0.052823838,0.53874797,-0.73507065,-1.1280193,-0.44667396,-0.03455998,-0.20919028,-2.8567488,-1.0115676,0.8452996,-0.66197217,0.4955236,0.019846523,-0.43644282,0.5856127,-0.6248677,-0.9935403,-0.76762944,-1.5995711,-0.6949644,-0.6680236,0.36004642,-0.13562521,-2.3402529,1.322603,-0.69371367,1.6643127,-0.078932464,-0.7361537,0.44765437,0.71698123,-1.4540004,1.4488692,0.57238674,1.4683949,2.1765757,1.9792099,0.5966516,0.48487553,1.1815286,-0.70314944,-0.4801998,0.8627947,-1.1762793,-0.13664143,-0.012657214,2.0619352,-1.1376655,-0.8947119,-1.2991943,1.445219,-0.7275559,0.68783957,-1.890215,1.6217568,0.2978647,0.9718684,-0.14623985,-0.51123434,-0.6449742,0.9817581,0.04381949,-1.7534467,-0.48107037,1.5849731,0.25411773,-0.92029613,-0.9206306,-0.6645698,1.3179725,-0.93785805,0.20591816,0.81424946,-0.14548995,0.9774051,-1.0022471,1.3151903,-0.023399003,1.3548493,-0.13865112,0.16721722,-0.35279712,2.5545242,-0.48899078,0.3217247,-0.003853798,-1.1559143,-1.4587781,-1.7393852,0.4725906,-0.13744207,0.35276875,-0.8239142,-0.86040485,0.41051894,0.3147522,-0.8834281,-0.0065234993,0.22324586,-0.56085104,-1.6360135,1.4710639,2.5847514,-1.2850182,-0.4704181
184,-0.15312952,0.51832867,-1.059552,0.7584701,1.6592821,0.62534976,-0.38431048,0.8410271,1.1911805,-0.6971829,1.1624986,-0.57621944,0.21049532,-1.0482167,-0.8892532,-0.6177587,-0.7614322,-0.18204196,-0.82753557,0.04259443,-1.0511633,-1.0301605,0.84706277,-1.4003884,0.61880475,0.5547216,1.0969383,0.41313693,-1.6906295,-0.83693856,1.7429037,-0.95735353,-2.3413565,0.107099004,1.4726732,-1.0074437,1.0292709,-0.9900405,0.6246031,0.14693967,0.26741582,-1.9065276,0.63089746,-0.62174064,-1.1818137,-1.1918466,0.6404407,0.9007508,0.09061446,0.15195288,-0.44534093,0.5298301,-0.46462914,-0.15036495,0.9563732,-1.2262667,0.24152459,0.4180378,0.09660459,-0.92418516,0.65682286,0.111838646,-2.063057,0.37094817,0.10756221,0.79571897,0.29461548,-1.1572442,-0.059348237,0.28447637,-0.7887987,-0.6453512,0.70135236,-1.6181749,-0.37686118,-0.88066804,-0.34433618,-1.1257721,0.4057605,0.17518046,-0.52997214,0.2836781,-0.725864,1.0852213,1.1422315,-0.69974446,0.3904912,0.70225435,-2.046418,-1.836262,0.34399763,0.88845384,0.7517294,0.25940245,-1.6535517,-0.22186284,0.7558311,-0.8233043,0.3590632,0.78589416,-0.019559897,-0.15813696,0.08841752,0.2822909,1.6764946,0.83441263,0.9854667,0.81849617,-0.8146095,-0.79921085,-1.6815606,0.22283812,1.0272683,1.5307082,1.0622993,-0.76544493,0.7849191,1.7074802,-0.18465433,1.3841991,0.87720466,0.6284233,-0.80142915,-0.15936261,-0.30331215,0.12442621,1.3768198,0.35785353
19,1.4619052,-1.2865251,1.5828203,0.165592,-1.5222738,0.62950283,-0.62809396,-0.13535751,-2.406529,0.343268,1.2156407,2.7389083,-0.006121418,-1.7345849,-0.58078873,1.2967161,0.9977263,-0.39651597,1.3714474,0.6948288,-0.44256094,-1.3729215,1.344202,-2.6324203,0.8652303,1.3883493,0.32515717,1.6918173,0.413894,-0.38916853,0.34273353,1.3762152,1.2046943,-1.0101088,-0.390168,1.0106652,1.4876951,-0.5167761,0.80654705,-1.5647385,0.3459173,2.3240657,-0.7975783,0.06653034,-0.6520155,-0.010695718,-0.3109246,1.7095306,-1.0865251,-0.516358,-1.7687776,-1.0006722,0.3544384,-0.58771974,0.2511186,0.040248584,0.24056172,-1.0461663,0.03291973,-1.3728236,0.42732447,-2.315226,0.37931412,-2.420663,1.3931491,-1.6268914,-0.30784607,-0.9201747,-1.5575056,-1.7570932,-0.72517264,-0.8127199,0.7731084,-1.0629518,0.5380148,0.60102546,-2.0610628,-1.7632314,0.6881537,-0.5513373,-0.73649853,-1.0278019,-0.06426936,-0.3590142,0.6010139,0.58246803,-1.3290651,1.2732147,0.5715876,2.1184554,-0.031664107,-1.4952412,0.9183999,0.10133739,-0.88032186,1.4169551,-1.0145848,1.3489382,2.714857,0.9834698,-0.97851497,0.40008876,1.5619711,-2.4308665,-0.10832979,-0.7176057,3.5368807,0.06299425,0.11093284,-1.2027152,-0.89748085,-0.6812091,1.6338911,0.4116375,-2.3222377,-0.78482676,0.8128548,2.6094685,-1.2157648,1.4479667,1.34235,1.6987166,0.3789733,0.32989052,-0.022007339,-0.28925577,0.042751387,-0.5180941
193,-0.6470517,-0.66305995,-0.9109739,0.14525503,1.5812349,-0.8151046,0.011929592,2.0485442,0.5345371,1.7696335,1.1353396,0.12854423,-0.76281863,1.6410581,0.432527,-0.2829231,-0.2184926,0.3427142,-0.173146,1.934421,-0.14030734,-0.07485848,-0.6328289,1.0686852,0.093340136,0.3733169,1.3573208,1.3010856,-0.67370576,0.6185017,-0.076027,-1.3920249,0.13595073,0.04681216,-0.9920768,0.4063478,2.0725088,0.2910909,-0.67007935,-0.6086292,1.8069154,0.27239063,1.2328829,-2.23278,-0.16298667,-1.2672437,0.8979794,-0.1798539,-0.80723643,0.76950264,-0.9592336,-0.28527027,1.0682046,-1.6055661,0.5591498,0.8687131,-0.3658351,0.5045394,-0.16566391,-1.0393126,0.39182848,-0.2605954,-1.2948707,1.3840166,0.041927747,-0.16853434,0.79007214,0.20749062,0.101279356,0.6086766,0.375746,-0.44316936,1.4174895,-0.59123635,1.0738076,-1.4593307,-1.4847938,-0.06619897,1.3857111,-0.31233135,1.9334414,-1.50208,-0.7641646,-2.1762965,0.110580966,-0.048876986,-0.560576,-0.5681832,-0.7397002,-0.19764093,0.52032614,0.10977625,1.766514,-1.4087971,-0.5465526,-0.33462638,0.6439323,0.03412958,-2.0101302,-1.6687639,-2.1593993,-0.4043755,-1.6581372,-0.10743186,0.9327443,-1.4444934,-0.8558027,0.12747528,-1.0496825,-1.1789882,0.17008354,-0.9627845,-1.5245535,0.723725,-0.7281809,0.16261658,1.7949262,-0.8061367,-0.74609524,0.3992702,-2.302708,0.78512853,-0.41831917,0.70794815,0.5143798,-0.23733135,-1.131244,0.50453156
195,-0.19631365,0.89167297,-0.2802648,-1.7921805,0.3332767,0.27572596,-1.368489,-0.38304707,-0.30042022,1.9494493,0.6081388,-1.3039683,-0.42995137,0.9271467,-0.6059269,-0.06917943,0.13740751,-0.165769,0.7104747,-0.017413836,0.80167663,1.1824529,0.26422256,-0.24382068,-0.452511,1.0726477,0.8160149,0.70913106,0.65280825,-1.4211915,0.5298969,-0.7213939,1.4568721,-0.8180573,-1.4759246,1.3593879,1.0643271,-0.089457385,0.8349293,-1.9009407,0.4693375,0.54354155,-0.35873082,1.6303452,0.89464265,-1.5678612,0.08499551,0.03273281,0.52222717,-0.06763066,-1.0760981,1.7915579,-0.7215299,-1.3114691,0.99216187,0.73959446,-2.0215693,-0.058036577,-2.8788047,-0.28623787,0.13913208,0.60993576,0.17256849,0.31795543,0.49612132,0.5952994,1.7013713,0.03961243,-0.89022106,-0.058152664,-0.75164,0.6595036,-0.09531093,-0.35699934,-0.09315941,-0.45495003,0.37045115,2.129331,0.84162325,0.64796937,0.60805225,1.4811852,1.8693042,-0.24600093,0.24855782,-0.3326982,-1.216063,0.19333038,0.17300476,0.41876516,-0.2538472,-1.6900064,0.9802932,0.38525498,-0.8829101,-0.18720284,0.99180377,1.2476376,1.3309356,-0.7291044,0.6274424,-0.54112035,-1.2520577,-0.7271637,0.16692938,0.69966847,-0.0024622506,-1.1253505,1.2451317,-1.5738779,-0.08459832,-1.427928,-0.03547788,0.4842396,0.49047363,-0.64556015,0.73721045,0.07745623,0.3519514,0.16012552,0.21881805,2.4058437,0.31072867,-0.5674979,-1.0937845,0.91886663,-0.7809901,-0.11735709
196,-0.2596637,0.69993764,-1.462434,-0.3669627,-1.0120217,0.7215785,1.5335038,0.0984859,1.3708951,-1.2739792,2.4185529,1.2005643,0.55206203,-1.8761735,0.7319146,-0.60014224,0.105450474,1.5129957,0.56313056,-0.98377836,-1.5721678,0.6493642,0.3868029,1.1096876,1.2505416,-0.16367455,0.0374531,-0.3943604,1.185538,-0.353481,-1.0593427,0.77357036,0.72568625,-1.9964192,-1.1168863,1.5962873,-0.122663096,-0.9655509,0.18875599,-0.3160273,0.7555216,1.3145995,-0.46948603,0.13434036,0.41234407,0.13048163,0.094569325,0.42481384,-0.21633385,-0.19905779,-0.75075495,0.10776876,0.695352,-0.3470122,-1.2313414,-0.050491724,-0.5973757,1.2330799,-0.9254796,1.122512,0.59024084,-1.0825893,-1.5048804,-0.6564876,0.45034498,-0.76588094,-1.7813528,-0.9459209,-1.6490376,-0.2855912,0.6862661,-0.52944803,0.5861909,1.0247686,-0.84762377,-1.8038921,0.5612932,-0.88943946,0.21076822,-1.0261213,-0.5033484,-0.13292897,1.048716,0.90710264,0.02889936,0.81637967,0.16178894,0.9928847,-0.25678355,0.26059163,-0.5874861,2.1728008,-1.2107913,-1.2874912,1.0447382,-0.460026,-1.2091285,-2.2127392,1.4398504,-0.084052764,-1.3069787,-2.0602236,1.5707362,0.34426302,-0.6242743,-0.51337075,-0.045142528,0.5962458,-1.0973364,0.30463028,-0.55043626,-1.5093639,-0.41921514,1.3165354,0.555569,-1.7359416,-0.059568394,0.12101622,-0.6104908,0.8772488,-0.50563437,-0.70113254,0.716569,0.69739217,0.4006669,-0.3851857,1.3902825,-0.3746622
197,-1.1540529,0.044685386,-0.0027105531,-0.6711467,0.14395697,0.42764443,-0.23231465,-0.48299798,0.16931848,-1.1741983,0.6797867,0.11760879,-0.35321027,0.5746992,-0.7325071,-0.19391745,1.1872365,1.0724944,0.79197735,1.0106685,-0.10909057,0.90918887,-0.1649464,0.005528487,-1.6712925,-0.13802747,1.5296233,0.02330677,-0.10556028,0.85018057,0.42057785,-0.22555192,-1.0922848,-0.6284346,-0.531386,0.32587492,0.13991152,-0.69468534,0.1648466,0.2764692,-0.6126226,-0.9416863,1.5547019,-0.34572023,0.8074189,0.28891996,0.34601027,-0.47696766,-0.11528376,1.6181834,0.7529997,-0.55095446,0.56091917,-0.04622103,0.79550004,-0.30678907,2.4805474,0.15120688,0.14878926,-0.3563563,-0.12769693,-0.45990247,-0.14618681,0.21700877,-0.08461018,-0.32932973,-0.5525084,-0.8086195,0.11752345,1.4352653,-0.8541026,0.04066759,-0.7804927,-0.63314897,-0.37934878,1.0020958,-1.0339446,0.14521518,-0.5297238,-1.1457765,1.9355472,-0.8106059,-0.86463124,-1.6381114,-0.19632196,-0.16666672,-0.5650915,-0.29315114,-0.5171155,1.1992424,-0.7550203,0.6829152,-0.1644116,-1.0324425,-0.111271545,1.8174741,1.5356749,1.5232431,-0.23811594,-1.1465502,0.2217991,-0.4103936,1.909937,0.5147822,0.18934655,0.6546713,0.021980083,0.14372654,-0.2514996,0.33729085,-1.6191232,1.6511961,0.87696147,-0.30263537,0.30142394,0.025239509,0.4264715,-0.14557596,-0.32865325,0.30837893,-0.0100138085,-0.9587109,0.3207158,1.0564268,-0.95845425,0.6364801,-0.13117674,1.3011012
198,-0.58560026,-0.31772614,-0.74801683,0.13574931,-0.7562103,1.4147732,0.6068454,0.1470157,-1.3096889,0.030485675,-0.06519862,-0.9521833,-0.8137686,0.13953508,-1.4864047,1.118866,-1.4129477,-1.225821,-1.5887499,-0.3087552,0.40136847,-1.3089527,-1.9188199,-1.5760931,-1.0956652,0.76660556,0.34336555,1.3938237,-0.63561314,-1.8830394,-1.3375975,2.8531795,-1.2099359,1.073204,0.5590358,-0.7336018,-0.6203368,-0.42149803,2.1031415,-0.04540052,-0.10221785,0.4210629,1.329408,-1.4124179,-1.6158146,-1.895365,-0.52531594,-0.5490624,0.9244482,0.3644856,-0.38843507,-0.82178384,0.6382109,-0.39975724,-1.939833,-1.1125542,-0.37027177,-0.36236566,0.8878247,-1.6401635,0.3174393,-0.096359715,0.14802164,-1.1937909,-1.6495314,-0.4341756,-0.7032881,1.6366051,-0.51419526,1.1930199,0.80826193,-1.1676639,1.2452976,-0.11620696,2.0448272,-1.4115838,0.82011247,-0.052748565,0.3509087,1.5602919,-1.3780941,1.4229144,-0.23228551,0.537647,0.21261004,0.04473955,-0.08275898,-0.08375154,1.4689838,-0.5959669,0.454018,0.9502627,-0.8776066,-0.20371477,0.5127509,0.594719,-0.5999032,0.66552675,-0.34046203,0.2280259,0.097745776,-1.5208601,0.86876535,1.9598131,-0.8031921,0.099440575,-0.55576634,0.053909697,-0.72039336,-1.0878406,0.22590716,-0.21709299,0.8844136,0.36389887,0.900637,-0.14726782,-0.3685604,2.2846162,0.34425062,0.5892415,-0.3931994,-0.6103063,-0.44558248,-0.24635836,-0.27371415,-0.99834156,-0.25583413,1.1481357
199,0.8672446,1.2654458,0.005028709,-0.04906739,0.8292173,-0.2594514,-0.8034807,0.048060235,-0.491516,0.94378465,-0.408437,1.1596006,-1.3531533,0.81620955,-0.64164895,-1.0741498,0.40745157,-0.19960867,1.5876799,1.0561589,-1.2943577,-0.8169732,-0.6689724,-0.61848277,-0.73542565,-0.79164594,-1.3236357,1.9365578,-1.1475843,-0.29205534,0.5635435,0.23476459,-0.6704308,0.47967595,1.9879662,0.03337544,0.7404214,0.46685302,-1.1786815,-0.47177657,0.6031576,-0.20660397,0.7591714,0.48588076,-0.4172455,-0.28788555,1.3702115,0.45017505,0.5672297,-0.97744614,0.46197757,-1.7565368,1.1283041,-1.384419,0.7219783,0.2779306,-0.66613626,0.028077899,0.94000494,-0.205215,0.008914026,0.38449985,-0.002381838,-0.55053234,0.2674839,-0.2082575,-0.1450339,-0.1905164,0.709324,-0.5449593,0.11861956,-1.0195878,1.6131083,0.5053726,0.24129881,0.3861433,1.2618968,0.38526738,0.21452321,0.56806767,-0.23876771,-0.7873241,-1.6689179,-0.39530483,0.51697373,-0.32188335,0.10344427,0.123768635,-0.24638037,0.16106266,-0.501783,0.4574355,0.7824819,0.6526743,-0.41938484,-0.36530188,-0.32241535,-0.35189566,-0.2531211,0.8337443,0.33368656,-0.6992102,-1.043925,0.885066,-0.37945485,-1.37002,0.6429782,-0.101441875,-0.011345312,0.4946841,0.48721206,-1.0396768,-0.8792211,-2.0077112,0.51365167,0.8154594,-0.5491405,-0.2541355,-0.4595278,-0.63754463,-0.3846549,-0.81520075,-0.021946829,-0.7698734,-0.03388364,-0.9524333,-0.4126539,0.4970855
2,0.17678532,0.054013114,0.014502181,-0.49098092,-1.6553646,0.042866174,-0.1834795,0.47112125,0.26794973,-0.31159294,-1.0323251,-0.3066477,0.71813136,0.49790338,0.9454365,0.08095444,0.44627693,0.4582155,1.1735413,-1.8240498,0.479693,0.64861536,0.17978407,-1.1945432,-0.4554516,0.76888466,1.458234,0.7637646,-0.38075852,-0.3001115,0.3835702,-0.19086613,0.253152,1.4397815,0.41692838,-0.34268788,0.3468511,-0.13721287,0.4333881,0.10292975,-0.35358512,1.0951298,-1.069279,0.6635277,-1.0432698,-0.67900705,-0.5802618,0.08635089,-0.95267606,-0.71853065,-0.41374764,-0.25666633,0.80288875,0.106023364,-1.0068445,0.21437328,0.2832307,0.52931714,0.85739523,-0.7584653,-0.3690973,-1.3256135,0.95554346,-0.21320847,-1.5535954,0.66371244,1.5490288,0.32421637,0.39391387,-0.819148,1.0346829,0.85442066,1.4912401,0.83939165,0.16350396,1.1921139,-0.6833409,0.747984,0.5197973,-0.6513254,-0.30981597,0.30053833,-0.32252046,-0.572369,0.86063987,-1.730337,0.7014775,0.8987198,0.10934414,-1.1604247,-1.7467793,-0.34490258,-0.27921703,-1.8425295,-1.2780284,1.1384535,1.1333102,0.047804046,-0.0002299504,-1.1275473,-0.8073353,0.4028448,0.49178863,0.95867056,-0.040723782,0.07089513,-0.8982787,0.22137727,-1.1416001,-1.1130513,0.46613616,-1.2562836,0.15132467,-2.1565964,0.5736795,0.66428566,0.4415742,-1.2852602,-0.4495515,-0.66660535,-1.1356947,0.6053292,0.49941197,-0.27618068,-1.1256229,0.8627924,-0.13701831,1.0707837
20,0.89677006,-0.86847293,1.5996208,-0.28923884,-1.4713182,0.93997765,-0.47234422,-0.40639088,0.69271857,3.0185714,-0.41044354,-0.6785165,-1.0973094,1.255769,1.2272336,1.7422367,-1.1044947,-0.20413134,-0.044086017,0.6891207,-0.26316768,-1.0545318,-0.15932782,0.41563568,1.1021363,-0.9243577,2.3374443,0.45190167,0.93575174,-2.2418633,0.10442277,1.2021742,-0.79052854,0.59146035,-1.8734624,-0.46413928,1.1426202,2.4440618,0.5711238,0.9204401,-0.23102416,0.013502174,-0.59263605,-0.60481554,0.07692141,-0.20208736,0.42247993,-1.1993061,0.14829062,0.8185174,-1.1812532,0.05781987,-0.19353741,-1.3369609,1.5908169,-0.56018937,-0.2505725,-1.0186603,-0.04392851,-1.8803698,-0.46268007,-1.8591077,2.4122243,0.53979385,-0.08506096,0.5328761,0.21096869,-0.27271515,1.3106169,0.021140983,-0.47408968,1.0622147,0.48024228,-0.38169527,0.103010945,1.1146566,-0.07136776,-1.5916809,-1.0516441,-0.0443263,1.6904123,-0.17182367,-1.1545218,-0.5068182,-0.42778236,-0.41261008,0.0025768725,0.052048024,1.6268814,0.4011254,-0.18955666,0.68603307,1.255059,-0.1686904,0.09837643,0.30838442,1.3140116,0.6793896,-1.6258664,0.57211673,-0.071572214,-1.0344049,-0.5504205,-0.7932569,-1.8978703,0.0005028561,0.3679933,0.26757252,0.29032794,-0.76669824,0.45861828,0.015340159,1.3187526,-0.08430186,-0.11120696,0.3854339,-0.38910148,1.5079162,-0.34873247,0.5363449,0.7409011,-0.4556031,0.41671187,-0.57391995,-1.2869745,-1.7680491,0.927957,-0.09222712
200,0.48816204,-0.8814269,-0.6898874,0.53762364,0.6436469,-0.49977612,-0.7452819,-0.38252136,0.51108545,1.0575564,-1.5587646,0.5355456,0.0129132625,1.2441667,-1.1189746,0.7796388,0.06386247,1.1119574,1.624791,0.8021212,-0.24955979,-0.52865446,0.401939,0.053953063,1.2041857,0.3087297,0.37575182,0.38244885,-0.25104353,0.88112926,-0.301916,0.48369044,-1.7032313,0.27508304,0.26033294,1.7102002,1.0025537,-1.0817429,-0.9324431,0.69873744,-0.70337856,0.49033937,-2.3974051,0.13624018,-0.22956276,0.3515217,0.7569071,-0.48784518,0.7235133,0.20230323,-1.3763171,2.1856117,-0.642849,1.5857508,0.42893952,2.1810403,0.04919538,1.006551,0.6175251,-0.22791123,-0.07596241,1.4671457,-1.1092832,-1.3702908,0.5370224,1.0117407,-1.0771016,-0.14133431,-0.42656633,-0.294676,-0.17869407,1.3659394,0.43119615,-1.1500008,-0.8210099,1.556828,1.0865253,-0.27058834,0.18522877,-1.0435628,1.1167347,0.5684,-0.39559662,-0.1292724,-0.065892264,-0.15902509,0.48703575,-0.82188064,-0.50722337,-0.37875083,-0.098134816,-1.0208522,0.4432491,-1.1590788,2.8574011,-0.4656518,0.35661146,-0.8209282,-0.21192376,1.7807314,-0.55028075,-0.6885061,1.1090498,-1.0611297,1.4655793,-1.7464285,-1.0173558,0.34470055,1.8406223,0.95606905,-1.6546596,0.113005735,0.026787408,0.7901534,-0.7395376,1.1307045,1.8664098,-0.25265774,0.45651868,-0.2967964,0.5350091,0.85668206,0.8760183,0.17223723,0.5323435,0.023604736,-0.9892143,0.32214627
201,-0.15557766,0.03894676,0.6139411,0.056768943,0.067351155,-0.9362028,1.063048,0.19520417,1.2895226,-0.7824833,-0.74910575,0.92841357,-1.7378112,0.06363534,-0.084735885,0.49541652,-1.4096063,1.1507204,1.4153295,-0.26464188,-0.6231338,0.3934694,-0.25959915,-0.4460083,-1.495518,-0.39650857,-1.0919993,0.96608686,1.5711665,-0.9827586,0.707414,0.7435585,0.010830204,-0.6983253,-0.65575093,-1.8634666,-0.19021517,-0.37307027,-1.3898212,0.6627533,-0.7009949,-0.062315296,-0.17272823,1.1190413,-0.32143152,-0.53622216,0.7827509,-0.6357568,0.6292626,0.8257585,0.89465374,-1.9976795,1.0457051,-0.21825388,0.11945511,1.5539826,-0.29654446,0.39996713,0.5538065,-0.13477337,-0.39880127,-0.85422343,-0.3819321,1.1594886,1.5901194,1.4208959,-0.305254,1.2024355,0.5743935,0.49010414,0.13380536,0.446954,0.9486293,-1.5515447,-0.4409124,0.60916144,0.46866533,-2.9845204,0.4791274,0.016709005,-0.78084695,-0.2713838,0.3938587,-0.40572906,0.19956073,-0.77254677,1.6204649,-0.22640875,0.5133119,0.79135424,0.33056614,-0.98703563,0.91278374,1.2755364,1.4231462,-0.099491015,-1.2076545,0.108649425,-0.52667636,0.14835727,-0.8438923,-0.79942065,-0.76955146,-0.5439671,0.25207642,0.5111718,0.604454,-0.6914029,0.57234687,-1.1253196,0.095022015,-0.14157732,-0.32248214,-0.58730435,-2.3355243,0.9039551,-0.045178745,-0.37998128,0.67103225,-1.9297286,0.3776707,-1.20146,-0.75174314,-1.763425,1.7960749,-0.38736644,0.3550894,1.2493547
202,1.8586304,1.0358964,3.0097275,0.71141946,-0.02784598,0.7478264,-3.019152,-0.49064,-1.033367,1.4744915,-0.5261639,0.33555394,1.8078454,-1.1540129,-0.19827169,-2.7149334,-1.308962,1.0667506,-1.9452894,-0.083382994,-1.5338609,0.31989586,0.48819584,-0.58312696,-2.1546001,-1.2394859,-0.48820195,-1.6175582,-1.535455,2.4014378,1.4301736,0.22592045,-0.299439,-0.2988751,0.9179185,-0.1920277,0.27951428,-2.2217727,-2.3208206,1.7860436,0.84962547,0.91484445,0.73190004,-0.042755086,-1.9667977,-0.4174177,-0.51481515,-0.18546866,-2.3656511,0.27787083,1.9721831,-2.1468403,1.1190009,0.45958206,-1.375919,-0.1413436,-0.47123122,-3.0473173,1.8703548,0.5172774,-0.56896454,-0.7035649,0.35939822,-2.7848527,0.25345516,-0.74269384,-0.6311299,1.3410785,-0.2142505,1.1440926,-1.6703364,0.3792937,0.18266228,-1.2309425,0.44464618,-0.80510294,1.0741503,-0.22685601,1.8087257,-2.0152614,-1.5855875,-1.134264,1.256297,0.46056968,-2.241277,-0.36801013,2.5768197,-0.6213674,2.9244947,1.2641124,-0.76967907,-0.13260727,0.7875454,-1.0576532,1.2327627,0.6262121,0.1316824,-1.1262925,0.64983547,0.20311417,2.2460647,1.2867686,1.3348168,-0.9121849,-3.1191335,0.27511185,-0.4221783,-0.91590464,0.81976694,-0.56768996,1.3307741,0.41312388,-1.3688061,0.2371539,-1.6515613,-0.7013293,1.3489343,0.14870703,0.6021866,-0.91832274,1.1292412,-0.6022664,0.6229175,0.53044224,0.14584176,-1.6648979,1.0225247,-0.58030456
203,0.5931433,-1.5488983,0.7525641,0.9522043,-0.7820714,0.22773907,0.5478634,0.2996794,1.696587,-2.266057,-0.39835083,-2.07745,-0.48284838,-0.4351193,-0.5271078,0.9720225,-1.9037105,-0.9699243,-0.93788856,0.19740728,1.435998,-0.8433781,-0.42728758,-1.059555,0.200602,0.841487,1.3911362,-0.520774,0.42447522,-0.2830791,-0.9828786,-0.1767719,1.5354801,-0.68082726,1.3131145,1.2580117,-0.13269944,0.41977003,0.19006662,0.19862682,1.5258719,-1.0266758,0.9250315,1.372176,0.69123703,0.18142827,1.1202632,0.48789144,1.1093974,-1.4820546,-1.958939,-0.9223633,0.6204148,0.40219286,0.5176859,-0.47904748,-1.0043523,-1.1694216,-1.9755814,-0.7029371,-0.41010147,-0.64134026,-0.92198586,-1.4863545,1.6699247,-0.9297076,-1.0467337,-0.75986284,0.976349,2.6013582,-1.5698295,-0.28471673,-0.40371853,0.3788989,1.9127368,-1.0172577,-1.7829031,1.0987153,-1.5874268,-2.923693,0.3886458,0.27419138,-0.89408493,-2.8061798,0.45556608,-0.6673848,-1.3117987,-0.33462843,0.9065036,-0.35145903,0.366943,-0.8178367,-0.92424726,-0.2523005,0.7750423,0.13985683,-0.2741526,-0.033474177,-0.5124875,-0.18268302,-0.43635896,0.54913235,1.8719479,0.8073134,-1.583989,-1.1494253,1.0677942,0.055177987,-1.2491728,0.16352557,0.8952245,2.2158692,0.322658,0.89228374,1.0252978,-0.5915906,0.3831929,0.30452317,-1.5853258,0.34305954,-0.3786646,-1.7637929,1.0116671,2.4116342,-1.3701748,-0.959947,0.3314701,-0.5171607
204,-0.28172344,0.3980925,0.052242383,-1.0013299,0.22999395,0.0042981044,-1.3984282,-0.84867114,-0.92332,0.14381245,1.3608505,-1.0562247,-0.6171139,-0.45303977,-0.4349684,-0.5783586,-1.0530744,0.14631216,1.4150307,1.0781736,1.2925076,-0.2733658,-0.56798106,-1.2800936,-0.48830822,0.040679384,0.34196424,-0.79485935,0.008553574,-0.8330758,1.0789496,0.79130536,-0.3300488,-0.45879337,1.9676112,0.47300094,-1.6625704,1.0689976,-1.2767568,0.3248207,1.6679451,-0.3723171,0.26016596,0.7896294,-0.07647375,-0.25606248,-0.848172,0.4129735,0.41839814,0.4637568,0.0014642684,1.9775634,-0.93226004,1.2158113,-0.676972,-1.1122768,-1.3822759,1.3922672,-1.6374463,0.13920148,-1.637386,-0.77212155,0.06343747,1.0554519,0.77143997,-0.49364886,1.3819593,0.61181444,-1.7932558,0.78548455,0.06878324,1.4425253,0.16782507,-0.08957482,-0.04725953,-0.2718043,-0.5873202,-0.7763243,1.1378478,-1.1229143,-0.1831698,2.04517,-1.0836164,-0.8842445,0.5991123,-0.9422443,-0.45984748,-0.5201159,0.31282988,-0.25756428,-0.94779944,0.84410554,-0.39321038,0.085426204,-0.5061375,1.6398863,-0.9077834,-0.13574085,-1.1220894,-0.35704127,1.0395025,-0.010978958,-0.35295504,-1.9860721,1.3406159,-0.38969496,0.8306549,-0.6310236,0.16418187,0.06506894,-0.060817316,0.28670728,-0.41608554,0.25154147,0.4493374,0.09948653,-1.1111547,-1.2005261,-1.7180686,-1.1344209,-0.80877954,-0.62164116,0.6999132,0.44294465,1.8182108,-0.21040557,0.5797823,-0.94973993
205,1.1967599,-1.0000235,-0.09879438,0.723327,-1.2534786,0.69289076,0.12670575,0.4410655,-0.7856301,-1.0553945,0.28996766,-0.41906536,1.1275175,-0.31362393,-0.49556464,0.6377796,-0.9773535,1.5673118,-0.12778538,-2.2414696,1.6656241,0.9500908,1.0759927,-0.9294632,-0.8679766,-1.2156175,-0.06341955,-0.47269502,-0.17601345,2.3371332,-0.16551892,-2.1673915,-0.7921576,-2.5370562,-0.102537185,-0.98104644,0.6449546,-0.6507907,1.4358107,1.8224936,0.59625566,-1.8954024,-0.75872153,1.4952083,2.9912446,-0.48274246,0.71192425,0.79757005,-0.9701594,-0.36352637,-0.4716301,-0.2538859,-0.07924533,-0.51033986,-0.096021995,0.3779105,0.66009504,0.33831802,-1.4266264,-1.2134984,-0.39858183,0.6997238,-2.876009,-0.6810528,0.93790376,-0.183924,-0.44900364,0.18660122,0.93218434,0.4504577,-0.12925816,-0.60220295,2.4132822,-0.040377133,-1.1290648,-0.57265157,-0.6140588,-0.07284609,1.2243981,-0.0035242394,-0.12443323,0.6853747,0.76850384,-0.9786081,-1.4137821,0.015995359,-0.2782628,0.022735922,-0.20124717,-0.45285448,-0.8078323,0.8839256,0.32432786,-0.59559745,-0.5130049,-1.1849943,1.3403867,1.3301239,0.98711205,0.30836827,-0.46299598,-1.600823,0.3523942,1.4510635,2.0123386,1.0003915,-0.09685837,0.16653214,0.12463545,0.81587696,-2.2575572,-0.35330898,-1.3684734,1.1852559,1.8320205,-0.6321531,-0.30300745,-0.5475261,1.2511741,-0.64185673,-0.5394258,-1.5535364,0.2048588,-0.0025707735,-0.4571597,0.18085642,-0.85928965,2.1035433
206,1.5459319,-0.066557966,-0.3589411,-1.5060973,2.8615596,0.79298544,-0.85499984,-1.7368293,-0.2676908,0.979859,-1.3879405,0.077677034,0.6492629,0.58387774,0.86306536,1.3747196,-1.0733852,1.1475265,-0.8915403,-3.261,-1.5518858,-1.2201382,-0.5193767,-2.099726,1.2029238,0.28104654,0.98631024,-1.8290184,-0.94520664,-1.2119718,0.006515055,0.8285643,-0.9890393,1.233427,-1.8114547,2.9360735,0.24007508,1.3978984,-0.77677536,1.8322738,0.24762112,1.8279411,2.368019,0.31503338,-0.6216042,-2.0193677,-2.1129358,0.10441527,0.1313247,0.16917896,0.8608994,-0.19209838,2.4475758,-1.5449115,2.6723635,-2.432491,2.0719995,-0.80283177,-0.5710841,-0.03282587,0.4851971,1.1399673,-0.046969153,1.2582351,-1.4567486,-1.0565469,-0.5351885,-2.595805,1.3325156,1.5897527,0.5002654,0.98564214,-1.566681,-1.1244705,-0.7843914,0.5233601,-0.64562154,0.8432594,0.86783427,0.7274897,-0.31673163,-0.31582403,-0.84786,0.2991928,0.42285767,0.6723201,0.3748793,-0.0884676,-0.6123751,1.2726448,-0.51778823,-0.5796027,-0.7020194,0.45836294,-0.10298622,-1.2397306,0.6573001,2.687697,-2.0879378,-0.16307153,0.5940102,-1.0922697,1.1082307,1.0609865,-1.1441731,-0.5214225,1.2319505,-0.2653232,0.3730119,0.92712504,0.6105563,-0.10233211,-1.2334127,-2.0723937,-1.3566052,1.2191579,-0.7863811,-0.6124772,-0.28935155,-0.72201985,-1.6390463,0.075662725,-0.4392162,1.0559446,0.65578586,-0.281718,-0.96263087,1.5604411
207,-0.7226313,-1.472958,-2.1284454,-0.78272337,-0.17321579,-0.21159662,-0.35797647,-0.560785,1.3467939,-0.41508815,0.42069817,1.6820117,0.0057222103,0.7336817,-0.88318807,-0.696622,-0.3772961,-1.497773,-0.89976776,-0.7872936,-0.9142504,0.9615327,0.6201797,0.100714415,1.5691351,-1.4384496,-0.013638056,-1.9870714,-0.45651665,0.003993357,-0.3751688,0.2263717,-0.8916992,-1.0800306,1.1855711,-0.17676616,0.7446977,-0.53006583,1.0429455,-0.9531928,0.51183546,-1.3129014,-0.24026142,0.37020078,-0.3031374,1.6884662,-1.3535204,-0.52831614,0.5881031,-2.0254579,-1.1342632,-0.9600437,-0.011271538,-0.4288796,-0.564205,-0.5566583,0.78838986,0.03905245,1.2531762,-0.463409,0.5659676,1.2912633,-0.6164129,-0.08667989,0.19257309,0.14364044,-0.32714546,-0.5957349,0.44990766,1.6440984,-0.25668478,-1.5755996,-1.4819303,0.4092676,0.30868593,-0.30899182,0.20976813,-0.71627545,-0.13863443,-2.6475716,2.1352048,0.16262484,-0.8783272,-1.2726032,-0.17117067,0.40472662,1.8909706,1.1462404,-0.6023023,0.7775264,-0.27298486,-0.78550345,0.3848071,-1.2723298,-0.4068091,0.18347804,-1.0960082,1.5214543,0.4653783,-0.6011546,-1.6335764,1.2110857,0.50785947,-0.6639341,-0.29280266,-0.13512537,0.76862556,-0.115326464,0.9762751,0.1397641,-0.6103391,0.16491757,0.022147961,2.6015282,-0.20692495,0.39292538,1.8747301,-0.68877584,0.7300354,2.2823105,0.7298044,-1.8667493,-1.015104,0.922912,-0.25980037,-1.41049,1.1575066,-1.1283082
208,0.14694771,0.74969506,1.5153632,-1.4980825,-0.3353526,-1.2814167,-2.1299822,-1.7676575,-0.29063693,1.1788325,-1.1656346,-0.19352485,-0.011893978,1.4907048,-0.6975848,0.84004074,0.48364374,-0.4163531,-0.70149887,-0.9469153,-1.2514242,0.06762399,-0.08479815,-0.28313148,-0.31074297,0.8211846,0.75642735,0.23635806,-0.42222562,0.95395815,-0.65199023,-0.4102547,1.3120015,-0.18124406,-2.4473448,1.6841118,-0.20527238,0.5610015,0.28955668,-1.233303,-0.40717465,-0.41307855,0.3387795,0.5401879,0.8780635,1.4704455,0.018173827,0.83539695,0.7732264,0.045172025,-0.37717527,0.31226763,-0.6150759,-0.72345376,-0.82887065,2.2216096,0.8370288,-0.22142181,0.24028878,0.36734834,0.8633836,-0.5542086,1.0445726,2.1769407,-2.097581,0.6597699,-0.45663685,-0.25248846,-0.879665,-0.73516595,-0.5299578,1.3024441,-0.7544963,-1.5516272,-0.23575613,0.3253009,-0.62846446,0.26191595,1.2829801,0.0841349,0.36258027,0.12435937,0.2906488,1.6081454,-0.7081187,-1.018252,-0.6101497,1.3835504,-1.152769,-2.2162771,-1.219625,-0.51300466,1.6523488,-0.8314089,-1.0015572,0.8168641,0.12894142,-0.56866944,-0.7325232,-1.8368692,1.0809715,0.12087628,-0.3463848,-1.4288207,0.15603119,-1.07315,-0.9853918,0.21490207,-0.12521067,-0.82455266,0.24199142,-0.028944463,-1.5154762,-0.7204693,-0.7195991,-0.6339455,0.43089014,1.2559986,1.1024294,1.0370181,-0.8149147,-0.34161547,-0.31657735,1.6740056,-0.32917026,-0.9801808,0.5335565,1.2776207
209,-0.660927,1.4737049,-0.14999208,1.4530932,0.9086281,1.1689826,0.7139576,0.37702277,-0.45942074,-0.334206,0.90236324,-0.6754703,1.7857025,1.8795139,-0.27291274,-1.8424473,1.4398001,0.29426503,-2.1397066,-1.1816133,-0.8550358,-0.92890275,-0.007704082,0.31918943,0.008324474,-0.6356474,-0.43671387,-0.084543824,-1.7700403,1.1617949,0.6206437,0.5969287,-0.3751046,-0.06499294,0.22603093,-0.74775666,-1.6378281,-0.7686157,-1.0665886,0.81396955,-1.0276915,0.67778677,0.71241105,-1.3459277,-0.99923337,-1.0904198,0.2733142,0.029331762,0.68885374,1.0266094,-0.33641624,-0.40110517,-0.13035254,0.8230096,-0.87683815,-1.4975432,0.8677414,-2.4453132,0.82480365,2.579049,0.33412254,-1.3298222,0.44563493,0.8701331,1.422711,0.3351242,-0.30627894,0.93229985,-0.9987649,-0.019022377,-0.8397342,-0.24871106,-2.247259,-1.8258744,0.88283217,0.6435764,0.81473285,0.7961643,-2.2744207,-1.5120071,0.7393642,-1.5465606,0.45397672,-1.2009389,0.14898084,0.7366432,-0.84471685,0.13710222,1.912355,1.0691007,-2.5753548,0.1492818,-0.013966457,1.1106422,-0.15234207,-1.3124281,0.051679347,-1.6949892,-1.9741087,0.1045759,0.5681956,-2.3229876,-0.8441554,1.1545851,1.4483116,0.5557223,0.25463438,0.2957587,0.18778077,0.60207,-1.0137155,2.0559385,-0.6023338,0.94632965,-1.0984635,0.3730941,1.5322686,-1.0899996,-0.764102,-2.1807463,1.0969195,1.255169,-0.58894014,-1.3874215,-0.254332,0.8133285,-1.1984776,0.66147244
21,0.22424996,-0.10689548,-0.59175843,-0.38037074,0.11987096,1.6790699,1.1469928,0.8671824,-0.5345583,-0.45258987,-0.27714023,0.79708165,0.8255788,0.123781815,-0.26062438,-0.0874636,-0.13624667,-0.62066555,-1.3249451,1.1405416,-1.8975533,0.24768186,1.4275844,1.1427379,-0.09443682,1.2027373,1.3863537,0.7508422,2.1818008,1.3590893,0.12540314,1.2198677,-1.234611,0.8307237,1.9882038,1.3283029,-0.09840684,-0.22578263,-0.5495824,0.65335757,-1.3755306,0.65516835,-0.2740025,-0.33945125,-1.3521886,-0.006149091,-1.0605516,-1.0453002,-0.2237375,-0.36967483,-1.2235274,-0.89749855,0.6395016,0.41683826,1.2246853,0.8070382,-0.8566882,0.31861138,0.47624484,0.15176563,0.21282816,-0.42037082,-1.7562968,0.3381968,-0.9066128,0.9122214,0.8830959,0.79532015,-1.8142776,-0.27161393,-1.2480279,-0.092236124,0.9239556,-1.1744436,0.41240442,-0.5193635,0.18475503,2.118427,-0.075136736,-0.8152372,0.3833971,-0.06520577,-0.7031928,-0.16683292,-0.30442938,1.118288,-0.67701095,1.433835,0.45357528,-0.06405298,-0.17901543,-1.6269454,0.16307856,-0.91004413,1.8223885,0.27685192,-1.2652879,-0.89921,-1.781318,-0.38062367,1.5647309,1.2648454,0.7878591,-1.0537901,0.35737288,-0.8355192,-1.5789238,0.7451159,1.109602,-0.65085715,-0.2522027,-0.59898555,-0.842194,0.6651262,1.1197631,-1.2048197,-0.20609117,-0.2692874,-0.17720859,0.39098325,0.40561575,1.9878789,-1.6110116,0.2774472,-1.1252116,0.44348606,0.25450867,0.605381
210,0.12913175,-0.5800217,0.03811063,-1.8351557,1.7914231,0.5776138,-3.0386953,1.196789,-0.74758023,1.0908589,-0.25351077,2.3248086,2.0550342,3.3545153,-0.32435212,-0.8630048,1.193508,1.2476158,-0.49076086,1.2627711,-1.2597493,2.9806902,-0.54257923,-0.61149555,0.4715719,1.9049447,0.14309062,-2.3771942,-0.28896067,0.9204975,1.4419253,-1.3915151,-0.89918333,2.8256664,0.75736445,0.7258571,2.4761415,-0.08565837,-0.8538821,-0.85397977,-0.32213578,0.70164967,0.30217648,1.0899299,-0.3039542,-0.25903502,2.0648215,-0.6176683,-1.4291017,-0.6405139,-0.16462246,0.6336935,1.9193125,0.5543438,-1.9716026,2.8627138,0.7481679,-0.5054725,-0.38083145,0.67830235,-0.8611859,0.7607042,0.49535233,0.18401653,0.56695586,-0.19533075,2.6191807,0.92722565,-1.6550851,0.5694193,-0.7156992,0.29751322,-1.6437145,1.2672485,-0.7582134,-0.06478689,-0.59053123,0.1308863,0.5474554,0.3323615,-1.4909161,-0.91077065,-0.31984755,0.32509664,1.5126798,-1.6595703,-1.9331826,1.6448975,0.21488588,0.6709745,-1.1874682,1.2566181,0.7984377,0.8645626,-1.5314678,-0.22280142,-0.065216266,1.4495173,0.7571143,0.16719265,1.1269953,-1.4258964,0.9163979,-2.666126,0.12784646,-1.752942,-2.68995,2.564339,-1.4436624,-0.28342602,0.5018322,-0.5319504,-1.3887677,0.75968635,0.3080729,-0.38600683,-0.0048684794,0.10684914,-1.4788247,-0.65239906,0.8008207,-0.81015503,-1.3610352,0.34373042,-0.078336455,3.024767,0.21432167,1.2027063
211,0.25054923,0.344933,0.45500025,-0.7491687,0.17715943,1.1123006,-0.3911102,-0.19138065,1.0395803,-0.9249493,0.43651745,0.35275805,-1.3168564,0.47819784,-0.35023695,-0.471691,1.8955915,-0.7972916,0.40584737,-1.9640399,0.92721045,-0.33659652,-1.1888871,0.46020448,-1.3736613,-1.0765833,-0.9204455,-2.3632877,0.65685976,-1.0310607,0.290972,-0.10396749,1.1214088,1.1527748,1.1324279,-0.0411779,0.62928087,-2.4400582,-2.2465713,0.77197427,1.0772145,0.5220286,0.6140235,-1.6474501,-0.9501788,-0.34631664,1.148996,0.07107362,0.08794477,-1.375296,-1.246934,0.43074715,0.77046573,1.417353,-0.8428998,0.48851314,-0.21539025,0.2746196,0.020842802,1.249662,-1.0946633,-0.38644597,-1.094245,0.75386804,0.17698574,0.051013824,-0.37470385,-0.6085449,0.535077,0.3576832,-0.62805426,-1.1008117,-0.8673764,-0.20971528,1.2478012,-1.4516505,-0.5181659,-0.5790423,0.3079678,0.18246678,0.49604505,-1.1475124,-1.999296,-0.46771255,0.43996808,-0.4739273,-1.385973,0.85397786,-0.05131579,0.9319075,0.7271692,-0.56632966,-0.54540926,-3.080195,0.9670282,-1.035916,1.0663894,0.32535568,-0.8530895,1.5376472,-0.20103183,1.3971565,0.6173371,-0.55508524,0.6423189,-0.86877316,-0.6986044,2.335374,-0.05555502,-1.9195608,-0.08836118,-0.124351166,-1.0857627,-0.6344877,1.1643695,0.5925707,0.6686726,-2.4032497,-0.98395216,-1.3949294,-0.20871708,0.350126,-0.95650923,1.312677,0.061240193,-0.5299833,-1.579112,-1.3649411
212,-0.02055177,-1.241366,1.0097091,-0.28374732,0.13193339,-1.0154256,1.4134928,-0.36290148,1.3903214,0.82148373,-1.1332057,-0.72533256,0.39464837,0.22001384,-0.01055171,-0.50006104,-0.34693927,-1.5992011,-1.7152606,0.8071191,-1.3776431,2.1265702,-0.838961,0.16999479,-1.0891991,-0.6051862,0.514713,0.41692454,0.060654726,0.8702033,0.36849058,1.3363647,0.86528665,0.8323245,-0.91098946,0.36492726,-0.33830455,-0.4567359,-0.4868765,0.8735727,-2.2139294,-0.30759078,-0.16335575,1.4551755,-0.33802825,-0.7795542,-0.6461836,-0.5767683,-0.8884151,-2.6648457,0.38347447,-0.0384902,-0.4795643,-0.7969318,2.2700422,-1.4532274,0.25714663,-0.28428182,0.3206553,1.7576667,0.5055738,-0.084866725,-0.68485755,-0.8969722,0.8116407,1.6552271,0.89001584,-1.3883997,1.1363729,0.55037713,-1.3396537,-0.72494,-0.052005157,-0.81591016,-0.19588129,-0.7229865,-1.5995933,-0.70738596,0.47777694,-0.0074421447,0.18188678,0.3809786,1.008055,0.45182052,1.7118593,-0.6560427,-0.53484786,1.4078968,-0.025565796,-1.4218518,-0.33571085,0.2674079,0.9432358,-0.5713792,1.0127449,-0.13184465,1.196298,0.58623123,-0.8056511,-0.23603898,0.46174684,0.86184436,0.9108248,0.86172044,-0.71526617,0.19808352,-0.5695461,2.1314986,0.8345609,1.8959718,-0.4691375,1.0414896,2.2256885,-0.05432645,1.5201089,0.291671,0.09607965,1.3941325,-1.2022029,-1.1759554,0.35822016,-0.45526505,-1.63816,0.00800573,0.35572493,-1.7956264,0.18220241,-1.6327726
213,0.077200435,-1.226429,-1.37561,-0.12295561,0.06879114,-0.5080067,-1.4444206,-0.114903204,-0.94569916,-0.30525362,-0.26518458,-1.3206689,2.0186627,0.008994922,0.81415504,-0.59566706,0.6009045,-0.27619582,-1.3735797,-1.383826,-0.48497167,-0.38727054,0.1817061,-0.8694065,1.844152,1.0444633,-1.1867657,-0.72591144,-0.24005716,0.026229477,-0.75503945,-0.84829843,-1.0480291,-1.6331826,-0.7902627,1.0763223,-0.6270688,1.3627601,0.5731022,-0.40744555,-0.60111576,-0.44873306,0.62035906,-0.24203745,0.8078367,0.26816612,1.1227431,-0.7105943,2.2679174,0.12677872,-0.01359575,0.3403632,-1.0928056,-0.47589654,0.23269998,-0.5505473,1.1250559,0.23336454,-0.5047181,0.9083551,1.304344,0.8763228,1.4507605,-0.16869862,1.9167274,0.68935585,0.05596235,-1.3624634,-0.9565925,0.92250925,0.035785053,0.008261476,-0.7965215,1.0404912,0.4601468,1.7892113,0.07879089,-0.80675435,-1.0798819,-0.13632461,-1.4608582,-0.43854085,0.9661796,0.31904277,-0.085982725,1.0853062,-0.30758464,0.91754913,-0.50755745,0.83228004,0.3546917,1.4144679,-0.08016472,0.08253484,0.56140465,-0.4726139,1.0145156,1.3751072,1.8271419,0.53696066,1.1155658,-1.4173856,-0.7464141,1.0224154,-0.073140465,-0.034343693,0.1612819,-1.3133278,1.7351598,-2.3266084,1.0914215,0.7441409,-1.8963827,1.2003987,-0.035337172,0.19541465,0.016353833,-0.5378941,-0.92469,0.6402,0.9458771,0.832041,-0.04257542,-1.3112022,-0.7702058,-0.5979338,-1.497784,-0.8548448
214,0.9151189,0.3736389,0.11410269,0.93747544,-1.1504248,-0.32935375,-0.5310787,0.4985242,0.09818186,0.3945885,-0.31906435,0.18003522,0.58389705,-2.485163,-0.82051945,-0.694429,-0.5025481,0.506497,0.53316736,-0.19360873,1.1614349,1.766726,0.27711067,-0.5135621,0.6514101,0.45677146,0.8181191,1.2415727,1.8765415,0.8171796,-1.2063112,1.1579142,-1.0221264,0.7752914,0.19010265,-0.21972553,0.47897702,-1.3618703,1.4674925,0.96544236,0.9565016,0.41449353,0.29120827,0.17160292,0.13703498,-0.67623454,0.4933504,1.2018753,0.47201738,0.91390395,0.48178786,0.0489106,-0.38529608,-1.3015873,-0.5788071,-0.16613092,-0.9597598,0.22638862,0.5459579,-0.49692708,-0.036906164,-0.06763487,0.3124927,-2.0085306,-0.23855545,-0.6528959,0.23098709,0.07603919,-0.007993436,-0.47122064,-1.4736038,-0.8695811,-1.352674,0.41808832,-0.33370626,0.67820954,-1.6091413,2.2000785,-0.75525016,-0.6904327,2.910127,-1.1993494,-0.3003428,0.69132495,0.10946344,-0.7405716,-0.22323178,0.5321682,-1.144937,-2.178889,-0.14321944,-1.1005983,-0.032611504,-0.37086785,-1.5776038,0.08936129,-0.44436696,0.20112523,2.1915483,0.5819686,1.4947346,-0.07372153,0.48631033,-0.020254817,0.33661124,-1.4989282,0.7912619,0.40363303,-0.9327087,1.5550698,1.0903442,0.24607395,-2.2888656,-0.8287853,2.3438666,-0.7776787,-0.09356996,-0.46171406,-1.0654709,0.22385451,-2.4007173,1.8603432,0.020658245,-0.49135545,0.54282695,-0.024965461,-0.4021095,1.1939776
215,0.5271622,0.05989256,-0.34590837,-0.11971528,-0.6324231,0.24446763,0.2990897,-0.9540789,-0.14507803,1.3381969,-1.7710801,0.21152975,-2.814104,-0.14768672,0.6354917,-0.70584995,0.9783266,-0.2535622,0.46260995,0.42676404,1.1404742,-0.5360538,1.2085611,-0.92870504,0.7574166,-2.3693552,-1.0007278,-1.3698498,-0.58988297,2.8826048,1.2285308,-1.727192,-0.18792118,0.54846835,0.23156303,-0.9790327,-0.22103511,1.0331098,1.2365454,0.9967424,1.4347004,0.7303695,-0.06730787,-0.065055616,1.2034082,1.3073623,2.033918,-0.02953979,0.11516813,0.06503949,-0.5588376,0.41470456,-1.2244501,-0.8427097,1.7717949,0.017331157,1.1537752,0.28086203,0.37647447,0.24772155,0.030000988,-0.24474369,0.24291319,-0.9978681,0.32128248,0.18482834,-0.14223416,-0.07468597,-0.42334855,0.5383212,1.5434024,-1.8194411,1.1765203,-1.7218835,1.5146532,-0.74101084,-0.0014335035,0.58897555,0.15781058,-1.7829182,-0.7518568,1.2724389,-1.2248983,-0.33215374,0.8629192,0.34477535,-0.44556737,0.26122028,2.0505428,0.193509,-0.5372697,-1.4282776,0.12786703,1.0440692,-0.34047735,1.3822317,-1.715739,0.6624245,-0.70290565,0.1960391,0.053392235,0.7632886,1.0140667,-0.96193177,-1.3274539,-1.2164284,0.57001466,-0.60428673,0.7211326,-0.94390935,0.23709206,0.70026785,0.35358942,-0.29845062,-0.92291677,0.12913963,0.29844245,1.4816118,0.4603001,0.8471151,0.05240963,1.78767,-0.7800626,-0.23180352,0.8132737,-0.12236652,1.6244754,-1.5457603
216,-1.6783947,-0.14164695,0.30318853,0.3770295,-1.9411216,-0.4420875,-0.9292398,-0.61907506,1.4571067,0.3705201,-0.091048315,0.15606448,0.4529968,-0.2945691,-1.4449967,-0.77904737,0.414633,-0.21393819,-1.4044853,-0.15416753,2.0521703,0.92271864,0.4162226,-0.25454146,-0.43230912,-1.3031894,-1.3833387,-0.23503353,1.0080932,0.12765811,-1.1009641,-0.21476458,-1.3467913,-0.57042426,-0.8020656,-0.3399584,1.327736,-1.6385032,0.010897247,-0.09235057,-0.5444864,0.6452886,0.234953,-0.71672463,-1.712244,-0.13430676,-0.4397528,0.2851271,-0.5417618,1.6447086,0.46923122,-0.7402648,0.3551148,-1.1780065,2.1468735,1.3545626,0.3058274,0.4862515,0.3275968,0.94102263,1.0281018,-0.7002456,-0.41583148,-0.07431828,-0.9023977,-0.61862564,-1.9644065,1.2848737,-1.2158055,-0.9925116,0.22008699,0.4348012,0.12714452,-1.7584113,0.23232083,1.7873012,-0.32435256,0.7270235,-1.8345038,0.33668324,0.83434176,-1.2358125,-0.48882517,-0.8671314,1.2648573,-0.9739624,0.22955249,0.5306621,0.094318755,-0.018922482,0.58204615,-1.6562426,-0.43463784,-1.2050291,0.17201614,0.57984865,-0.29260468,0.31321722,0.25810772,-0.40701324,-0.5940106,-0.23833072,0.21306798,-1.084921,-0.5385282,-0.6476809,-1.247911,0.55720603,0.20194407,-1.0206672,0.5446697,-1.0892699,-0.4853374,0.4368348,0.8184398,-1.11626,-0.9523036,-0.531933,-0.38010573,-0.97155124,-0.04124898,-1.532737,-0.27671647,1.4552295,-1.0681819,-1.0579321,-1.1234328,-0.89111835
217,-1.2019565,-0.27345452,-1.1268886,-0.30184993,2.6408854,-0.5420837,1.3690649,-0.6534861,-1.1002667,0.17202564,0.19680858,0.46065563,-0.468487,-0.4213418,-1.2945582,-1.4814413,-0.8965822,1.4425892,-0.8112289,-0.9914478,0.21809001,-0.83828986,-0.09807942,1.9251804,-2.471878,0.07549496,0.2765306,0.74016637,0.4783015,-1.1607554,0.65267736,-0.5179918,-0.34326246,-1.8530227,-0.3833271,-0.8244113,-1.9332238,-0.15788674,-1.3759422,0.61316293,0.4989782,0.46044198,-0.6051964,0.66711885,-1.4748807,-0.61303085,-0.00013834747,-0.36998546,-0.077571645,1.0255802,0.5423973,0.27028528,-0.55435055,-0.7850338,-0.84235066,0.15349285,0.96558964,-0.21370752,0.6730908,0.74605674,-0.88941324,0.6660524,-0.047594726,0.53672504,0.2184901,0.63317996,1.6244944,0.118356496,-0.062668115,0.21581383,0.4480436,0.6480441,-0.21845032,-1.0413038,1.1891981,1.2424858,0.5659229,-1.7708037,-2.4254093,-0.5884494,1.0325043,-0.86458033,2.420633,2.033368,0.5669275,0.5777131,0.390432,0.02605638,-0.74243474,-0.007632736,-0.1763304,0.18513636,-1.0701067,-1.5702016,-0.9726372,-1.0483443,1.6662809,-1.0616748,0.22670433,0.34536424,0.3878454,-0.84946847,-0.5896489,-0.57087785,2.642846,-1.9571713,-0.26690274,0.610033,1.7079664,-0.01839455,0.7423939,0.023766011,0.8379302,0.1069043,-0.12128506,1.0780867,0.29305992,-0.7358453,-0.33652258,-2.027378,-0.31941706,2.9441414,-0.07079289,1.0418926,0.15603086,-0.24987517,-1.6429527,0.36864564
218,1.6678724,0.8874356,0.46668562,0.5066302,1.8310174,0.9273642,-0.43956912,1.1118273,-0.27897552,-0.77508193,-0.5776969,1.3148967,0.29985046,1.4316417,-0.3418225,-0.117188856,-0.14962813,-0.14797597,0.41400632,-0.8933377,-0.40055844,-1.0914859,0.26474,0.22886063,0.8878207,-0.15976216,-0.5012736,0.9711698,1.8660203,0.42914957,-1.3188698,0.4486627,0.80881333,-0.021806385,-0.6774548,-0.11113417,-0.2945084,0.4663821,-0.5536556,-1.3972728,0.2042496,1.5389001,0.9746056,-1.3192598,0.6326688,0.9278984,0.013713456,1.9000238,2.1777499,1.3335038,-0.2588007,-0.09644298,-0.49209592,0.2927273,1.9898444,-0.65901583,1.670153,1.4676884,-1.954849,0.41586238,-0.36245587,-0.15187575,1.5109876,1.3460567,-0.6383319,-0.79357755,-0.40597478,0.73180157,-0.048769448,2.512744,0.3516557,0.40516168,0.35683322,-1.3052045,0.7836274,-0.53159523,-0.06346406,-0.7833669,-1.1989836,-0.5792929,-1.0263538,-0.8169483,-1.6064532,0.122279085,-0.7982585,-0.7934638,0.873664,-0.837042,0.9530617,0.22672133,0.6016034,1.6135299,-1.0240909,-0.79114497,1.7608273,0.26767117,-1.1840887,-0.80531704,-1.7022853,0.26011807,0.67086536,-2.063741,1.1641434,0.55451304,0.71276045,0.46340197,0.5418056,0.16482073,0.9560092,0.4798583,-0.18803076,-0.67456764,-0.44262844,-0.39216173,-0.82392377,-0.46396387,1.3369806,0.78038543,0.841726,-0.75565314,-1.1755924,1.6705298,-1.0323372,-0.9736928,-0.5495614,1.4091552,0.0095843915,1.5004648
219,0.72387636,-0.1285916,-1.0784659,0.24430992,0.28035775,-0.6950061,1.602414,-0.7191868,-0.7673555,0.44315967,-0.36273757,-0.3599984,-0.28814465,-0.9027542,0.9639815,-0.93530464,0.7273116,0.4689812,-0.11503576,-0.6949515,0.15540268,0.11838695,0.38611,-1.1998806,1.9454743,1.3651295,0.045478523,0.27385718,-0.55502415,0.15161741,0.2068646,0.8589571,0.2927555,-0.38029397,-0.22223021,-0.45341253,0.97371626,-0.6371426,-0.13868414,0.74313974,1.4975978,-0.50257045,0.80464804,-0.28617045,-0.050349995,-1.5161929,-0.82242256,0.6422857,-0.1709172,0.910177,0.39524743,-1.3799895,-0.40120474,-0.21450198,1.5393882,2.0368488,0.9791914,0.46246222,-0.6513511,1.2156084,0.9210379,1.4646087,-0.41676393,1.481691,-1.1293077,-0.40644938,0.5126568,-1.7611848,-1.6663455,0.77537894,-1.1623565,-1.2158967,-1.1780083,1.1965834,0.7881581,-0.026903344,-0.6932543,-1.8307168,-0.70756406,-0.29746452,0.43778715,-1.2885547,1.7397385,2.7500772,-0.7723195,-0.27457654,0.17125782,-0.18136248,0.66335046,2.1264267,-1.502836,0.71899456,0.6706499,-1.0965456,-0.56504065,0.050134934,0.4211853,-0.43085226,0.43342194,-0.38939625,1.9403063,-1.324167,1.360389,0.1103566,0.039698903,0.99968153,0.17909858,-1.745149,0.80053777,-0.9992919,0.9872916,-1.7206682,-0.8310717,0.09169247,0.4399359,0.8695846,-0.15180014,0.13762742,-1.1771724,0.09231789,-0.05096647,-0.21023056,0.82861733,-0.6547848,-0.38910118,-1.4899672,0.41573492,-0.789698
22,0.4290768,0.3367309,2.0038066,-1.2232141,-1.6391077,0.88464165,0.05244676,-3.1078546,-0.53285736,-0.97477174,1.1687875,-0.6966351,1.477872,0.33687338,0.6260527,-0.17640752,-0.12307058,-1.4215136,-1.6584929,-1.0034882,-0.2095668,-0.6733268,0.3464926,0.19296907,0.22568399,0.4787785,1.826374,-0.18197843,-2.3096492,0.3546429,1.773677,-0.622115,-2.7073078,0.4673453,-1.1282812,-0.46035144,0.6474814,-0.7185963,0.6051271,1.7563093,0.77808654,2.403066,-1.2153137,0.76913697,-2.923166,1.5692102,-1.2938827,-2.3579555,0.732786,-0.70241684,-0.5492658,1.5445378,-0.14516409,0.5397037,1.1883231,-0.11882954,-1.8786091,-0.85933566,1.0626189,-1.7121844,0.21955132,-0.9022698,2.167823,-0.8650669,-1.1505836,-0.1685418,2.179819,0.5680778,-1.723233,-2.407438,-0.6406516,-2.0757973,-2.112604,1.1862564,1.7604557,0.61976403,0.37945428,0.0949107,0.94202703,0.34942606,-0.19651225,0.556531,-1.5543455,-0.06480432,-1.3406185,1.2979196,-0.8870511,-0.5012977,-0.6460036,-0.5068657,-0.64680684,-1.0149882,-1.4443011,-0.71818846,-0.43194506,-1.4629716,0.57746875,1.6601416,-0.64004135,-0.19908775,-1.5506886,-1.5396417,-0.22022377,1.6791841,-1.4661919,-0.24615335,0.24588889,-0.8243775,-0.5265175,-1.3369925,-1.6622196,3.85087,3.1956153,1.4549524,-1.2698776,0.46865442,0.38254625,-1.0758303,-1.1628748,-1.8684081,0.38265732,-1.9521126,-1.0131302,0.51861155,-0.55267936,-0.5775297,-1.3912661,0.10983077
221,-0.90564466,-1.3298703,0.8064805,-0.2675004,-0.46537012,0.36383334,-0.12599008,0.40951267,-1.8732364,-1.0788174,1.4437491,-1.446078,-0.70314485,-0.98393667,1.0506766,0.5536712,-0.86761945,-0.6780762,-0.93827033,0.5735151,-1.4301984,-2.3857234,-0.47651133,-1.5046507,-0.62336826,-0.9840979,0.21905488,-0.20178294,1.3972605,-1.9776678,-0.14024758,-0.9010851,0.52795386,-0.39040196,-0.8708659,-0.053927235,-0.052125506,2.3561606,-0.17419043,0.9548247,0.4415294,0.4396028,1.6386073,-0.13505587,-0.4899609,-0.39537656,0.42666215,-0.45451343,1.5437928,0.48674446,-0.52946323,-1.1015532,-1.033732,-1.0425608,-0.4306412,1.4762982,0.07495809,-0.08170323,-0.123929776,-0.12097982,2.3737166,-0.79757315,-0.04476352,-1.3321569,-1.3387381,1.0783906,0.6591559,-0.9413095,-0.6083447,0.3471501,0.6591998,0.026395729,1.9281057,1.2151314,0.88494045,-0.60748863,-0.31508806,1.4499352,0.6329043,-0.15629694,0.97307706,-0.15200813,-1.6516287,-0.30082634,1.3788016,0.43960217,0.4585072,0.27006027,-0.2601473,-1.5114547,0.26402467,0.46750587,-0.03149577,0.1909635,-0.31015497,1.5518515,-0.18146351,1.0352374,0.1592286,-0.055383276,-0.19998369,-0.24045129,0.8706169,0.27198207,-0.30675966,1.0008838,-1.3056759,-0.31815526,0.90531915,-1.0035557,0.3492466,0.6069309,0.13497205,-0.787921,0.823037,-0.10771469,0.20550743,-0.113216616,-1.1789329,-1.9511774,-1.6015029,-0.22864804,-1.3550167,-0.37356222,-1.0211694,-0.1878219,-1.4308491,-1.4500226
222,-1.5325425,0.9208515,0.19833083,0.21759559,-1.4643314,-0.3326219,0.3830468,-0.707632,-0.7080767,-2.0016422,-0.726668,-1.1870912,0.9534173,0.5217053,0.037281748,0.19109868,-0.6416349,-0.08373192,1.4083055,1.5438606,-1.1519159,-0.193913,0.5814579,0.5853173,0.40925187,-0.7391289,-0.97127855,1.1254957,0.7984851,0.43648836,-0.6657524,0.074005276,-0.11577404,-0.81720954,0.98097,0.40271524,-0.24747677,-0.61160564,1.816445,1.0735667,0.39063162,0.38853922,-0.31446528,0.09304482,-0.1332814,-0.035742182,0.011257793,-0.62276536,-0.33513677,1.9953759,-0.7591955,-1.2934388,-0.4024143,-0.17308776,-0.061880317,0.35287094,-0.5995055,-0.19297,0.8269848,-0.6301803,-0.56732494,0.08955364,-1.5295478,0.7084365,1.3087555,0.7197797,-0.58461565,0.40758312,0.8500709,-1.5701811,1.405162,-0.12860534,-0.29934862,-0.10058723,1.061692,0.7304008,0.82743293,-1.0786142,-0.31285882,-0.73732644,1.1559536,0.025549065,1.344073,1.3335159,0.18755715,0.046739437,0.7043933,-0.5730926,-0.35231033,0.5798357,-0.25854895,0.12187098,-0.91920674,0.56612676,0.54644835,-0.12386982,-0.18507706,-0.5973988,-0.55127937,0.7684328,-1.6851363,-0.53084105,0.79135364,2.70836,-2.2137873,-0.36630136,1.1609364,-0.507073,-0.20287582,2.4016912,-0.08825331,0.30293494,-1.3064291,0.55418724,-0.3876604,-0.037980404,-0.6472753,-0.35106823,-0.71034515,-0.8728434,-3.1905122,-0.105490714,0.47777644,-1.8610092,0.9130864,0.61497223,-1.4330357,0.6076813
224,-0.6831684,-0.23721139,-0.14053667,-0.72874004,-2.3862884,-1.0395395,1.2178425,0.8652515,1.3238033,1.1615343,-0.27806583,0.42200688,0.87617064,0.06633428,2.2859983,-1.561013,-0.8083447,-0.36151174,-0.26212063,0.3312965,-0.5842522,-0.32663757,0.7949099,0.10055651,0.23800911,0.2338871,0.33897877,-0.37159818,1.0386968,-0.30062407,-1.2213086,-0.6027145,-1.4631026,0.6580748,0.44993046,-0.34286115,-0.69312084,-0.024625862,-0.32767454,2.004701,0.99319994,0.53284276,0.093414314,0.46879032,-2.4452174,-0.18967904,0.36824724,0.19220607,0.0025663874,0.41829753,-0.6850975,0.1784217,1.4330134,-0.3550759,-0.34466344,0.8366709,-0.9049121,-0.2579337,-0.27821937,-0.35559845,-0.047923926,-0.47454268,-1.4569554,-1.9220954,0.83064556,1.5030241,-0.8144893,0.043285836,-0.23491386,1.2637272,-0.32508317,0.22990681,-0.12711543,-1.199851,0.99218774,-0.50606656,-0.624698,-0.3730772,-0.36059108,-0.4741924,-0.038350247,1.2020031,-0.36537337,0.26280096,0.4257111,0.25747386,-1.0811172,0.48429486,-0.6156699,0.030318748,-0.069129996,-0.19425876,1.4855729,-0.9649593,-1.7092642,-0.7089328,-1.9826578,1.0342724,1.1870818,0.4798379,0.9926044,0.9037434,-0.3229062,-0.39847454,-1.7134134,-0.17990024,0.34838626,-0.7067041,-0.9603018,0.37618104,-0.59960043,-0.19377534,-1.2245483,-2.0466578,1.2090673,-0.85503435,-0.20451634,-0.3418369,-0.20184931,-0.48489508,-1.7878907,-0.83992577,-1.0812922,0.20270205,-0.20631412,-1.7679302,0.87597775,-1.4465212
225,-1.1842128,0.20532103,-1.0395164,-0.5514845,1.4299444,0.48086634,0.7732273,-0.29542744,0.6640297,0.28173074,-1.5731417,0.39523235,0.11499764,-0.4159682,0.38627747,1.1299679,0.61646825,-1.8301978,-0.117882624,0.2782683,1.2000021,-1.8851523,-1.4415523,-0.17683388,0.17886433,1.0788755,-1.1032153,0.8697596,0.14451897,-0.08032149,-0.98365545,1.0309315,-0.80145586,-0.98083055,0.48155582,1.818561,2.3459868,-0.19942328,-0.4775686,-2.0026453,-0.26166537,-0.35740975,1.0476325,-0.034283683,0.23836195,1.0682417,-1.163753,-0.9057462,0.062559836,-0.12294601,1.3181359,-0.24944787,-0.064012684,-0.4442477,-0.9439791,-0.25748506,-0.470058,0.4168111,0.55137795,-1.0323164,-0.4321209,0.18392712,0.72567135,0.42745999,1.3598485,1.6565927,-0.5435992,-0.42713428,-0.57594806,-1.1291343,-0.8255427,-1.184883,0.07685855,2.642843,-0.06533295,0.39183,-0.8394016,0.057575125,1.7209451,-2.0169601,2.0568807,-0.9424193,0.71527225,-1.2768973,-1.2224426,0.34234053,-0.26512727,0.2509595,-0.47757468,0.58965737,-0.97566164,-0.39508063,-0.76542974,-0.34313467,2.913824,-0.1085156,0.5177337,-0.66750634,0.17859843,2.6784241,-0.6445036,0.36671036,1.8355529,1.7250139,-0.2951936,-0.18200359,-0.21004577,-1.9969964,0.20663215,0.8367416,-0.50617254,0.21335651,0.34169897,0.50143284,2.5345695,-0.3352306,-1.3352252,0.97421235,-0.42288283,-2.4416192,0.9054764,-0.5294078,-0.95530057,-0.28549248,0.25408843,-0.8658056,1.0623507,1.3082772
226,0.82613516,-1.2567483,-0.044220462,1.4000009,0.2675817,1.2227445,0.3480802,1.3590989,0.6440631,-0.667037,-0.80349755,-1.2469631,-1.0110936,-1.1526338,1.6569242,-0.67328596,-0.31283328,-0.59159553,-0.6384637,0.29745466,-0.897321,0.014730353,1.6518958,-0.58245856,-1.2985028,-0.6887009,1.1330158,-0.014451162,-2.2288458,0.086987965,-0.1780748,0.2380848,0.32961473,0.80408925,0.8809838,0.080550365,1.4508494,0.84956574,-0.034368712,1.2016498,-0.5738672,0.97669965,0.1022896,-0.0091217365,-0.9039878,0.5363181,1.6328936,1.7389786,-0.960692,-0.19177479,2.5059884,0.61891365,0.35093942,0.5573765,-1.057616,-0.35299963,0.75583357,0.7155916,-0.3516049,0.40280968,0.58445644,-0.28514272,0.4292114,0.81925887,0.15278986,0.43367112,0.32064044,-0.53857887,0.6458078,-0.9787099,-0.39229426,-0.11621045,-0.20537798,0.015496359,0.39519674,0.4354314,-0.50124043,-0.44350874,0.58979,0.74049234,0.44742307,-1.5782287,0.46897405,0.42358354,-0.6177594,-1.2042994,-0.5291901,0.3497533,-0.75887,-1.6249102,0.038590603,-0.6360144,0.5241277,-0.0024732156,-0.32249698,-0.5577325,-1.0866053,-0.77777356,-0.13284534,0.6728175,-0.569963,0.15688644,-0.53103876,1.4647417,-1.1568195,-2.2104983,1.4236488,0.23317336,-2.1161478,1.9693671,-1.0217205,1.3349944,-0.8416721,-0.10574978,0.6030917,-0.9784718,0.17006674,-2.1499286,1.0999283,1.0359116,-0.35520682,-0.011263372,-0.46103123,0.43819332,0.15358461,-0.5422642,1.190699,-1.0512263
227,-1.5314363,2.350164,-1.0965936,0.25778037,0.572963,0.033905767,0.3850953,0.07978357,-0.30789995,-0.23732492,-0.83873224,0.12471461,-1.0748588,-1.0742885,-0.007637015,-1.4685229,-0.2360038,0.624692,0.3237137,-0.35663372,-1.4944074,-1.1617553,-1.4686904,-0.5416343,0.98487604,0.85756654,0.5561376,-0.5443579,-0.10587765,1.6519537,-0.27612454,-0.3036633,1.1924591,0.14078419,-0.1333651,2.0807142,-0.8697843,1.2754233,0.2759104,0.44841498,-0.6602933,-0.5458961,-1.1472397,-0.15266235,-2.3454583,0.66996056,-0.32283762,0.58332074,-0.69380224,-1.7966752,-1.464667,0.3210217,-0.3314032,-1.0188415,-0.67537045,2.2025385,0.50853544,0.6369707,0.13589843,1.5326897,0.70217025,1.6734722,1.1264995,-0.6402883,-0.70102394,0.8954459,-2.5353997,-0.23215583,0.8265418,0.47918072,-1.003841,-1.7935411,0.026016971,2.549823,0.11451172,1.2618878,1.7829738,-0.63980174,-1.0849409,-1.9227827,0.05420724,0.70114446,1.8589114,0.74789864,-0.63733786,-0.014044966,1.4159853,1.6551566,-0.08694343,-1.1998528,-0.79780686,-1.2833363,-2.19157,-1.2378337,-0.8669626,0.14025389,2.0949538,1.5976163,-0.92422366,0.2880373,0.2814284,-1.168917,-1.3919885,-0.10511181,-0.2802792,0.57051647,-1.3580822,0.46249935,-2.04903,1.1618125,0.6902734,-0.14041755,0.23830928,0.47280404,-1.5004865,-1.6076035,-0.62868506,-1.4136572,0.6133825,-0.73249125,-0.9288049,0.5144839,-0.53120303,-1.1177498,0.45635727,-0.8195872,-0.842573,-0.8204014
228,-1.2179028,-1.3999709,-0.24588706,0.25842878,-0.06743142,-0.093689814,-0.9391265,-0.26616412,-0.6602991,-0.23291586,-1.3620124,-0.317521,0.46835345,-1.2787639,0.61705816,-1.6974242,-0.1652832,-1.9138998,-1.2697271,-0.48633295,1.3415534,0.6878818,1.2376245,0.5826531,-0.1219777,0.0062104235,1.0860652,1.5988781,-1.6548355,-0.42267027,0.35279787,-0.2743656,0.3219013,-1.1155717,-0.6186895,-2.2093682,1.0488114,0.9068544,-1.2359905,0.6356862,-0.3882057,0.51844925,0.814472,-0.76463693,0.7093232,-0.35941473,-1.8921125,-0.2572326,-0.57733977,-0.96058494,0.32116032,-0.89378303,0.44519144,0.287574,0.13348332,-0.63227963,-2.997229,0.26589638,-0.92639005,-0.31945565,-0.42395636,1.5973914,0.7541302,2.180713,-1.6327455,1.2964699,-0.9936533,-0.81145185,1.1706845,0.016223084,-1.2766984,1.0881157,-1.135005,0.2396747,0.35892355,-0.24284762,-1.5043293,-0.05337721,0.34719515,-0.08217372,-0.73956126,1.0048858,-0.37535834,-0.61598724,-0.32867822,2.0615284,0.6386425,0.4464247,-0.025140366,-0.6172037,0.9138618,0.3388303,-1.3128221,-0.55172926,-0.5658175,0.025885822,0.93992215,-1.4572219,-0.06764695,1.9467443,0.8683557,-0.25463742,-0.8667556,0.03995149,1.3319637,0.20520848,0.07148264,1.2453837,0.38248718,-0.15079461,-0.87119514,-0.24432017,0.17936341,-1.197659,-0.22838071,2.0939205,-0.40449208,0.3322804,1.461507,-2.5313668,0.39055204,-1.2073559,0.34448615,1.948991,-1.2452729,-0.3768073,-0.6421468,-0.86517024
229,-0.24635632,-0.7324531,-1.3937892,-0.9158209,-0.71892923,-0.86035883,-0.32836425,-1.3371242,-0.6779779,-0.732219,0.21242547,-0.79084826,-1.0464123,0.5982972,0.8704684,0.39817417,0.37246096,0.11456099,-0.3643066,-1.2471738,0.33889747,0.5015293,0.5895689,0.90253884,0.15336901,-0.39289883,-0.19034477,0.4092352,0.17885852,-0.35800293,-0.12951122,-0.073763214,1.446336,2.4187567,-0.08515173,0.091244936,-0.33991823,1.1846168,-0.53202426,0.5104367,0.060760077,-0.35029536,-0.061732374,0.41213185,-0.62093014,-2.7827415,-0.20866373,-0.9971929,-0.074011944,1.0962502,0.5029503,-0.47427493,-1.387454,0.39190704,0.8173068,-0.46468398,0.62763715,-2.3082292,-0.23676278,0.19310111,-1.1986055,1.1084925,-1.2429734,0.21187505,0.30118817,0.22372514,0.5034473,-0.88691473,-0.21954504,-0.5144057,1.0573139,0.4218528,0.73633796,1.1842453,-1.7636116,1.8853009,0.42637762,1.0067991,-0.035554547,0.60508615,-0.30681533,1.7093918,0.35633174,-0.5951551,0.7226864,1.4890083,-0.74202293,-0.93816257,0.6402402,-1.5577927,-0.006565344,-1.2529358,-0.1462719,-0.4986243,0.2918154,-1.011816,1.931629,0.021920454,0.57782155,-0.3576562,1.9075637,-0.4414579,-0.6672674,-0.7980582,1.2532666,2.2110596,0.063003354,1.2037284,-0.12763548,-0.55516034,0.52424425,0.8819746,-1.0758741,-0.56566495,-0.52272964,-0.9003697,-0.47690174,-1.4229798,-1.7690071,-0.63188523,1.4333279,0.6252705,0.37773383,-0.055552296,0.046108577,0.633385,0.07975703,-0.5769668
23,1.1476094,1.186796,-0.098041356,-0.15993203,1.1934794,0.11324218,-0.4686823,-0.3285343,-0.6968665,1.04536,1.6537145,-2.3355093,-1.1226724,-0.042062655,0.69749874,-0.60996944,0.4050942,-0.18388516,0.42003664,-0.8512792,-0.8945427,0.53608185,-0.12114773,-0.79799795,-1.4134793,0.02496287,-0.03408644,-0.062382713,-0.61885715,0.85769737,0.16201428,-0.5191434,1.5662794,-1.4744047,0.26133186,2.5703084,-0.9385654,-0.7150289,2.1153386,-0.36581567,-0.06529254,-1.1745588,0.4460928,0.5665444,0.04022944,1.9191538,-0.64666456,-0.726818,-0.27159134,-1.2030804,1.0049933,0.30751133,-1.2824765,1.0774789,-1.6344042,-0.5590044,1.1016821,-0.5192392,-0.47133854,2.4685926,-0.76013047,-1.2506686,0.14810032,0.75155765,2.316165,0.81345695,-0.25419056,-0.7340112,-1.6044016,0.0111362105,-0.28974682,-0.8182466,-1.279723,1.1712713,-0.11130112,1.690132,-0.13117261,-0.4550158,1.3353465,-0.46431696,-0.7475028,-0.15445997,-1.2395831,-2.094687,-0.47666252,-0.7893787,-2.1736984,-0.22837158,-0.7455934,-0.8113538,-0.60025424,-0.46860158,0.48306286,0.08511528,1.27357,0.004225508,0.24458197,-0.5046621,-0.14423606,-1.7078356,0.8535324,-0.37614182,1.9138627,1.3569993,-1.1073234,-0.42600784,0.48451713,-0.09765276,0.80758625,1.1120794,-0.67040086,0.3494412,-0.5911534,-0.5918842,-0.074038215,0.25568262,-0.11041164,0.3613635,0.17117226,0.20391996,0.07268291,0.8542822,1.4100044,-1.029659,1.1636678,0.34105545,-0.7179753,-0.53866494
230,0.06427789,-1.2508667,-0.3919349,-0.00710993,-0.98277014,-0.034879707,1.3095939,0.8753038,-0.928212,-0.17779954,1.1612129,1.2072349,-0.22738284,-0.20411295,0.15595466,-0.6130309,0.042788524,0.07645418,-1.2770437,0.67272806,-1.3640548,1.6340001,-2.1703842,-0.41483888,-1.9526861,-0.7301575,0.1409584,2.374696,-0.8920175,-0.9207636,-0.9301373,-0.7743511,-0.6409363,0.812552,0.9855676,-0.28156483,-1.0846673,-0.3721942,0.1836552,-0.56897575,-1.0347751,-2.003794,0.46817675,-0.3396506,0.4566444,0.59435886,-1.481838,0.24109931,-0.34442726,-1.697569,-1.1945841,-0.43505552,0.72939014,-0.9998186,-0.24979798,-0.88828737,0.34600312,0.5824048,0.42085102,0.49192658,0.31672832,0.4803863,0.5703066,-2.219317,0.0047486904,-0.4126564,0.7362601,0.2540763,-0.88756007,-1.2472824,1.6647993,-0.6124637,-1.0879201,-0.14127195,0.47391227,0.4015451,0.59976625,1.1296005,0.6729447,-0.81854725,1.1640668,-0.87179565,0.40429166,0.0021253226,-0.3238072,-0.9292521,1.5552455,-0.11322301,1.1324322,0.57007754,-1.3301351,2.020786,-0.8892429,-0.046449497,-0.41891935,-0.8975741,0.864112,-0.40419915,-1.6938418,0.15184759,-0.41486084,-2.2503388,-1.3171352,0.9744354,0.20860958,0.20140907,-0.7372635,-0.40164027,0.83939964,1.6131358,-1.1604387,0.18177466,-0.1913997,-0.097858235,-0.6615267,-0.68950015,1.852111,0.055918742,-0.244318,-0.09518609,0.8105814,0.017784556,0.41846144,-0.70384127,0.7311792,0.77329475,-0.0676619,-1.4692189
231,0.7713279,-2.3391173,-0.6072414,0.24202862,1.5197759,0.36211184,-0.35494268,-0.13963132,-0.49379724,2.0112762,1.0761868,0.65496755,-0.054797795,1.1490127,2.0135252,0.79003257,0.015179286,0.4427764,0.49853897,1.4815866,1.3688827,-0.39400044,0.19760412,-1.0826385,0.09512825,-0.16065015,-2.1310637,-0.9607558,0.43260214,-0.5127748,-0.6949616,0.5775672,-0.8285039,0.040058497,0.3941354,-0.30489025,-0.8614136,0.0459916,-0.016641138,-1.119241,-0.8757074,-1.5600129,0.6245812,1.8093421,0.48949653,-0.9681593,-1.5784668,1.3282042,1.3900942,0.70372105,-0.10507133,-2.0526981,0.48295996,-1.3569198,0.13783859,0.768376,0.60530066,-0.2538282,0.92149484,0.7694198,1.3177848,-0.9426233,-0.92793185,0.42613587,-1.8854495,0.09441573,-0.47510096,0.12694758,-0.24930558,2.5926998,0.05289273,-0.91027546,-0.21886238,0.69096684,-1.4343921,-0.6926014,-1.0458738,1.2148978,-1.8268805,0.3311852,0.48075777,-1.0335656,2.0388062,0.39602557,1.5808998,-2.5028095,-0.029664474,-0.08709269,0.4340085,-0.51828134,0.2751812,-0.3277438,-1.0541297,0.7377323,-0.1979267,0.02851785,-1.3271686,0.119253375,-0.90535027,1.7942624,-0.9104532,-0.984911,0.96866643,-0.24775556,0.82206595,1.0373305,1.22797,-0.39668304,0.56976694,0.51597464,-0.7086456,-0.6460947,0.51266104,-0.032853212,0.8192449,1.077097,-0.14399551,0.509601,0.3878122,0.06070915,0.06358248,-1.0164286,-0.82923055,0.8175769,-0.20521115,-0.8271361,-2.2283647,0.08415454
232,-0.14942619,0.91397274,-0.6421617,0.5521538,0.78080046,-1.1014901,1.1690189,0.27662903,-1.9004637,1.4779078,1.0431362,-1.7595094,0.019497002,-1.0491524,0.21925707,-0.18939517,0.64877504,0.3317519,-0.73094916,-0.32112938,1.5427651,1.0747459,-0.9931144,-0.68043655,1.6330637,-0.49120188,0.46869487,-1.6844648,-0.35436222,0.105970286,-0.25426227,0.0027694465,-0.57401663,-0.0504053,0.031481937,-0.07058019,-0.72482,-0.87465703,-0.13687415,0.22991638,0.78280777,0.76098406,-0.34230486,0.31587297,1.0101647,2.2903142,2.7489288,-0.92787546,0.41703743,-0.6476607,-0.109984756,0.35724622,1.7954755,-1.5813601,1.029821,0.833641,-0.18810602,0.19322342,-0.34894696,0.34245688,0.36287317,-1.2195711,-0.24935493,-1.4240453,-1.4869467,-0.77897984,0.30561766,0.16517417,1.3389995,-2.8190098,-0.6624521,1.181646,-0.15123391,-0.3796897,2.935538,-0.20931529,2.4911869,-1.5107126,0.7350144,-0.26885536,0.55286777,0.08102647,-0.34807378,-0.647282,0.41668442,-0.5022986,-0.56122446,-0.56006014,-1.3886377,-1.7941267,0.1309257,1.0068641,-2.5754075,-0.7892645,0.0375731,-0.30313128,-0.26769334,0.124679625,2.1361432,1.0541143,-0.7278793,0.261002,-0.87361443,-1.0635579,-0.7012869,-0.57986116,0.54915047,-0.024692746,-0.5733565,-0.11421046,-2.2035823,-0.5867882,-1.7760032,0.17006537,1.2303358,-1.6491942,-0.3453837,-1.0635126,0.47833434,-1.9425966,2.0607398,0.26516643,1.0647821,-1.440306,-0.37920287,-1.1701208,-2.7515514,-0.6851839
233,-0.17817639,-1.6609722,1.4053663,-1.3557171,-3.3183973,2.1449432,-0.093944885,0.06845689,-1.5288013,-0.44934952,-0.67621446,1.680766,-0.32097593,0.47761905,1.5794773,-0.7345185,-0.17247215,0.13266769,-1.132974,0.8954002,1.1076456,0.09037466,0.9363971,0.29429546,-0.38143203,-0.6605237,0.4889308,-0.9958681,-1.3028741,0.4132827,0.6568279,-0.37436187,0.5473517,-0.86529535,1.2860271,1.1530966,0.15536456,0.28003746,-0.9977168,0.3856122,-0.42835152,-1.2040567,-0.20151232,-0.69894063,-1.9919887,-0.55950534,-0.2825814,0.27773756,-0.41976488,0.9291765,-0.68035424,-0.6134678,-0.18581672,1.2929076,-0.21097182,-0.107043974,-0.95525914,0.3879244,-0.27352494,0.28710517,-0.37446553,-0.72263783,-0.6245167,0.27077404,-0.4127036,0.15963471,-0.29342622,-0.13130006,0.3921594,-0.22308636,1.6246432,0.5381739,-1.4795424,1.7774092,0.71358633,0.022462543,0.068145014,-0.0184414,0.62321603,-0.30550396,-0.32204413,0.265186,-1.2054454,-0.117920004,0.94060206,-0.6985102,-0.39632976,-0.8017979,-1.4274135,2.1391823,0.861635,0.3087389,-1.0285889,-0.68075687,0.48394743,1.1589205,0.51427156,-1.1629524,-1.0503165,-0.531702,-0.51783806,-0.31495762,-2.0028596,-0.047627926,-0.15414137,0.29922006,0.72873825,0.42865345,0.2132597,0.34702054,-1.9252853,1.0904155,-0.62853545,-1.5049585,0.20310022,0.04580412,0.39026365,0.81288284,-0.66908896,0.061131813,-1.782875,-0.4693693,-0.96714973,0.8430527,-1.0895876,-0.51738477,-0.949564,0.031460777
234,0.15038508,1.1881255,0.7738572,-1.1399693,0.24096178,-0.94729704,-1.1589509,-1.4799752,0.19464928,1.2726955,-0.40165958,-0.3198617,-1.8325877,0.11175375,0.5466796,0.6487295,0.9469745,-0.485424,1.0894027,0.30327278,-0.17426214,1.3442335,0.11945682,-0.37215704,-0.35396034,0.481052,-1.5656936,-1.7096391,0.19892034,0.30194,-0.09187821,0.78904,0.44511935,0.5085611,-1.7276045,-0.99734396,0.5170401,-0.2305933,-0.52159494,0.069686785,-0.0396051,-0.5159717,0.035347722,-0.39504534,-1.2383423,1.1251341,0.4014237,-1.1938297,-0.61342865,1.0855042,-0.63000435,-0.30820093,-0.19580655,0.5278286,0.70294565,-0.85007507,-1.9899524,-0.56183934,-0.19944498,-0.1382689,0.90186155,0.7525152,0.1752628,-0.4987963,-0.40618816,1.9478173,1.0066601,-0.6013047,0.54880136,-1.2487389,-0.18676692,-0.054608643,-1.0941213,0.45178667,-0.9768935,1.0081382,0.032609988,0.8367297,0.10390204,-0.7243783,-0.19681668,0.62798667,-1.0342891,1.6216568,-0.93753546,0.9958535,-1.0245727,-0.6385356,0.5035151,-0.26507518,-0.0053065405,0.062681474,-0.81902254,1.2475976,-0.2475682,-0.93849117,-0.42331794,-0.34253815,0.9720489,-0.0017316273,1.6492804,0.83969027,0.673258,1.0795101,0.3633235,0.16856863,0.054084655,-0.5560652,-2.16182,0.0333072,-0.023667067,-1.5811274,0.20699303,-0.5819811,0.7660165,-1.3457487,-1.2290175,0.49471378,0.09906848,-1.1670201,1.3774885,0.9088641,0.74330467,-1.6791754,1.0688982,-0.21667178,0.5599448,-1.9082956
235,-0.9887432,0.3116514,0.2876677,1.1329176,0.98791313,0.117508724,0.81558865,1.3035353,-0.12939881,-0.5638809,0.6230511,0.1586128,0.734044,-1.0861088,2.488688,-0.5170589,1.4017544,-1.3840768,0.6047771,-0.2867192,0.4381483,0.30228916,0.9747747,-1.3088611,-0.53040516,0.82145494,1.4103429,-0.7528583,-1.2244327,-1.166459,0.5911981,0.42104924,0.9515664,-0.7098557,-1.5480721,-0.442863,1.2153636,0.6728855,-0.19123112,-0.67071915,0.9926882,-0.812021,-0.013297909,-0.20105885,-1.0004431,-0.5777562,1.5550747,0.6797745,-0.64210314,0.19029737,-0.064450346,-0.64728266,-0.48170304,-0.42313117,0.5127371,1.060298,0.29628038,-0.7092169,0.098221496,-0.1233462,0.60418814,-0.73967326,-0.36393777,-1.6430076,0.7249021,-0.21815515,-1.0249218,-1.5225772,0.4735579,0.53325677,1.6803819,0.8036705,-1.2301788,-1.0092477,-1.6473082,-0.35695288,-1.059845,-0.8526432,0.3303027,0.8346733,1.3159573,1.8773274,-0.21134731,-0.2674427,-1.4021106,0.24182034,1.4035506,0.74192053,-0.5883849,0.7390052,0.36658913,-0.04866614,-0.737504,-0.88742393,1.1885445,-1.0575775,0.26282328,-1.8672132,0.1747324,-0.3207257,0.529254,0.86753917,0.046676833,1.5310168,-0.16619337,-0.21899454,0.57718223,0.1311405,0.9302037,-0.30393305,-0.36383662,0.328305,0.17686385,0.38999793,-0.98623043,-0.5974299,0.34804597,0.52550197,-1.7476888,-1.8962436,-1.0096554,-0.14618541,-0.27175707,-1.2937272,-1.8599205,-0.0064052367,-1.6824119,0.1963153
236,-0.07055067,-1.6382636,1.0159477,-0.37725645,0.5585888,0.724349,-1.0878384,-0.0058119996,0.21051598,-1.5181307,0.3732772,-1.0148224,0.48012474,1.789142,-0.6430456,0.527778,-0.8825094,0.12085492,-0.9021468,1.1272457,-1.8486379,-1.2990319,-0.99872977,-0.40996176,1.0546559,-0.587292,0.272593,0.6514443,0.3498524,0.19550237,-1.3897705,0.20416294,-0.88243043,0.98192483,0.77223384,0.45067358,0.9960261,0.0078054736,-0.9800425,-0.49263254,-0.085641734,0.42616156,-1.7839067,0.6963229,0.5290846,1.2115293,-0.86406547,0.52641606,0.37508947,-1.8961915,-0.3648936,-0.45898226,-1.2286543,0.48934397,0.18886024,0.13163956,0.5666642,-0.59024334,0.6448953,0.22375311,0.41479084,-0.5121661,-0.8142537,0.9965158,1.2451178,0.30700722,-0.39453843,0.67408097,-0.55210185,-0.09972926,1.5769355,1.6502715,0.72353995,0.2270336,0.53177005,-0.24009477,-0.4013667,-0.3805467,-0.115516126,-1.3725849,1.6915451,0.59497476,-0.50565094,0.54266226,-0.20534527,-0.7969754,-0.78662246,-0.24053858,0.25463173,0.33559635,-0.82367665,0.90336096,-0.6787365,-0.92957085,-1.7567914,0.79145664,1.5692424,-1.5908177,-0.3592774,0.7883848,1.2102411,-1.390282,1.3462504,1.0970563,-0.5981935,0.64717835,-1.2765108,-0.4996493,1.0387045,-0.13539015,0.5105768,1.3300009,0.268218,-0.54782844,-1.7416339,-2.5752532,-0.55403763,0.23869656,-0.87128896,-0.16265737,-1.8428596,0.5498134,-1.4753977,0.19520223,-0.03341472,0.6051258,-0.4709292,-0.68556714
237,0.9890935,0.4688445,0.8168668,0.3323359,-1.3059932,-0.2797657,-0.4650829,-0.46112713,-0.48572862,-0.86523014,0.064084016,0.6631873,0.2791449,1.4714808,-0.39422378,0.41418394,-0.28438944,0.12718035,1.133209,-0.47694033,-2.165985,-1.5372423,-0.5637567,1.6474386,0.22031762,-0.5654408,0.6745512,0.9506306,-0.19361606,-0.8672075,-0.8147819,-0.22690015,0.5362772,-0.22672935,-0.64826304,0.012133425,1.1569043,-0.3862899,0.3238977,-0.45995167,-1.847979,0.1404183,-0.3237445,-0.76030797,-0.1703573,0.32767174,-1.4425249,0.9654679,-0.6722934,0.581746,0.75046504,-0.10642815,0.28802076,0.45775172,0.7272442,-0.6058183,1.5530773,-0.21839432,-0.9338673,-0.45774123,1.1621178,-0.37938133,-0.14255334,0.4240452,-0.024335524,0.5899234,-1.4223156,0.9210043,-0.00954251,0.6255332,-0.8077949,0.08015148,-0.7011708,-1.8125417,1.4056377,0.3213949,0.11616374,-0.000101633894,-1.4618955,-0.44435185,-0.21930023,0.5371773,0.061929673,-0.39593762,-0.71764714,0.94105154,1.0847641,0.37593377,0.5185012,0.4513016,-1.5983171,0.41639826,1.1064714,-0.031234087,-0.5131783,0.029032262,0.5365071,-0.94339854,0.5234461,0.061051227,0.37337834,-0.7904377,0.11615609,-0.4602834,0.07319741,0.2426201,0.5477718,0.33504808,0.27581772,0.677517,-1.3851517,-0.069531016,0.44826213,0.38919592,-0.6626664,-1.2035203,0.32449016,-0.3025691,-1.1181244,0.043858834,2.201624,0.03557651,-1.0940151,-0.35697442,0.64356285,0.59195924,0.31751496,-1.0663768
238,-0.89578694,-1.5720025,-0.41552827,-0.25451806,-0.068408385,-0.9109887,-0.57327265,1.0761223,-0.80042064,0.40993834,0.79959047,-0.8567747,-0.6136745,-0.7603536,-0.66974425,0.8991119,0.0885364,0.2775711,0.48043224,-0.48032817,0.62502027,1.4284614,0.33968982,0.65183514,-0.62922955,0.029771551,-0.41554838,-0.5250317,-0.317578,0.58831793,-1.192447,-0.8403533,-0.08503588,0.021144599,0.38154817,-0.2809527,-1.7191811,0.46460795,-1.5517638,0.7860924,0.3920674,-0.05007403,-0.899656,-1.2418396,-0.3507916,0.18025178,0.4449268,0.5389949,0.052347653,0.20725797,-0.623197,-0.45541945,-0.17693035,-0.025210602,1.9483469,0.56194204,0.20138767,-1.1400423,0.5187029,0.12281331,0.11612535,-1.9301952,0.41394588,0.18466958,-0.42043287,-0.22376464,1.3161736,-0.63974,0.6553956,-0.59682703,0.3127187,0.101867825,-0.8836173,1.1578126,-0.031767517,-0.17230953,-0.0677384,0.09270261,0.3336595,-0.24675806,-0.4738077,0.59358335,-0.28593382,1.5205599,0.818216,-1.1824217,-1.1831244,0.596419,-0.08571821,1.3674303,-0.2337738,-1.0027418,0.18233941,-1.1889734,-0.44539458,-1.1289333,-0.40181503,-0.16745658,-1.1253352,-0.15706855,0.36603948,0.15044758,-1.2804643,0.098530404,0.030546628,0.23828107,0.25615123,0.5502785,-0.100120395,-0.70443326,-0.95022875,0.00052412355,-0.49943885,0.3533812,0.028780825,0.48460233,0.2534366,0.50478184,-1.3638461,-0.18463399,1.2996231,0.5091935,-0.2773456,0.05147289,0.45916784,-0.30818123,0.49746677,0.99846333
239,-1.1341902,-0.750407,-0.11580702,0.6979954,1.619269,1.7221009,1.946412,-1.0273961,-1.0407611,-0.33044785,0.3614067,-0.67416084,-0.9300685,1.1481098,0.054678604,1.303395,-0.8618768,-0.922977,-0.24944441,0.37795347,-2.2105846,-1.0301358,-1.1874301,-0.7479257,0.15552785,-0.06302537,2.4762366,0.7477991,-0.69240105,-0.9002058,-0.96973324,-0.69441533,-0.048281487,-0.14585951,1.2955626,-1.2714913,-0.5246079,0.615088,1.135731,-0.23211306,1.0884163,0.065611884,0.6269227,-0.649305,0.34460995,2.2329283,-0.25009823,0.12512487,0.01310885,-0.06302452,0.20035647,0.6783571,-0.6891788,0.54195124,-1.0427996,1.1961507,-1.0688621,-0.74564713,0.8399758,0.4383032,0.00094709627,0.14912692,-0.2081803,-0.14062606,1.394834,0.23344013,-0.40566522,-0.82558787,-0.34528926,0.15614451,1.4996825,-0.05671721,1.2494098,2.1722915,-0.1233685,0.91273403,-0.34209117,1.2280803,-0.4227185,0.9547795,-1.1799834,-0.91159517,2.3169558,-0.4910698,-0.27858725,-0.4745296,-0.36631536,0.88220185,1.3777237,-2.122206,-1.0984756,-0.38677433,-0.16199395,0.6613383,0.4334329,-0.35837936,-0.041994896,1.0687182,0.0037578905,-0.048819736,0.12497091,-0.0373129,1.4253873,-0.18600015,-0.3594419,-0.55436134,-0.066229485,-0.94582695,0.37901247,-0.28263596,0.20046414,0.37492195,-0.05453179,-1.0170711,1.3973144,-0.8438136,1.2433486,0.3483028,-1.1229336,-0.17562236,0.86577,-1.2052791,-0.38454792,1.0920935,0.9184733,1.0241383,0.39333934,-1.0471922
24,-0.47679335,2.7405865,1.9013888,-1.9322919,0.09662259,-1.4981166,0.8564355,0.9148676,-1.1656393,0.38895655,-0.23648946,-0.015227715,0.026547804,-1.9393907,-2.2343488,-1.512595,-2.1376224,1.1639743,-2.0578864,3.6003819,1.5904384,-0.2182962,1.8445122,0.3430152,-3.1409698,0.5284197,-0.5041619,0.91581553,0.3742807,1.2280928,-0.3142732,-0.1853701,1.1367819,0.7615735,1.4177103,-2.1423025,-0.8252792,0.2197694,-0.37374786,-0.6964099,-1.9386923,0.33326763,2.6741621,-0.22793137,-1.5376325,-0.24364357,-0.41876742,0.61931443,-0.793894,0.88947964,-1.4248334,-0.40927342,0.27361405,0.9477538,0.5266308,1.9610931,-0.6172522,-0.067640945,2.1456542,-0.578506,0.8411007,1.0272902,2.009869,-0.36687145,0.1355501,1.0948628,1.0502208,-0.6695014,-0.5221712,-0.5352085,-1.6391759,-2.5673425,-0.76391405,-1.1393694,-2.2453897,-0.69629794,-1.5901049,-0.4681379,2.6869087,-1.3041319,0.6779536,-0.3207231,-0.898145,-0.8425595,-0.42031842,-1.4312674,-0.90530986,3.0608203,0.6816639,-0.17578001,-1.6608589,0.32813743,-0.93616253,-0.79847705,0.77459127,0.10529003,2.4087007,1.3757303,2.3566818,-0.32460552,-1.488634,-1.0073891,1.186127,0.65316916,-0.6062999,-0.8185319,0.2854488,1.2846181,1.5144473,-1.3098319,0.88459766,1.4643825,-1.006172,-0.96305734,0.8670321,1.0654826,2.9977562,-0.9517167,2.3275747,-0.06922422,-0.93324625,1.6140549,-0.49944937,-2.0060506,1.4998573,-0.61408997,3.368966,1.6630884
240,0.35506195,-0.086077064,-0.16228107,-0.36587998,-1.3288742,0.0024010018,-0.20566209,0.68798226,0.25211248,1.4995847,-0.6124624,-0.8337682,1.4797494,-1.0597286,-0.2748357,-0.66244465,0.60303426,0.4364137,-1.1953028,1.0114516,2.6041985,-1.444748,0.6848683,0.7290721,-0.4245519,0.10031358,0.36817524,0.31466135,-0.4559418,0.54257745,-0.9521323,-1.2404292,-0.70670325,-0.19055215,0.71489143,0.2790219,0.4900129,-1.894312,0.8653553,2.0115132,0.90925986,0.6223651,-0.71040434,-0.73922056,-2.2852554,0.14787239,0.27208158,0.18722971,0.673644,-0.6629418,0.4358071,-1.3361367,-1.5588949,0.08714973,0.17671247,-1.4953306,-0.34856832,-1.2017682,-2.0487902,0.409045,0.945041,1.2650607,-1.5546476,1.1963062,0.94267243,1.5691252,-0.19735041,0.1897984,0.7092152,-0.14650278,1.292518,-0.68084174,1.0715119,-0.34466392,0.92850226,-0.008470682,-0.1910071,-0.54710585,-0.53355485,-1.3162917,0.18655199,-0.04897939,-0.84711426,0.49235204,0.5652136,0.48479393,0.02637648,0.65564084,-0.007081815,-0.6561353,0.07659819,-0.9315534,0.8618534,1.0294642,-0.57993776,-0.6518645,-0.109233275,-0.9446998,-0.5417928,0.45886979,0.21538076,0.45111758,-0.7302504,-0.9244101,0.3046419,-0.12844126,0.92687005,1.0492564,-0.26613042,-0.51610965,-0.11509516,-0.72266537,2.4363508,0.93618685,0.5910829,-0.9930347,-0.44517267,1.0740958,-0.015834508,0.3576464,-1.0374186,0.62057245,-0.94547856,-0.52086616,-0.58476526,-0.38296652,-0.68346846,0.038096942
241,-1.0953089,0.08360707,-1.2826623,0.2584977,-0.64422977,0.15737054,0.26408622,-0.42542115,0.76536345,1.156734,-0.5390741,0.9646097,0.35376486,1.0031338,-0.50794977,1.3581743,-0.3407039,-0.09157975,-1.0639542,-1.2133646,-2.069924,0.49642754,-0.2505166,0.4923939,0.23616268,-0.72151935,1.6546514,0.23824784,0.24743311,1.1244776,0.99778557,0.13071726,0.48099524,-0.6706309,-0.59517556,-0.91418475,-0.86686945,0.54448444,0.1703167,-0.76251936,-0.9505025,0.8033706,-1.2115562,-0.27428526,-0.24175186,1.2030786,-1.8655975,0.0534027,0.34171242,-0.28897378,0.61380184,0.122914515,0.7295733,0.85285044,-0.61016685,-0.09483843,-0.41842473,-0.4643341,0.08938625,-0.2747787,0.42187417,-0.6436305,-0.4069893,-0.71734047,-0.3049904,0.7884162,-1.9056294,0.62325305,0.058169853,0.3764362,0.015445366,0.23875485,-0.61878526,0.9656758,-0.2833374,-0.037842724,0.7630966,0.78901887,-1.6286516,0.67239654,-1.1944512,0.1134405,-0.455991,-0.34927756,1.6288258,0.7997035,-0.19486924,0.046090454,-0.940865,-0.63179064,0.1867439,-0.3585676,-0.7007916,-0.72742647,-0.83710414,-0.24065754,1.9332932,0.0018193178,0.17404746,-0.7580753,1.8515526,-1.4519765,-0.6647123,0.9947611,0.21135491,-0.21625212,-0.18525289,-0.6109408,-0.788287,-2.1188362,2.5058277,-0.046250112,-1.0354087,-0.9663571,0.24098103,-0.4461014,0.85941184,-0.352093,-1.0158473,-0.42372954,0.30052105,-1.2022063,1.1129607,0.6909653,0.35880503,0.12154817,-0.7128015,0.5171548
242,-1.4280266,0.45041353,1.0564666,-1.9669402,0.44183958,0.97533923,0.083875686,-1.1787508,-0.74904424,0.7261897,-1.076013,-0.25093418,-1.0690916,-1.2804259,-1.8640587,-0.11022115,-0.08359942,0.4774453,-0.978889,-0.46815538,-0.37734705,0.57744026,-0.1901804,0.25659862,0.20999858,1.6271646,0.9575093,0.15286775,0.18371631,-0.2779492,-0.34311193,1.0695428,-1.232224,-0.3017139,0.52811676,0.31796107,-1.807679,1.3867795,0.62735474,-0.2834743,0.9355613,-1.665991,-1.7723277,1.6815535,-0.70600355,-0.33236855,0.32619157,0.23870003,-1.0429515,-1.2739862,0.85939056,-0.2346017,-0.7111383,-1.394491,-0.20558809,0.08729766,-0.45567653,0.6816636,-0.8252555,-1.5190196,0.09119741,0.57202595,-0.03139701,-1.8349966,1.034648,0.38562292,0.3094422,-2.2179167,0.5046649,0.44229412,-1.7769719,-0.6575254,-0.7300522,-0.997949,0.58240867,-0.67565507,-0.9896455,0.82742304,-0.8408287,0.12259643,-0.23332672,0.96672195,0.33087248,-1.3690523,0.79754454,0.73073375,0.07815428,0.9537558,-0.1144171,-1.3343589,1.5009081,1.2307315,1.0164421,-1.0203106,-0.48982796,0.46943113,0.7092226,1.6046168,-1.030738,0.56390387,-0.27472618,0.07675709,-1.0365127,1.9346929,0.74350977,-0.059849624,-0.21009982,-2.8132136,-1.1084592,-2.0238652,0.5795471,-0.13125627,1.2779766,-0.1574483,-0.5054346,0.24576536,-0.949666,-2.516333,0.38060722,0.11890367,1.546336,0.5115455,-1.1733161,1.8261214,0.12365264,0.39470622,-0.57650596,0.20870754
243,-1.5127575,1.5749542,-0.4407954,-0.73766077,-1.9920155,1.9046955,1.2844995,0.0795652,0.48497546,0.5915051,1.04627,0.630551,-1.6416378,-0.41003725,-0.97316253,0.13134642,1.4050772,-0.0014657433,0.16571853,1.9294933,0.2254423,-0.5407851,-0.47332716,1.3320123,-0.95366424,-0.33237895,-0.4820332,1.5524869,-2.4385042,0.5769145,0.58049995,-0.20608588,-0.82739156,1.429271,-0.11695688,1.2176824,2.2362692,-0.31722102,0.22051355,-0.64181095,1.2333752,-1.0046579,0.80214125,0.8042134,-0.34148943,1.3459506,0.43336403,1.542782,-0.29723987,-0.08045035,0.12319053,0.32102787,-0.16372941,0.19565575,-0.7260896,-0.4331578,0.6656616,-0.46895757,-0.7874592,0.8672594,1.8293799,1.7405193,0.9495866,0.92271286,1.4797952,0.31861243,0.07392458,-1.037831,-0.91100764,1.3516954,-0.05161226,0.23575164,-0.624052,-0.62359226,0.0004300338,0.2657407,0.39052424,-0.48534444,-0.20931697,-1.1045145,0.07061219,-1.116454,-0.33385724,-1.1797446,-1.386111,0.27008873,1.2479235,-0.034389965,-1.6181241,0.14296238,-0.25271302,-1.3016764,0.5548932,0.31672513,-0.1808693,-1.3046474,0.95629513,0.33083424,-1.4805244,0.34937394,-0.26226032,-1.3015811,-0.7464791,0.26620385,1.0565016,0.09526535,-0.27517042,-1.0197769,1.7901945,-2.9920766,-0.053421423,0.2519882,-1.4696423,-0.32455707,-0.34516826,-0.012399141,-1.0974172,-0.379381,-0.453977,0.10133774,-0.1831184,1.5496998,-0.9171359,-0.73535734,-0.044062242,0.9559471,-0.12816787,0.9826432
244,0.21914454,1.8330642,2.0398889,-0.1575247,0.36375204,1.1614056,-0.7234324,-0.40535304,1.8200976,0.22983353,-0.17535776,-0.58394367,-1.6971844,0.46032903,-0.25112662,-1.8025305,-0.25800496,-0.036612842,1.0805413,0.66355336,-0.99509794,-2.1017778,-0.44572955,-1.257359,0.6859612,-0.56125826,-2.0012505,-1.2685409,-1.4576342,-0.8221552,0.12078459,1.3381605,-0.91960555,-0.76995724,0.7058787,0.22682665,0.1068966,-0.70736605,1.2955503,-0.48009992,1.3699589,2.1347644,0.78707916,0.41701195,-0.7757264,-0.48548985,-1.0760593,-0.15667175,-0.41749924,0.8830067,-0.78910166,0.8222667,1.5508342,-0.2775138,0.7302478,1.1295414,-1.0032761,1.3323113,1.3232665,0.12356002,-0.16425928,-0.29078993,-0.3864089,0.9964716,2.554405,-1.5721155,-0.4188359,-0.5166799,0.34789094,-0.0608639,0.6057325,0.25287673,0.21526901,1.6329722,-2.0192904,0.6562625,-2.1465743,-0.3249863,-0.1209768,-0.7899576,-1.5077418,1.0245054,-0.7020544,1.4156518,0.73653275,-1.4572991,0.37376806,-0.9284925,-0.80986965,-2.0109487,0.77295035,-0.099454924,1.655849,0.6626704,0.8440243,1.8769376,1.3958071,0.13972832,-0.9132929,0.90569425,-0.29539198,0.83680177,-1.3660035,-0.23774645,-0.25178704,1.3527732,-0.018539941,1.0281808,-0.1474042,0.919532,-0.21078336,-0.32114643,-1.9050757,-1.0155123,-0.4102214,0.61236477,-0.468637,0.12186275,-0.09269885,-0.88714266,-0.3176189,0.8624021,-1.490798,0.80753404,-0.6850779,1.2838466,0.10685823,0.3725643
245,1.3878684,-1.0136205,-0.65476185,0.17902137,-0.82574326,-0.09380597,-0.664153,0.09015291,-0.16963851,0.7692655,2.381422,-0.79654276,-0.9241326,-1.2730937,-0.8699813,1.1016443,0.10922229,0.4985123,-0.3006372,0.2558027,-1.9998118,-0.34244362,0.062890604,0.21444035,-0.34522223,-0.30588597,-0.03688997,0.32508674,-0.2074149,0.99433327,-1.0605979,-0.16455916,0.2868157,0.31228033,-0.52656645,-1.6632776,0.59245586,1.2780156,-0.5722055,-1.4432026,-0.23345931,0.4652445,0.034408078,0.03519355,-1.4989893,0.6774481,-1.0457624,-0.049314607,-1.4202769,0.1928077,2.4895856,0.45408177,-1.0284079,-0.57583576,0.23231818,1.0640346,1.4636881,0.37468004,-0.35820428,-1.0257939,-0.5837621,-0.06225364,1.3046216,-0.33887634,0.8666232,1.0560769,1.5704939,-0.3101937,0.2814548,-1.2471851,-0.27950224,-0.7941447,1.1643577,-0.77851915,-0.009039992,0.22459428,-0.76727635,-0.973983,-1.2429643,1.2875026,1.273911,0.9019395,-0.41705516,-0.818743,-1.3624314,0.85243005,0.97765803,-0.31178874,0.44796357,0.059124023,-0.1723919,-1.111846,0.15837479,0.26090997,0.94437325,0.35804832,-0.20504892,1.8422381,-0.4180826,-0.6729585,-1.4522702,0.9830874,-0.61839527,-1.115135,0.4120434,0.3817528,-1.1671561,-3.0701454,1.3058281,-0.1861724,0.08045601,-0.17712998,-0.06344207,0.27764016,1.0925456,-0.015583063,-0.44765323,-0.5023981,-2.611764,-1.4840018,-0.760558,-2.4128785,1.1348321,-0.52994895,-0.13795418,0.10934761,-0.68753445,1.4620923
246,0.43451372,-0.4405582,2.0612686,0.60406476,0.27269813,-0.6312756,0.597979,-0.20888914,2.268732,-0.9944669,0.1693208,-0.33765575,0.52148616,1.0727156,0.91442597,-0.5242624,-0.90668553,1.9704508,1.3129954,0.525796,0.1406592,-0.7719528,1.5190319,0.4243878,-0.31058678,-1.8548335,1.023917,-0.3307311,-0.8451421,-0.2955464,-0.84813106,0.74159145,0.25897777,-0.3273136,-0.4732716,-0.13451208,0.82061046,0.3774152,-0.7775509,0.050446704,-0.28545994,-0.47890735,1.6811008,-0.5540671,-0.4129109,0.003822807,-1.1909083,1.8181007,1.3180764,-0.5849513,0.4873679,-0.6134511,0.19279844,1.4455919,-1.2802246,-0.7550901,-1.130856,0.09327453,0.8144698,-0.38379377,0.4420727,-0.35251227,-0.44441673,0.10687951,-0.6010745,-0.9732745,0.15218249,0.11633834,-0.6727794,0.2745807,-0.85588914,-0.20956066,-1.5281572,-0.18621467,0.41588444,-0.5869821,0.4053064,0.6548002,-0.76892114,1.3856969,0.74107766,-0.29836965,1.0554254,-0.697561,-0.5928461,1.1666659,0.16489245,-0.11499165,-0.7104728,-0.042575084,-1.9266139,-0.715003,-2.3680637,-1.4148012,-0.2801884,0.0936578,-0.20107432,1.0772815,0.28033614,-0.1885362,0.18702288,-0.66349375,-0.1585208,-0.8106423,-0.59753776,1.7782698,-0.12532248,0.23624939,0.26001355,1.2123953,-0.029905776,-0.61868143,-0.16576213,-0.023999466,0.20494305,0.7551171,0.50278753,-0.122114964,-0.880373,0.9510648,0.40785703,0.6262555,-0.4772767,-1.3008868,0.59725505,-2.284647,0.31016546,0.36943316
247,-0.8986357,0.43471363,-0.37548888,0.3842364,-0.03624094,-2.8953266,0.030984713,-0.263499,0.1066821,1.1586195,-0.56137574,-0.23850566,-1.0291404,-0.04516834,1.02783,0.042403564,-0.01971838,0.105609536,0.64676994,-0.5662191,0.3538285,0.032096468,0.65046906,0.41832668,-0.0116529735,0.999871,0.43013892,-0.93419665,0.08031224,1.2056885,0.83921945,-0.3190993,-0.66287035,0.83459926,-2.3636284,0.72877425,-1.1711729,0.1903487,-1.5627353,-1.0820748,0.14536254,1.046563,1.3948196,0.49590138,-0.83615834,-1.6437286,-0.06506299,-0.4271414,-1.283243,0.98428303,0.78651726,0.78924596,-0.08512078,1.0942823,-0.67045933,1.3618649,0.49671495,-0.42350686,0.5895493,-0.37214628,-0.6394664,1.5950522,-0.041734707,-0.23554043,-0.47787145,0.39947137,-1.3980697,-0.3287687,1.2286637,1.6950899,-0.90773207,0.5490511,1.753958,1.1823335,1.9780712,-1.1032342,1.2981553,-0.23153667,0.96573615,0.8205753,0.5577855,-0.4247805,-0.9299442,0.61349225,-0.4760968,0.090051524,0.20541456,2.1425369,-0.37278622,-0.6106356,3.1507795,0.14725375,0.2204923,0.1972928,-0.32831824,-0.6031693,0.012146759,-1.1520666,-0.0070008487,-0.8748918,-0.7785165,-0.9188471,0.7227865,-1.4786506,-0.7203515,0.2568919,0.6941937,-0.58554155,-0.7880804,-1.0680479,0.706363,-0.8035102,-1.893797,0.49839288,1.0044903,0.36801735,-0.51615936,0.1453732,-0.68411094,1.6777062,-0.6673253,-0.4786905,-1.243894,0.6066473,1.4801193,0.16510122,1.3229709,0.04479029
248,-1.378216,-0.33345363,-0.5345688,-0.097916655,0.32902738,-0.8175046,-0.1173926,0.41471818,0.5348079,-0.13629657,0.621825,-0.37257877,1.8126675,2.1697428,0.51187646,-0.6975601,0.7092904,1.3128347,1.0016471,2.6932092,-1.0903205,2.6838717,0.34811345,1.1043013,-1.0433242,0.35229525,1.0131907,0.10130423,1.7411394,0.3490698,0.69841206,2.7243085,2.3627722,-0.116964,-1.1746242,0.89263785,0.5348318,0.025563646,-0.3102839,1.6083486,1.8107349,-0.39845225,-0.62394667,-2.1116686,0.84098375,-0.83175623,-0.65959466,0.974322,-0.20237207,0.55022734,1.857055,0.5155126,-0.080957755,0.08170833,-0.57377493,-0.67707115,-3.0563717,-0.76739925,0.17654191,-0.5399695,-1.122604,-0.21976174,-0.22529538,0.29077068,0.20482276,0.64364666,0.71397805,-0.8640214,1.2578462,-1.1965984,-0.70027405,0.07764682,-0.0018140665,1.274973,0.6280349,-0.5351776,-0.49190834,-0.39740545,0.65505046,1.462977,0.85110146,-0.21478389,0.5477083,-1.0381817,0.8336012,0.38298047,1.1213585,-0.41902083,0.07724382,1.0532918,1.8459884,-0.03462361,0.5818458,0.7639417,-1.6317575,0.3181044,-0.23148564,-0.29284015,-0.8340882,0.78597915,-0.6823266,-0.48562452,-0.27151114,1.059901,-0.027855938,1.1782341,-1.230539,2.204236,-0.48638692,-0.2794166,-0.48132426,-1.2778232,-0.809853,1.8670143,0.9198451,-0.7338879,0.02381726,0.16949269,0.08963883,-0.8197968,-0.21584542,1.5934542,-0.9724089,-0.11899095,-0.5473233,0.3514929,-0.62874746,1.244396
249,0.5981743,-1.1427163,0.106255226,-0.98123014,0.5240996,-1.4732097,-0.59740883,0.08354358,-1.4915847,0.07021072,-0.58034974,0.4807481,-0.7813426,1.0913364,-0.2650073,-0.7985991,-0.054833453,-1.1130396,-0.19125241,0.1477853,-1.3326337,0.13133089,0.566043,-0.39015543,1.3402685,-0.6477083,-1.563286,0.1612751,1.6035947,-1.4587274,0.3700366,0.5027406,-1.1769933,-0.8972683,-1.3661194,-1.0292333,-1.2356014,0.90450686,0.05708546,-0.6675998,1.5309018,0.40904513,0.9301863,-0.5101521,-2.1480076,0.19999233,-0.0016165498,-0.41007617,0.4269145,-0.54131824,0.49699038,-0.7097224,-0.12746926,-0.35205185,-0.68136287,-0.05469646,-1.6142211,2.4952435,0.011712768,-0.3984724,-0.31643224,0.3283372,-0.5970878,0.43650922,1.7285601,0.5275288,0.24572171,-0.5149598,-0.43076414,-0.7808618,-1.2480247,-0.1215736,0.28832254,-0.43181068,0.40509182,0.3616861,-0.03162133,2.4595673,-0.27224985,1.3013107,2.2924511,0.41205403,1.4933455,0.29542544,0.6148196,1.4071629,-0.67127997,-1.131755,-0.42063075,0.11022155,1.8951749,1.3558447,-0.8729901,-0.6948348,-0.22117943,0.34996042,-0.39898002,0.026671603,-1.0640357,2.0793135,0.4659199,1.2620269,-0.57598346,-1.6857498,0.45441493,-1.4879855,-0.03308445,-0.5138836,1.8273866,-1.5143307,-0.4145431,0.89871085,0.48605853,1.9957935,-1.3966794,1.014917,1.154733,1.0864768,0.297007,0.38262933,-0.06469483,-0.63823473,0.60103744,0.17771058,-1.6307135,0.6512316,0.84761375,-0.499523
25,0.31894866,-2.4285731,1.2661664,0.3312537,0.050803088,-1.5333014,0.9241646,-1.0152481,-1.9276972,1.962114,-0.2397749,-0.6317548,0.6768022,-0.25630358,-0.6460816,-0.038718358,0.21652162,-0.84710824,0.15038893,-0.25235936,-0.40945515,0.6434191,-1.79002,0.45316914,-0.36186165,-0.28642708,-0.7249215,-0.42473838,-2.1148465,-0.22598971,0.83412033,-1.4301156,1.834876,0.24318364,-0.50569075,-0.74568415,-1.046609,1.8050407,-0.22103244,0.17411448,0.53551686,-2.574403,1.1267848,2.0093544,-0.0006000988,1.9251969,0.5277074,0.33474147,-1.8920944,0.1720673,-0.47047886,1.3292493,1.3974133,-2.0746102,0.17254272,0.8355106,-0.26728684,0.34497774,-0.16901088,0.37891394,0.83244425,0.012495162,-1.3361652,0.2915748,0.027710304,0.54657567,-0.48210654,0.7339634,1.1395053,-0.66061044,0.20641258,1.4873405,-0.5041875,0.36813277,0.15344377,-0.40861082,-0.72575945,-3.042253,0.24864092,0.36585963,0.24724157,0.18044731,0.93916947,1.3383584,-1.6733669,-1.8368722,-2.2758052,-0.42427737,1.9416167,-0.2976032,-0.9254126,-1.3419167,-0.6502064,0.2219972,-0.37614256,0.322715,0.7910263,0.9405556,-1.5874738,0.95434123,1.67129,0.068882175,0.46906444,1.2852485,1.0699364,1.0237933,-0.18491493,1.2533104,0.822593,-0.92952824,-1.7591993,-0.08484509,-0.8760801,-2.4258027,-0.34007126,-0.6470704,-0.9632662,0.9271539,0.10685395,-0.5418251,1.2947059,1.5092118,-0.23835023,-1.1399149,-0.064565845,0.9830375,0.4699337,1.6344596
250,-0.036132056,1.4125799,-0.9392272,-1.2587104,0.82339174,0.17254856,-1.1680517,1.1984377,0.8095854,-0.4504003,-0.8169382,0.16419661,-1.2578391,-0.3247261,-0.12257276,-0.9706789,-0.42851543,0.20582251,-0.941596,-0.73361856,-0.3346955,1.3345168,-0.3840384,1.0107374,1.3574394,-0.37941667,-0.38703802,-0.07048864,1.8168138,-0.82615244,0.15394793,0.8422281,-0.38297623,0.11889456,1.7817814,-0.34217167,1.0804266,-0.7005697,0.0005209233,-0.30657536,1.2127382,0.73918766,1.6453913,-0.038435187,-1.1759533,1.0599514,-0.40435398,-1.052342,0.40679282,0.32952392,0.59342676,-1.3554534,0.08942138,-1.4947637,0.06444546,1.3875253,-0.25797296,-0.018442433,-0.5935041,-0.34083766,0.15200269,-1.6207956,0.17741477,1.0855596,0.5022536,1.140876,0.35802212,1.7644937,-1.0434923,-0.3217656,0.6087024,0.6685198,0.16765673,-0.59525996,0.76393014,1.07084,-0.06882058,1.3173553,1.0243274,-0.6621857,0.22535841,0.10850882,0.7471767,0.73984516,1.0626721,0.43176597,1.1622794,-1.484104,0.2692312,1.1184154,1.7123506,-0.71309525,-0.4035933,-0.27983764,0.7232143,-0.8577692,0.16537297,-1.3492717,1.0306525,0.25662076,0.29521847,-0.49831802,-0.8666889,-0.29545537,0.47646105,-2.0037477,0.67366964,0.49746627,-0.8658215,-0.04277835,0.16246778,0.614253,1.1535877,-0.92164433,-0.47100532,0.48567173,0.4602155,0.8840976,-1.3912656,-2.1075897,0.9184591,-1.435628,-0.2590013,-0.2557468,0.5871303,-0.72711676,0.19173399,0.71264833
251,0.41428545,-1.348652,-0.49539936,1.7419219,0.46328232,1.5954819,2.6055756,1.4575548,-0.13975528,0.5333108,0.27783957,1.2809018,0.736887,-0.8129011,-1.1825142,-0.58250135,-0.74257046,-1.571428,-0.067286514,2.2794957,1.5155675,1.3053842,0.0018288124,-1.2922076,0.5622378,0.5737673,0.5332395,1.3135122,0.27831206,0.99230105,-0.12042269,-0.43734613,-1.1146208,1.1383866,0.16774625,0.61328447,-0.39545512,0.82519525,0.06800152,-0.000656753,0.9297084,-1.7336484,-0.16691034,0.7606089,0.175788,0.4121277,-0.57572675,0.057849262,0.021125007,-0.81242985,0.7539123,-0.012532396,2.6598847,-0.35408053,-1.0390837,0.464069,-0.80224955,0.73924774,0.0132814525,-0.29277146,0.12477705,0.54616904,-0.75628066,0.123094045,-0.30140153,-0.12490758,-0.58298475,-0.97322184,0.37986553,0.40585914,0.76222074,-0.44930515,-0.4554368,-0.13734794,0.6166737,1.5065988,-0.011564546,0.007753698,0.56693566,-0.7898903,-0.26175526,-0.80817765,0.2981986,1.3709781,1.3152912,-2.918844,-0.19214195,1.0987277,-0.43811193,0.41903126,-0.69877976,0.6383544,1.2053354,-1.7854015,0.9094262,0.0004965281,2.3382332,-0.35007682,-2.0735466,0.41340107,-0.3888308,0.40273425,-1.0485237,-1.2108371,-0.49212706,-1.2596313,0.35980645,0.4893862,0.7716488,0.64847666,0.51132435,-1.5035163,-0.4275609,-0.5811622,-0.16660021,0.2452242,-0.026947772,-0.47943547,0.090181336,-0.9183062,1.3304658,0.2322522,0.60874337,0.31513983,-0.52923274,-2.646461,-0.9554735,-0.10080579
252,-0.6468692,-1.3476444,-0.27148032,-0.007921638,-0.096463166,1.1045138,-0.42049554,0.64321446,0.0518534,-0.89987725,-0.18653017,0.9289591,0.039711013,-0.82865703,0.66740644,-1.006992,0.13292538,-0.7277859,-1.3041102,-2.6711717,-0.16240597,-0.35844088,-0.56829756,0.03182674,1.0210212,-1.8748028,-0.42588302,0.13633294,0.3093886,-0.45400998,-0.7150682,0.27704623,0.3879127,-1.2977902,-2.8624742,0.28556556,0.045226585,-0.7127646,-0.38343078,-0.21981722,-0.50286406,0.9924723,1.2818204,-0.23127104,0.2807478,0.81619513,-0.052059185,-0.9290211,0.5610355,-1.0322309,-1.696287,1.032668,-1.227969,-0.31962824,0.08971735,-0.4039049,-0.37594783,-0.24833216,0.4073511,-1.1679306,1.3640944,-0.028353255,-0.5294301,0.3160557,1.3226476,-0.051978167,-1.0094066,-0.6030872,0.4961047,0.30341104,-0.41443735,2.7703485,0.020552984,-0.6155798,0.62228644,1.2600834,-0.1401772,-0.86340487,0.41866037,2.5911357,-0.24497512,1.0296605,-0.6194301,-0.09385827,0.059799455,0.23454869,-0.34904888,1.4221971,-0.24563189,0.5023815,0.004623167,-0.10050385,2.2363806,-0.97352904,-0.5894313,-0.6266596,-1.2425511,-1.0213387,0.9008048,-0.62029487,0.19427164,0.19318783,-0.21328945,0.6891975,-1.4494531,-0.21229067,-0.36227912,-0.73097664,-0.248882,1.5625713,-0.11390787,1.5594988,0.51634395,-0.69551027,2.008938,-0.8936784,0.91765845,0.048718635,-1.4805102,-1.4323493,-1.3323344,0.7794536,-2.2712116,-1.45347,0.1489345,-1.0577983,-1.2802576,0.64438343
253,-0.78573614,0.45218712,0.09873587,-0.97058386,-1.0245677,0.4963193,-1.2273941,0.8355241,-1.5756267,1.0820407,0.6094994,1.3331937,0.14627819,0.29079694,-1.9890406,0.70509034,1.8305893,-0.50640965,-0.0070309215,-1.3319035,1.3088734,-1.4316489,-0.31591132,1.1056325,-0.3579178,-0.25752848,0.031082207,-0.24754502,0.38843334,-0.8523569,-1.4465898,0.48292205,-1.7800862,2.2823498,0.44146642,-0.3680484,-0.12660198,-1.1481951,0.17495717,1.3075135,-1.1981719,-0.09374452,0.7406442,-0.16692105,0.20372787,-0.5001883,-0.17741968,0.7647265,0.17031103,1.3386047,-0.71852195,-0.8488747,0.09764012,-0.4177548,-0.98595196,0.12201453,0.67906624,0.09331377,0.6123634,0.30425453,0.4244663,0.44371423,-0.9375352,0.24085556,-1.0721972,-1.4667958,0.3896587,1.2483027,0.5042216,-0.7155618,-0.7009194,-0.9814186,0.3938591,-0.11064835,0.20661357,-0.84667754,0.55913454,0.5518447,0.019627437,0.67766625,0.33934996,-0.8068014,1.125462,1.119421,0.8818593,0.6419646,-0.08438375,1.7598764,-0.6887796,2.1921456,1.3527871,-1.9551728,-0.4158515,-0.57225466,0.58435476,-1.7684377,-2.0087225,0.75894934,-0.5294907,-0.05069759,2.7730148,-0.14635985,-0.8255705,1.1783018,-0.098623425,1.3770077,-2.6801424,0.024616946,-0.35630584,2.0605001,-0.949042,1.2153674,-0.14065543,0.84158707,-1.8628548,-0.65863854,1.1137769,0.59961843,-0.3994039,-0.58069366,-0.5170434,1.4215579,0.94991934,2.296299,-0.06845383,-1.2539201,-0.998975,-0.14277795
255,0.5473511,2.2408524,0.4260921,1.0146563,-0.043459177,2.499776,-0.014511964,-1.2931167,1.0036083,0.52751404,-1.4008874,1.2410417,1.6125395,-0.43248132,1.1130023,-1.8797694,1.4163483,-0.38596386,-0.10816319,0.060087282,-0.16024734,-0.82573825,0.7980357,0.40743497,1.0990436,1.0020589,1.0469651,-0.7785529,1.771794,-1.3138411,1.7525831,-0.12356015,-0.24087235,0.6775495,1.0054032,1.9201789,-0.24552555,0.4634248,0.7780708,0.09281217,-0.40844092,-1.045512,-1.1934412,1.6393305,-0.21696939,0.43201983,1.3288449,-1.0036817,-0.050092224,0.10200564,-0.080918506,-0.9390972,-1.0979356,-0.27495956,-1.0853226,0.72199386,-2.2266302,-1.4040155,-0.58623976,-0.050896544,-0.7172188,1.7861161,-1.4029908,1.6121075,0.073562756,-1.0821662,-0.60061646,-1.140141,2.3239481,0.3733083,-0.9729217,-0.35364902,0.742514,-0.51438075,0.71991503,0.2631909,1.183622,-1.7184168,-0.33755034,0.6526034,-1.0145568,0.7895317,-0.3893558,0.38657987,-0.34319434,-0.67040163,-1.6206089,0.1519325,-1.2785447,0.2970504,-0.37959287,0.85154325,-0.19056207,0.9745113,0.78270113,0.44795212,0.2821045,0.025558827,0.18582468,-0.21178131,0.15550517,0.5141417,-0.060846668,-0.29344758,-1.3624982,-0.804617,0.62484694,-0.2685561,-1.3524967,-0.0795259,0.49527714,-0.9909009,-1.1647662,0.934436,-1.869971,0.28412905,0.9922842,1.3341731,0.580291,0.374856,-0.517301,1.058284,-0.5473306,0.23236682,-0.19313851,-0.035765674,-0.16717578,-0.102925956
256,-2.1188834,-0.91489935,-0.33719778,0.89361244,0.90304655,1.01987,-0.7179593,0.64110947,1.4970766,0.20408589,1.5585928,1.2077875,0.76915944,0.7098256,1.5954477,-0.8555248,-1.631155,-0.33726048,-0.08677117,0.5333468,0.21143372,-0.65424263,-0.5730948,-1.8585589,-0.23604928,-0.7301877,-0.19879538,-0.6809969,-0.34082505,-0.43642816,1.0078163,-0.091586225,-0.5225282,1.0615876,-1.4007407,0.5675349,0.0335464,-1.2329273,-0.27109584,0.69361365,0.96903354,0.5832161,0.4081399,-0.3872085,0.21470477,-0.65738016,-0.40596443,-0.019483257,-0.72453827,-0.054049823,-0.1718755,1.1842422,-0.047734853,-0.37418434,0.09456407,-0.10611581,-0.5981427,0.3743587,-0.40459865,-0.9464655,1.0822495,-1.9466023,-2.7167375,0.5180931,0.90785736,0.08801518,-0.063779205,0.772991,-1.337531,-0.23528838,-0.83789325,-0.96206677,0.12192317,1.4988933,-0.25248602,0.13374834,0.31054282,0.73791903,-1.0092267,-0.51413304,1.1587038,-1.8377762,0.268906,0.034375824,-0.9936026,1.8486445,1.0898114,-0.5632175,0.06495767,-1.5231864,0.010461025,1.8279474,0.49736178,-0.40335718,-0.41818646,1.9558991,0.5276985,-1.1407288,0.13020834,0.16688998,1.0724412,-1.047068,0.110885724,-0.113345295,0.5795953,2.068137,-0.43010113,0.31305987,1.3952492,0.9922165,-0.575319,-0.0929254,-2.085743,0.22375828,0.9013695,-0.600906,1.5270965,-0.8766306,-0.55278486,-1.672497,-0.54754996,1.3550636,0.14662392,-0.100969665,1.2533352,0.41879815,-0.67644083,0.49691212
257,0.40876397,0.107209004,0.3523682,-0.69877744,-0.6770004,0.36110675,-0.012126651,0.07269812,-2.4179559,0.029756654,0.02365151,1.4277017,1.6114849,-0.43267396,-0.3319482,-0.15102771,-0.10966866,-0.13626705,0.11524959,0.056613825,0.58650196,-0.5961141,0.3578633,0.81694096,-0.37329897,0.63358504,1.9994298,-0.49727702,0.45743784,0.9902496,0.27729058,0.44915035,-0.62444246,2.401049,1.0924636,0.9358841,-0.45974022,0.73388517,0.14431742,1.1552019,0.04173022,-0.8713116,-1.5878971,-1.3124534,-0.050204057,-0.15717965,0.72001433,-0.24856612,-1.4075507,0.4719673,0.9779775,-1.0178354,0.68144846,-0.8920551,0.51698244,1.5171806,-0.8855747,-0.029137524,1.258982,0.73940295,0.56293756,0.59917825,-0.515084,-0.2459583,0.7733982,1.9980173,-0.08106333,-0.3290973,-1.1781404,-1.400995,0.45836893,0.3377995,-0.24256109,-0.8636209,-0.574712,-0.59158725,0.15495177,1.3355058,-0.5214589,-0.8042831,0.3089831,0.2371897,-0.1700805,0.7040926,-0.041222893,-0.4199617,1.4303143,-0.23613368,1.8294742,-0.9563735,2.124151,0.57998765,-1.4350057,-0.2787514,-0.7510866,-0.47642824,-0.10106404,0.3147312,0.1030113,0.89874417,-1.0379725,-0.20538136,0.4082072,0.52166307,1.3481262,-0.31593993,0.44736034,0.9849041,0.07650716,0.74050254,0.21580113,-0.64772886,-0.21273,0.23583911,0.53166825,0.69509244,0.6774306,0.49214193,0.90496045,-0.13875745,1.6228958,0.20144753,1.4236277,0.4298707,0.9896516,-0.09924933,1.310414,1.1869076
259,-0.13466051,-0.14301746,0.47999367,-0.07942697,0.40805104,0.24625947,0.28656217,1.287875,-0.6479275,0.84276557,1.9089835,0.6636016,1.820733,0.35123295,-0.3717702,2.136998,-0.02307767,-1.0397159,-0.13432917,-0.76841,-0.2673616,0.54606324,0.0004175751,0.20836438,0.09213767,-1.058303,-0.89247656,1.8165003,-0.7105542,1.3943788,0.17398812,0.24581775,-0.49738193,1.5893366,0.003092371,-0.60296905,-1.3310456,-0.47869986,-0.33833125,0.54090303,-1.450155,1.138066,-0.055472303,-0.0031803835,-0.9391597,-0.16971077,-0.14553353,-0.5756772,-0.39459684,0.057220798,-0.5532144,0.17319548,0.30564976,-0.33948222,-0.5273742,1.1231049,0.22473012,0.845414,-0.5587428,-0.73893315,-0.3312587,-1.2433678,0.92853117,0.40904862,1.2747077,0.4126605,-2.8081384,0.36359566,-0.30089688,0.41821843,-0.722344,0.84699595,-1.1301272,1.0762248,-1.6075447,0.4229226,0.79141784,0.10779008,-0.9278217,0.04175433,0.28271028,-0.0801494,0.7250423,0.51838285,0.1715942,-0.99097866,-1.0785791,1.5767316,-0.75701815,-1.1081359,0.58981335,0.8281731,0.87074316,0.5865771,0.04483662,-1.1212994,-0.37204438,0.51109856,0.059279785,0.5731678,0.6912663,-1.2610849,0.61942464,0.43057552,-0.0944441,0.8871219,-0.87446433,-1.0691193,0.77778417,0.17705497,0.6058643,0.7959759,1.4745451,0.56665736,0.27323285,0.7791484,0.43022913,0.89451766,-0.1779038,0.76231986,-0.8388057,-1.7341834,1.4193394,0.33517307,0.8194819,0.7669448,0.753823,0.6738178
26,0.60197717,-1.0257628,2.4314775,-0.7525987,0.7802726,-3.4382808,-0.41455445,-0.69247115,-0.92804044,1.1058648,0.75602806,0.6084542,0.26598433,-1.1863822,-0.5450263,-0.3351561,2.18635,0.39649564,-0.96324414,-0.7593303,-1.284651,-1.0756241,-0.27258614,-0.92263263,-1.5964814,0.10438328,0.96940994,-1.3131826,-0.47710764,-0.48767105,-0.34960127,2.6620965,-0.069093116,0.2528268,1.2642325,1.7345238,0.2590741,-0.43655545,0.16389887,-0.55452853,0.98291415,0.24924138,0.96391046,-0.07052763,-1.6453705,-0.33845004,-0.47892755,-0.56587106,0.10120459,-0.71171063,-3.4826949,-1.2601724,0.4241089,-0.15534213,1.1037797,0.6450489,-1.0662485,-1.1702497,-0.33436844,1.2667949,-0.55115384,0.07987624,-0.4907318,-1.0796112,-1.6975468,0.9709986,-0.44398153,-0.1566223,-0.16324222,-0.48539886,0.27111483,1.2136569,-1.433222,-2.4739926,-0.32120505,-1.0378367,0.5084024,-1.1700976,1.304677,-1.0314507,0.5988832,0.65226734,2.21587,-0.84441656,-1.1945126,-2.0788178,-0.6151446,-0.32274234,0.32530904,2.3438387,-0.037052464,-2.0979366,1.5312328,0.22275104,2.216166,0.6898692,-0.50626785,-0.1903611,2.3219628,-0.2407553,-0.18442804,-0.40189284,0.61556375,-0.7883609,0.258389,-0.2809502,-1.8663751,-0.32594138,-1.0106993,1.426196,-0.48818228,-0.52120453,-0.4007891,-0.7498922,1.2354431,0.109573126,-2.7457952,-0.596263,1.6283978,1.1527635,-0.18682106,-0.0262197,-0.48299634,0.36885953,-0.85798407,0.36180046,1.0697476,-1.5456681
2601,1.5915639,0.47763065,-0.2889936,-0.67137396,-2.1470497,0.19984236,0.16324061,0.174018,0.42877695,-0.7516204,-1.0791605,-0.4002216,1.0517756,-1.1047815,0.9954054,2.0973637,-0.2220276,-0.3988641,-0.25088412,-0.487894,-0.08781497,1.3476278,-1.757932,0.9703019,0.46560952,0.10167171,-0.988285,-1.3107382,1.6606646,-0.80216336,0.9314862,-0.4679318,-0.39084318,-1.5441655,-1.0015439,-1.5154233,1.2985278,-0.84595287,0.34297454,-0.5886005,-0.55460984,0.68829715,-0.14859836,-0.19910847,-2.1900601,-1.0157036,0.81981355,0.42665458,0.12867829,0.36638743,0.9261829,-1.033032,-0.17003413,-0.47397166,0.59557235,-1.3468963,1.2042465,0.09962679,-0.23642944,-0.35158852,0.5633887,0.050824303,0.34807855,-0.37466413,0.42355156,-0.065652125,1.9263921,-0.56607944,-0.5017508,1.307511,-0.74081534,1.3949049,-0.23497427,0.105673134,1.0219264,0.25915724,-0.6273897,-0.86372745,1.1594282,1.0203577,-0.5479969,0.7638835,0.31627047,-1.708993,0.22390737,0.68285334,0.64996797,-0.4290003,0.55064875,0.43265712,0.8444598,0.43175462,-1.2407025,-1.8062742,0.47778505,-1.6082894,-0.7677438,0.51992524,-0.20834139,-1.026188,0.22563292,-0.21999258,-0.8255216,-0.5296274,1.4057704,0.10323969,-1.0410521,0.0069624647,0.086813696,2.1296897,0.1094288,-1.9321914,-1.5603495,-0.3800542,0.567651,-0.7752984,2.002424,-1.3367964,0.6022211,0.6171473,0.6427484,-0.070193276,0.26512614,0.66191185,-0.3469575,-0.48977932,-0.43371692,-1.0913961
2603,0.22126544,0.84451294,0.46964744,1.4810417,-0.84646106,0.079417795,1.4092042,-0.18626313,0.8424457,-1.9963315,0.6018263,0.67966723,0.53050125,0.24592648,-0.7047835,1.3783051,-0.9261862,-0.80384654,-1.6797453,1.6517856,-0.716582,0.8766067,-0.51497495,1.3120077,-0.367003,-0.091492094,-1.7759788,1.4302902,0.45375332,0.7854943,-0.56574863,-2.2272506,1.2760489,-0.15213129,0.7482169,0.8111883,-0.2283965,-0.19869098,-0.97246796,-0.96030354,-0.5176771,-0.44732234,1.7292225,1.2770537,-0.20653549,-0.12625846,0.9339,-1.838354,-1.1125977,-0.20694146,0.97865266,-0.048076607,-0.34753874,-0.9108383,0.23600055,-0.65087765,-0.91022587,-0.8935849,-0.3678414,0.82263625,-0.2240946,1.020815,-0.27220792,-1.2293708,-0.46835968,-1.2209593,-1.0527136,0.5654252,0.61974156,-0.54291064,-1.3689072,-0.053806722,1.2427529,0.41456518,0.1368852,-0.53808427,0.12086689,0.6588103,0.25654098,0.42755702,-0.47593266,-0.42641726,0.5445558,-1.4980187,1.0824202,-0.11495254,-0.25702205,0.82689756,-0.4765047,0.030150503,-0.5752942,0.570885,-0.33981466,-1.6249741,-0.25691074,0.016659165,-1.1792841,-0.5756838,-2.047904,0.8684559,-0.5667308,1.1594884,0.81112856,-0.6765061,-0.8211834,-0.16715547,-1.964486,-1.813239,0.87076145,0.24629205,1.0218747,0.22986059,-0.31061634,-0.34097907,0.26509598,-1.2556304,0.68847793,1.3488811,-0.9525637,-0.07672393,0.433679,-0.67463595,-1.1534199,0.4441298,0.6937513,-0.6636377,1.2533605,-0.5341292
2604,2.2327957,-0.87765276,2.2661886,0.7393491,0.7734657,1.7061645,-2.4072893,-3.1990824,0.019456154,-1.2259296,0.32112843,-0.5649602,-0.1893185,0.34007734,-0.049410343,-0.07162662,0.696384,-1.8733833,0.29179835,0.04314905,-0.11457698,-0.33677307,0.50723994,0.0803739,-0.8307761,0.59011066,0.52164453,0.9723861,-0.48035645,0.6479865,-0.5644485,-0.38509396,-0.6514371,-0.60949683,-0.02089865,-0.1256331,1.1260511,0.31143725,1.5012406,-0.33586934,-0.6038638,-0.34198874,-0.9765838,-0.77522725,-1.3400112,-0.5049351,-0.7613413,0.6938511,0.5025762,-0.17915261,0.72223604,-0.74828666,-0.75211495,0.6436766,1.0797942,2.7137399,-0.3284997,0.6353363,-0.58888704,0.35438034,0.12721337,0.087801665,-0.16898094,0.2712189,1.3184086,-0.21281995,1.7156929,-0.032199584,1.2702441,0.47280732,-1.0105972,-1.8512489,-0.59589505,0.08535998,-1.3321754,-0.20716837,-0.89845836,-0.3877102,0.68654215,-0.44060925,1.0418988,-0.06760689,-1.2571185,-0.90286416,-0.33892465,0.54733974,-1.5470693,-0.12408512,-0.10415876,1.1342164,0.71952647,1.0050865,0.15705876,0.5732778,0.28232113,0.40488666,1.8595585,-1.0190989,-0.7686827,-0.34440932,-2.1258628,0.5456096,0.8844194,-0.37754515,-0.45891634,0.4901257,0.4582718,1.3435479,2.4279814,0.23648,0.21675172,-1.149553,1.0577701,0.3505092,-0.6836808,0.82380015,-1.1788216,1.5432184,-0.15356359,-0.31300294,-0.26258883,0.26003388,1.0340011,0.29407805,0.45823234,-1.4900717,-1.8498343,1.3204017
2605,0.3621701,0.79722065,-1.671636,-2.0956633,1.2173791,0.59252083,0.113566406,-1.115747,1.023046,1.720879,0.25571468,0.27819377,0.6746041,-0.6791074,-0.3113149,0.96228534,0.4646965,-0.5725702,-1.2119819,1.6445324,0.057601843,0.6773707,1.3266675,-0.07538281,0.34493268,-0.53394586,1.3552737,0.09217755,0.22731936,0.519816,0.22410503,-0.06742424,0.1646551,1.7671562,0.36588842,0.55655605,0.08707377,0.41173095,-0.8630561,0.9361984,-0.26630798,0.5670929,-0.7022081,0.15705593,-1.4889671,0.63851726,0.48604724,1.272112,-0.7029332,-0.26896363,-0.38367143,3.219309,-0.58354354,0.54960304,0.87606496,-1.8652207,-2.0380723,1.4219079,1.4391347,-0.39463225,-0.11682376,0.09707927,-1.2321115,0.011645218,-0.15534495,0.8425892,0.4187917,-0.90214396,0.9072231,-0.5839327,1.1043798,0.4999291,-0.19689216,0.6340594,0.3920789,0.32381436,-1.1845397,0.53043455,1.4267547,-0.5075487,1.7657163,0.45422965,-0.0060980986,-0.6728436,0.6151559,-0.44031283,0.6757933,0.039963555,-0.48465124,-0.81781405,0.31909457,1.4539924,-0.8636494,-1.4467299,0.09269076,-1.1984305,-0.70341134,-0.6644678,-0.3393917,0.68938977,-2.1583476,-1.1847581,-0.20089649,-1.5393463,-0.007861641,-2.5012248,0.28877556,-0.8894212,0.60311794,0.08363433,0.33292592,-0.19580579,-0.03473212,0.26345083,-1.2483971,-0.2059522,1.0560113,-1.9353269,-0.7505744,1.2553693,-0.24303247,-1.2190641,-0.103669986,-0.685348,-0.07466671,1.12368,0.42770228,-0.6432787
2606,-0.6369016,-0.84712034,0.3335561,0.25681275,0.52187,0.6257385,2.39189,-0.26432252,1.3582741,2.716586,-0.31754452,0.37179673,0.56192696,0.40770906,-0.26353958,0.51602703,-0.5188243,1.6880788,-2.3724906,-1.5535505,-0.053396832,1.4958842,-1.1127166,0.9114853,0.06734247,-1.1977646,-1.1149889,-1.4351618,-0.11072397,0.30981463,-1.7085344,-0.13315198,-1.9639777,-1.0705359,-0.90081817,-0.3020048,0.7139215,-1.6874493,-2.6488261,1.101,0.46826333,-0.16698733,-1.1877413,-0.9248048,0.585294,0.9850538,-1.3363591,0.05681286,-0.35538733,0.17838101,0.3019304,-0.64018834,1.7468858,-1.1250123,-0.26759407,1.1068711,-0.62838453,-0.008176446,-1.437775,0.6714933,1.3174531,0.8420194,0.98385847,0.5192181,-0.36659992,-0.02159023,-0.04099087,-0.061135814,-0.68865424,-0.9621279,1.0215093,-0.1257344,-0.9039488,-0.8721847,-0.34941334,-0.71904534,-1.155359,-1.2073354,1.1593214,0.78678054,0.5223293,0.512537,-1.1502906,-0.035049956,-0.19694431,-0.81901085,0.9968686,-0.5271702,-0.21816811,0.02830307,0.915562,0.941661,-0.23007841,0.87462366,0.48157135,-1.3134109,-0.5807923,-0.404477,0.19811723,-1.5249646,0.628107,-1.8328313,-0.9461026,1.1782907,1.8968271,0.3284772,1.3737686,-0.30531254,-2.3021543,-0.8046143,0.1640528,-0.012436181,0.10067293,-1.2614142,-0.5151519,-0.6337962,0.33036548,0.29297674,-1.7974062,0.07601602,0.040357463,-2.2193584,-0.94370395,-0.21300551,-0.15274487,0.59017164,-0.14658888,0.1353927
2607,-1.2589993,1.4517679,-0.68102896,0.04559435,-3.0920663,-0.36679423,-0.49789882,1.1684216,0.882523,-0.99228925,0.7992012,1.4132006,0.6135813,1.0611815,0.36043197,-1.1089427,1.0676678,-0.6723387,0.095474586,-0.47182143,0.22714716,1.2582251,-0.4537041,-0.2138648,-0.21119502,0.39471233,0.422196,0.6650584,-0.14770226,0.6613837,-0.86895597,0.81169546,-0.31260124,-1.6414262,1.1127247,0.51408064,-0.8604854,-1.5391384,0.6421894,-0.009073655,-0.78852344,-0.5381484,1.4752871,2.5015688,-1.3900914,-2.233086,-0.0084468415,-0.14392193,0.113170214,-0.53586906,1.8899324,-1.1819592,-0.74933827,1.2738603,-0.9056981,-0.1910567,0.32489848,1.0149685,-1.4459809,-0.6807523,-1.0212162,-0.11376089,1.3724189,-1.2698188,-0.49068063,0.818123,-0.44129792,-0.58012354,-1.045025,0.37329304,0.070847146,-1.1294233,-0.21933222,-1.7364894,0.3939544,1.3028215,-0.2417578,0.5391714,1.9598066,0.07631306,0.43862692,0.056240175,1.2934762,-1.8299733,0.12338349,-0.4605702,-0.84659153,1.783158,0.79952574,0.95356935,-1.7259442,0.90284437,0.0057001477,-1.1982454,-0.024428,2.048031,-0.03835949,0.2067656,-1.1454624,-0.23410122,0.42941168,0.88886726,-1.2977185,0.7889961,-0.08028378,-1.0721362,0.15275787,0.71122295,0.15374331,-0.73588073,1.6699446,-1.7623204,-1.2902857,-1.8739924,-0.4027449,1.037449,0.8832123,-0.46550152,-0.5296243,-0.31140453,-0.5279866,-0.00019755047,-0.9670746,0.60564405,-0.39556652,1.4359034,-1.0306922,1.2895766
2608,0.05106261,1.5147942,0.23497838,0.24841677,-0.6155439,-0.71503943,1.5999932,-1.0817341,-0.028042404,-1.7425663,0.7112565,0.5160414,0.8234778,0.5205387,0.8465924,-0.8183869,-0.7364222,-0.0373465,-0.34820542,0.8252195,-0.30317435,0.15004401,-1.0329772,0.77963585,-0.24710807,0.20134905,-0.92582834,-1.3012955,-0.24633586,-0.8544471,-0.054962367,-0.39842886,-0.843953,-0.4985776,-1.66597,-1.806591,-0.7942789,0.47969833,0.009523028,1.910678,0.80001014,0.048564605,1.5142576,0.646948,-0.6430969,-2.255188,-1.3661114,0.5717089,2.794004,0.43247834,-0.61344296,-0.47683287,-1.278066,1.3213606,0.09192173,0.14450553,-2.0219467,-0.09732106,-0.020003952,1.5001487,1.5425193,-1.0066003,-1.1098472,0.58614486,1.1690605,0.7412202,-0.7666345,-0.4622163,0.026824562,1.1123496,0.19709879,0.8754574,0.23142667,0.26883423,-1.0178971,-0.49887022,-0.5661316,0.36898667,0.7553909,-0.11320788,0.04542122,0.50774133,0.10541476,-0.6246882,1.1006922,-0.043607034,-1.8222135,1.9829303,-0.35342252,0.30038202,1.4458715,2.1090562,-0.5991184,-0.11712226,-0.6552392,-1.5118873,-0.96693075,-1.0071027,-0.4894313,0.47698694,-1.3611089,-1.477191,2.1750498,-0.25491637,0.6846997,0.16602784,-1.3081248,-0.8431792,-0.25137535,-1.0046439,0.014076196,-0.22993203,-1.1434919,0.15332232,1.4636917,-0.9946085,-0.8200289,-1.2380341,-0.5739342,-0.10537997,-0.55732954,1.7846714,-0.011292683,-0.22621322,0.03119838,-1.097002,0.41357023,1.567713
2609,0.6046504,-2.2329714,0.110745795,0.7444182,0.047571175,0.45891353,-0.51854086,0.6769187,1.5271719,0.5981071,-0.5932987,1.6169995,0.79614145,-0.4986823,0.3436308,1.4321114,1.0146755,-0.5728705,0.949232,0.37709266,-0.3429626,1.242798,0.6317691,0.48246533,-0.6772764,-1.415904,-0.13281555,-0.25670964,-0.29610518,-0.5810764,0.847467,-0.54998314,0.51964414,0.23075633,0.9366834,-0.88725674,0.039172236,0.72240543,-1.2822053,-0.37609455,0.2332544,-1.9427593,0.8148725,0.24595681,0.5375028,-0.7376063,0.3160511,-2.1205223,1.1165813,-1.3808764,-1.0535988,-0.22550969,-0.9361833,-0.7254254,0.034263257,0.9424346,0.44937298,-0.84639597,-0.018454242,0.3339401,0.64785,-0.5376336,0.30236277,0.9200397,0.9844959,0.30993703,-0.119016655,0.08766346,0.45532802,0.2594933,-0.4935672,1.1637242,1.603912,-0.5837702,-0.563284,-0.73600036,-1.2103618,-0.020395229,-1.0423108,2.3096101,1.1334982,-0.7092589,0.11446238,-1.9056854,0.9306083,-0.22583869,-0.60097003,-0.5824593,-2.5375118,-1.0593839,1.4398649,-1.0912808,0.31481084,-0.15190133,0.33780122,1.5153185,0.493633,0.09717336,0.23705928,-0.565582,-1.0438317,-0.8957373,0.7277142,-0.13328615,-0.21984296,-0.64151657,0.89734507,-0.47006837,-0.027179196,0.43677834,-0.20906152,-0.96076125,0.4886348,0.22297949,1.3473821,-0.052278165,-1.0815009,-1.3195405,-0.6489328,0.9466716,0.28022516,-1.772266,0.47178146,-1.17418,-0.35150847,-2.6004763,-1.6865547,0.9130838
2610,-0.8701059,-0.024688464,0.014235295,-1.7981529,0.44804657,-0.076205,0.08387772,1.441162,-0.19814365,-1.0169007,-0.021546874,0.23530126,-0.15739372,-0.43219805,-0.72468764,0.18363073,0.5310946,2.2153237,0.69163823,-0.80628794,0.71645904,-0.084411405,2.0741634,0.5111863,1.2234619,-0.4778022,-1.4816828,-0.3321783,0.7516132,0.7521901,0.35403565,1.2416112,2.0026827,-0.68390936,-1.4469713,0.77305084,1.339813,-0.49256426,-0.5836696,1.6145389,1.2188668,-0.66464424,-1.5952361,-1.3975545,2.3016121,-1.1712338,-0.577834,1.7958599,-0.618868,0.9723413,-1.755687,0.116773345,1.4691669,-1.5653719,0.27471557,-1.4491862,0.6108152,-0.5628888,0.76046246,-0.12336651,0.12124272,-1.8216014,0.5222067,-1.9498844,0.14824294,-0.084829696,-0.7691106,-0.13714309,-1.7352439,0.6661037,-0.58332264,0.7495289,-0.4705935,0.5357416,-1.1020322,0.35596612,-0.09607093,0.25184393,0.9656919,0.51073694,-0.21998048,1.1362132,0.17888914,1.0481466,0.64660203,1.9408514,0.1565175,0.12932493,-0.10408137,1.9053342,0.13318488,0.8603393,-0.26303053,-1.2994123,0.66398126,-0.36202732,0.1766712,-1.6480312,0.3015351,0.89978814,-0.38012686,-0.22344802,-0.9260833,0.44180095,-0.2662407,0.5949059,0.08756455,-2.7865298,-0.8648521,0.5295269,-0.84156543,0.24767046,-0.29896376,0.072757766,0.40983608,-0.49925432,-0.35086384,0.954068,-0.29250464,-1.489658,0.324991,0.06072604,-0.8427309,0.10643337,0.28948486,0.100714386,-0.3654371,0.000487479
2611,-0.089213684,0.33331907,-0.5508495,0.51103425,-0.38922727,0.7377114,1.0834619,0.07850602,2.3778262,-0.15014136,-0.67557037,0.35144117,0.36882687,-0.11071157,0.39529595,1.8137466,0.61443967,-0.8885203,0.9600412,1.0408194,-0.36371723,-1.5026361,-0.7210392,0.5220845,0.31769285,-0.66376007,1.316613,-0.99532336,-1.0408816,-1.6638148,0.20399055,0.8036385,1.0788878,-0.31625754,-0.075145915,-1.063492,0.5111681,-0.10705849,0.8092857,-0.3382126,0.07099317,0.42998633,-0.28547665,-0.4697487,0.16223462,-0.07928347,-0.94662213,-0.031743452,-0.37952822,-0.1746107,2.0073612,0.8313852,-1.731427,-0.82336605,0.16107416,0.32205647,-0.7246042,-1.172657,0.31834146,-1.9435829,0.3403014,-1.2878841,-0.054304652,0.60477597,1.1019269,0.4944856,1.8028065,2.332267,0.20421055,0.81051487,-0.050423298,-1.0255053,0.9787843,-0.898566,1.7698781,-0.12342767,-0.72541463,0.37012282,0.32593095,-0.47939223,-1.0146,-0.39476138,0.295185,-0.32734826,-0.71248734,-0.7956776,0.61103183,-1.2073272,-0.31680104,-0.19778426,-0.76865464,0.19877118,-0.533427,2.631835,-0.66050434,-1.366649,-1.277576,0.64522654,-0.026923623,0.04880457,-0.9327065,-0.44614232,1.864146,2.217459,0.16639598,-0.818589,0.45177704,0.24236025,-0.5821866,0.72069293,-0.38972676,-0.14637554,0.81444,0.66034025,-0.63258743,-0.44995043,1.5258316,-1.7350104,-0.09591431,0.32405016,-0.33883405,0.6309689,-1.4343758,-0.26848,0.04920519,0.069406345,1.6781784,1.0717351
2612,-0.06711483,0.82154447,-1.3705304,-0.59405756,-0.79419005,0.57606477,-0.9459526,-0.10483363,0.7804324,-1.4933442,0.37259686,-0.7789504,-1.2420435,-0.8536584,-0.97503793,-1.0718153,1.2558056,-0.13627975,2.1105962,-0.46106017,-0.44041082,-0.9533704,-1.0457716,1.1597997,-0.2881374,1.3192564,1.6886436,0.31599858,-0.13656548,-0.019001208,0.13369614,1.5507196,1.341852,0.5044799,0.21288665,0.221885,0.63928396,-1.8430998,0.30332592,-1.1678494,-2.0629137,-0.656092,0.8753163,-1.1529677,-0.86548615,-1.2610008,-0.3594451,0.34817114,-0.5002572,0.95430654,-1.3229548,-1.1219425,-0.015324669,-0.57554835,0.39455158,0.11968665,1.8941662,0.77743983,-0.33939275,0.45650005,-0.685346,0.29356536,-0.07196076,-0.290653,-0.5775397,1.3082974,-1.1242388,-0.25635433,-0.5525065,0.7877841,-0.4645429,-0.49500775,0.73298496,-0.9185422,-1.4383355,0.31873447,-1.5474964,-0.22244601,1.398212,0.52611446,0.4531754,0.754842,-1.153583,0.09400572,-0.004181038,-0.6685923,-0.85972756,-0.68155074,-1.5705175,0.7812979,1.6779479,-1.5579935,-0.22936872,-1.7667898,-1.3397813,-0.5346736,-0.72147745,-0.1943768,-1.4194837,-0.31348202,-1.2399424,-0.4717166,-0.79145956,0.7334449,1.1738613,0.34524992,0.9155474,-0.79003054,-0.001123353,-0.5808504,-0.2713272,0.6603293,0.17525795,0.2840506,0.62482184,2.6435287,0.8005701,-0.68181884,-0.5373796,-2.566067,0.48141596,1.5822651,-1.8597454,0.1531061,-0.3264961,1.0362605,0.88928294,0.93206745
2613,0.5330472,-0.2979025,1.1833265,0.69925916,0.8505632,-1.130329,-1.0799749,3.0264585,-0.25198984,0.37899747,-2.316739,-0.22635688,0.4630243,-0.059259076,-2.322992,-0.989803,0.9094661,-0.34364963,0.2984217,-0.018751632,-2.140913,-0.9209801,0.54004455,-0.94071144,0.4867598,0.6047989,-0.68219686,-0.91062224,0.2513149,0.4681791,0.42736447,0.45941466,0.46067864,-0.5010382,0.667205,0.66298807,0.40726757,-0.9867547,-0.94099665,0.38519555,0.3102463,0.8715465,-0.8272537,-0.4835435,0.51671,0.13596392,-0.7071195,0.806288,-1.2438158,1.1552498,-1.2252308,1.1703306,0.12493055,-0.9980159,-0.3393279,1.3066498,-0.1422676,-1.1338345,1.824489,0.25803998,0.21605407,0.52622133,1.2535564,-0.41409668,0.95175225,2.3691308,1.0035924,0.5725415,-0.6741432,0.5067649,0.43292537,1.8093197,0.90586805,-0.33854243,-0.932407,1.1083534,0.19562934,0.18417887,-0.3201376,0.18250564,-1.2722695,-1.2700593,-1.0032266,-0.69835955,2.02359,-0.07358895,0.36640263,-0.86826396,1.6830963,0.31715474,1.0233841,-2.3113348,-0.84386826,0.022380522,1.2773284,-2.7133458,1.2263963,0.3735859,1.899351,0.60123396,-0.67400604,0.24744606,0.2370027,-1.2798816,0.48719844,-0.23271464,-0.8248192,-1.3349652,0.7164437,2.1089392,0.56092143,0.054658,-1.1128576,0.28134754,0.5926959,1.4017981,-0.78827,1.402068,-0.6965352,0.51988494,1.3058294,0.14785023,1.6729565,0.6694103,0.5880905,-0.17079361,2.0771983,0.64103216
2614,1.8530092,1.3456433,-0.8243496,-0.36424997,-0.87617576,-0.23686685,-1.5154951,-0.951962,0.6551265,-0.15124357,1.3122965,-1.8276345,0.2902196,0.37307668,1.1605585,-0.92083806,0.28716934,-1.5755332,0.17863786,-0.34713167,0.73277265,1.7773248,-0.027852982,1.2813764,-1.2814541,-0.7730708,-1.4559325,0.02447216,-1.0445422,0.68624264,1.0744289,-1.1421572,-0.14366107,-0.9964979,0.39008924,1.5785203,0.29838502,-1.6662402,-1.2311358,-1.2843341,1.3559273,1.0942332,0.042443726,-0.4717154,-1.2724746,-0.79748654,1.1632981,0.9032284,0.1459352,-1.4669865,-1.2729112,0.8110027,-0.7883835,0.8433468,-0.115437016,-0.12306481,0.1359974,1.087387,-0.39494908,-0.13286382,-0.6064149,0.600623,0.101903036,-0.58487797,-0.29736543,-0.049411517,-0.18634667,-0.59707934,0.04197629,-1.3217323,1.5685976,1.580923,-0.6717916,0.6024454,-0.677722,0.291421,-0.7591078,-0.4876591,-0.3831883,0.44285652,0.9201466,-1.3430375,0.17910568,0.6301472,-1.2418075,-1.0055604,0.8624685,0.564438,0.38446352,-0.38518995,-0.6003317,0.8063874,0.41416514,0.77204466,-0.16381605,0.9412079,0.52986413,0.2310585,0.62007713,0.36094555,-0.5542434,-0.901797,-0.10285923,-0.12807323,-1.4826335,-0.4864063,-0.15995727,-0.2948566,0.35093093,1.4258603,0.82729584,0.620671,-0.49064022,0.55328655,-1.5502537,-0.21207629,1.7478864,0.12883873,0.33661622,-1.1797932,0.8080845,1.0091856,0.25985542,-1.0417868,0.09554525,0.01427221,0.0691065,-0.13844931
2615,-0.5484954,-0.076485716,0.55911696,0.136401,-1.8860321,-0.92677915,-0.9982287,-1.0242008,1.085388,1.2577131,-0.061118405,-0.16348584,0.009078876,0.2630419,0.14348458,-1.348468,1.5535163,-0.8214127,-1.3104435,-0.29663578,-1.6051497,-0.5583324,0.4282648,0.080606334,-1.2721933,0.39476442,0.26943097,-1.0734196,2.6166852,0.8693902,0.48501828,-0.6307469,0.6071924,0.037114665,0.9776341,0.5454808,-0.85187054,0.1791186,1.3122611,-1.2025028,-0.086741865,-0.07081386,0.105853766,-0.8653167,0.7210755,-0.7651981,1.2323211,1.910211,-1.1903502,0.15246333,-0.6764478,-0.40388733,0.36742187,0.1842181,1.1750124,-0.14554101,0.79898655,-1.3962597,-0.579421,-1.518709,0.061641842,0.7601083,-1.3239249,-0.35341695,-1.4137839,-0.74017566,1.0702629,1.2839301,0.0524541,-0.07124598,-1.5491294,-0.72979325,-0.95820385,-2.0684836,-0.3003829,1.7313223,0.636955,-0.29542577,-0.14861411,-0.055478953,-0.8696264,-2.2735677,-0.38485238,-0.091995895,1.858644,0.7520166,1.0062879,-0.7199343,-0.45440078,1.0592151,-1.3116745,0.58678263,1.03517,-0.24278285,1.3848314,0.3323037,-1.2145307,2.0390134,0.47200495,-0.28418025,-0.5620122,1.4111178,1.6974721,0.2795558,0.05709414,0.23337957,1.3793157,-0.92194,-0.27990204,0.8852524,1.1224625,-0.29200497,0.53340435,0.85854137,0.85974425,0.1764344,1.3267115,0.44970897,1.3445038,0.77995944,1.5186908,0.26335505,0.32988116,-0.16868551,1.4797262,0.60119754,-1.4039487,1.7459662
2616,-0.3573335,-0.52244985,-0.52995837,0.5525176,0.6519914,1.5825973,-0.78829783,0.7765553,0.4082629,0.16269305,-0.5776827,-2.7880554,-1.5102727,-1.2271504,1.1657255,-1.1943015,0.33173653,0.9603888,-0.5084407,-0.33518142,-0.9039338,-0.5982489,0.007226194,0.19077386,-0.53627664,-0.8679797,-1.2259182,1.289637,-0.42198303,0.91140825,-0.82575506,-0.36836445,-0.7032281,-0.09023027,0.34850112,-0.020354941,0.62023133,-0.7630284,0.038375895,0.38411942,-2.0372248,1.5622934,-0.24437582,0.8955548,-1.0705452,-1.7906368,0.347017,0.35505155,1.5776368,-0.1777016,0.5538371,-0.022940341,0.47618055,0.6080816,-0.3474712,-0.91652435,-0.46023074,-0.17772405,-0.28736573,0.6017337,1.9392397,-0.4049736,-0.9291075,0.30544654,-1.5432686,0.20033969,-0.12172389,0.3375336,0.27706182,-0.52128845,1.5997862,-1.2499796,-0.64535505,-0.33450925,1.2434592,0.14309147,-0.4345477,-0.86177045,0.04215869,1.1888943,-0.41172817,0.3374589,-1.3325466,-0.36050883,0.15575206,2.1197042,0.87268513,-0.18357973,-0.433496,0.20957193,0.513484,-0.2176859,-1.0523181,0.67476106,0.11200995,-0.5835233,-0.6532645,-0.90401006,0.009059906,1.7274115,0.9572757,0.12783979,1.655208,-1.4288381,-0.6182588,-0.045611348,0.21374431,-0.34125087,-1.5549331,-0.536628,-0.30877587,0.76244473,0.7385557,-1.626984,0.8691804,-1.1372749,-0.6943974,1.0339326,0.9176833,-0.229302,-0.9191792,0.72496724,1.5099465,-0.17507027,0.09312597,0.04106577,0.7853135,-1.5087548
2617,0.70305294,-0.27875367,0.7875316,-0.8705629,0.109092124,1.3561481,-0.38299096,0.0024474878,1.3883132,-1.3692362,-0.45054206,-0.4248659,-0.1583073,0.8569239,0.33271685,0.057644576,0.025233354,-0.57607836,-0.3504071,-0.012590423,0.66630787,0.6779551,0.83010226,0.55134505,0.83735377,0.0146887675,0.5644213,-0.19105119,-0.657815,0.14751136,0.6917493,0.7386426,1.2439544,0.64257914,1.1160454,-0.87459534,-0.4650915,-0.5198028,1.4182856,1.3372251,0.16373418,-0.7738649,0.787084,1.054347,1.3987727,0.2682448,0.014136623,-0.031124303,0.17730393,-0.20031105,-0.372181,-0.30021307,-0.69719553,-1.2045938,-1.2485334,0.33618662,-0.28662536,-1.4217527,-1.1899041,0.5252264,-0.44250247,-1.0070032,0.012858719,0.19553801,1.257853,0.48557404,0.039559968,0.76005363,0.51920265,-0.32712966,0.30841625,1.9986868,-0.020285696,-0.8657314,1.7965193,0.026016226,1.2387879,0.61734134,-0.8954697,-0.3950201,1.3551096,0.4438886,0.17166959,0.051463075,-0.63478017,-0.5523245,0.72885835,0.5956608,-1.7679142,0.39494574,-1.3706152,0.9624296,0.6935854,0.7075429,0.03252717,0.41264722,0.5188046,0.056660216,1.2290817,-0.6150031,-0.6663931,-0.40111148,0.35049385,-1.497433,-0.72366583,0.44724005,1.5754905,-0.6591895,0.6848146,0.38808003,-1.5698032,0.24370737,0.46480334,-0.0033332363,-0.9601653,-0.4105966,-0.45212337,-0.5811606,0.7055274,-1.5888289,-1.4489497,-0.33174974,0.56275356,-0.08247763,-0.3434248,1.3513706,0.46115988,0.29226106
2618,-0.84179676,0.5003745,1.2677217,0.39125812,0.0123616345,0.90660554,-0.10987205,0.9886749,1.3692776,1.0998245,-0.11131495,0.62459743,-0.84625113,-0.3411981,0.0928003,-0.8941118,0.030058654,0.6723365,-1.2961627,0.6042546,-0.47961763,-0.9525187,0.3686211,1.7317867,0.83514875,2.58286,0.12221498,0.55698997,-0.1688553,-0.28563702,-0.12372784,-0.49454576,2.421493,-1.4990602,-0.5077188,0.78965944,1.4697201,-0.4320755,-0.828737,-1.8149369,-0.13363674,-1.6988212,-0.3994783,0.24182022,-2.4348135,0.57445484,-1.0424871,-0.53255874,-1.5991943,-0.3332336,-0.8830632,-1.0651566,-0.17656389,1.4788355,-1.0990608,0.70424676,1.0026674,-0.5776387,-0.39992946,-0.7431503,1.7286181,-1.1391125,0.06265072,-0.8012477,0.2782311,0.89543074,-0.3380744,1.5149311,1.001057,2.0013444,-0.4985636,-0.28730476,-1.5934175,1.5974015,1.135061,1.0519165,-1.1104586,-0.17470035,-0.3158593,-0.8604446,1.6313107,-0.6489031,-1.2176169,-1.9403042,0.025482545,0.10323279,-0.5619256,-0.27726144,0.11128535,-1.1176687,-0.31373894,-0.10107356,-1.5468123,0.74694663,0.13199666,-1.1689148,0.8970943,-1.1626456,-0.81395376,0.97090364,-0.6382409,0.3914311,-1.6820925,-0.16866717,0.013085431,0.90054184,-0.108767465,-0.39510322,-0.06503461,0.2054727,-1.7076471,-0.1547357,-0.6105646,0.11043966,-1.4649149,-0.59911674,0.48880333,-0.77929693,-0.93742234,-0.032595523,-0.2844826,-0.47765535,2.046757,0.4039981,0.84835654,-0.8886715,-0.9421976,-0.6439204
2619,2.029315,0.31146374,-0.71164626,0.55215853,0.70520157,0.10131775,-0.9064914,-0.4442536,0.9436851,0.9643333,2.0319817,0.41992235,-0.90359616,-0.08886053,0.18024431,-0.18523386,0.0892015,2.1455376,1.1634823,0.48544583,0.8274481,-2.0099173,-0.665948,-1.0853329,-0.62844145,1.2118388,0.19781536,1.2513974,0.69397986,1.5572722,1.6066997,2.0902035,-1.1199774,0.584226,0.6103516,-0.27970722,1.5802778,0.9963432,0.9151149,0.1591251,0.5138389,-0.19243638,1.9968774,1.5341107,-1.3096526,1.1490375,0.60506505,0.1236326,-0.5994776,-0.16303189,-0.061521467,-0.68223244,-0.86259836,1.1729473,-0.1863764,-0.4481212,-0.7394002,-0.4235656,0.1066028,2.322113,0.3458871,0.5012617,1.3676881,-1.256149,0.8265574,0.9324142,-0.23717591,-0.48906076,1.5997647,-1.3908558,0.62908113,0.5086092,0.71269387,0.23029153,-0.02880589,0.80665797,-1.1589787,0.6410754,0.32969052,-1.2279658,1.2059299,-0.08133307,-1.3504984,1.4248245,-1.3713866,0.22044188,1.1038342,2.0199456,-0.8933748,-0.0077147195,0.91433,-0.6297915,-0.5181738,0.20679322,-0.075581476,3.1016054,-0.6010344,-0.7920031,-0.7926122,0.3892682,1.6371018,0.04526076,-0.9537545,-0.5866043,0.6614392,-1.394331,0.14881305,0.10059487,0.9212986,-0.18489228,0.83843493,-0.08083646,-1.9407872,-0.9681471,-0.3103343,1.2296995,0.80929893,-0.15882133,0.29944873,0.12604438,-0.82228833,-0.06420142,-0.44866222,-0.11922411,2.0688944,-0.7639419,-0.23371598,0.8892084
2620,-0.4274469,2.0704026,-2.940773,-0.41437778,0.4327661,-0.016131815,0.2297399,-1.1347463,0.76323026,-0.34430256,1.0228747,-1.0502287,-0.7012575,-0.8174099,-0.4315905,-0.18337177,0.88887846,0.35324082,-0.40455663,-0.9339902,0.4418833,0.46860954,-0.6118724,-0.75715524,0.4860618,-0.07776322,-0.37562034,0.8102381,2.2108772,0.6367211,0.8182332,1.4236968,-0.560817,1.4582223,-0.25305176,0.30981258,0.19188984,-0.5601195,0.24263768,0.64303315,1.2396361,-0.5351857,0.5302676,0.46543074,-1.2893664,0.14734389,1.2121251,-0.4332546,0.35857356,0.2503625,0.4275445,-0.72203225,-1.3903865,2.0128896,-0.33454037,0.59716165,-0.68795,-0.8591797,1.355213,-0.78448635,-1.6870533,-0.20679554,1.31528,0.38901642,0.1632921,0.24928176,0.62605107,0.7466051,0.37521753,-0.35256636,-1.0719508,-1.830687,0.79791224,0.18974853,-0.54018897,-0.9874616,0.27584007,-2.7362232,-1.2498407,-0.38180292,-0.15114613,0.383656,-0.47295505,-0.3413847,-0.18893056,-0.5438722,0.103349686,-0.10354789,-2.09289,-1.3411275,-0.41219342,0.42979607,-0.57863057,1.0514193,-2.0180197,-1.7685596,0.50646687,-0.693227,-0.42798352,-0.6219009,0.9585487,0.1702829,-1.6063839,-0.65386397,0.73797953,-0.101635166,0.2085065,1.0176691,0.27939048,1.0297868,0.62947863,-1.005894,0.3261632,-0.081226185,-0.87541217,-1.0339117,0.42592195,-1.063958,-1.6934911,-0.16483648,1.3860998,-0.28701344,-0.9687331,1.4183576,0.38140613,0.4508627,-0.014069734,-0.6144941
2621,-0.20990673,0.814694,1.145973,0.43559888,-0.4693714,0.3065078,-0.19229229,0.8702005,0.74253327,0.48930016,-0.6584211,1.5652081,-0.25297943,-0.9774853,0.11544366,0.25924218,0.14778027,0.16864973,1.3536643,1.46802,0.35471377,-1.3660997,0.22349721,-0.48478568,0.25868917,0.28470978,-0.23908718,0.23570983,0.28407314,-0.17766735,-0.53750604,0.18306576,-0.27618638,0.9902252,-2.5546875,0.5196705,0.4471148,-1.2734911,-0.43287054,0.69191486,0.31798458,-0.61464566,-1.5372488,0.4304284,-1.1120694,0.4417812,0.7056722,-0.58174986,-0.22306226,0.5073985,0.35814574,-0.80577946,-1.5643221,-0.063117936,1.337303,-0.4223999,0.26239297,0.3078883,-0.3699548,-0.6292127,-0.4178774,-0.38490385,-0.31674612,-1.5200771,-0.3886624,0.9844181,-1.0557108,-0.5794323,-0.2576189,-1.5612422,-1.9318458,1.7211927,-0.5413682,-0.28591034,-0.5372742,1.7920756,1.9145392,-0.8404642,-0.98625535,0.9416182,-0.3426683,0.8773412,-1.0673616,1.168251,-0.90763104,-1.0052944,0.33448207,-0.70642173,-0.6087656,-1.2530125,0.89623463,-0.2323399,1.3251219,1.2099429,-0.3861506,-1.5763775,-0.87851304,0.6771041,-0.6922965,-0.9259522,-1.8348337,0.5977398,0.6122964,-0.96103555,-0.6452927,0.2590584,-0.08851279,-0.22678632,-0.024736397,-1.1476096,-0.9710678,1.0119292,-1.1796999,-0.6617147,1.3643235,-0.69243723,1.668859,-0.81087744,-0.7909324,-0.19841202,0.84085506,0.17502478,-0.050649457,-1.2261817,-0.093684904,1.2099273,-1.095861,-0.37214965
27,0.444793,-1.5877109,-0.39888433,1.9311532,-0.19861482,-0.26988322,-0.024037948,0.30806425,0.56501585,1.556791,-0.38959002,-0.88517237,0.94400066,-2.4600894,-0.550849,-0.8440017,-1.4952592,0.6753655,0.3302828,0.56686175,-1.179651,-3.599482,0.8968078,-0.17018755,0.95068437,-1.7546619,0.06964997,1.1398731,-1.0956119,-0.3088817,1.1875081,-0.39948502,-0.49867633,0.631498,-0.63582516,-0.4446591,0.6979419,0.5485312,0.7931676,0.8538954,1.3919749,0.6232163,-1.3053485,0.7447006,0.71101886,0.25312224,-0.70759994,0.5112756,1.3692089,1.1033089,-0.11315276,0.3683257,-1.4287719,0.64017934,0.7569703,1.9661034,1.8102986,-1.0064842,-2.610689,-0.023754332,0.003914613,1.5902267,-1.3047487,0.21426506,-0.015948614,1.4334258,-0.0052973134,-0.9159457,-0.90004724,0.20087983,-1.016921,-1.4127433,-1.8774419,-0.6264206,0.7704044,-0.3060923,0.23108889,1.1197652,0.3907863,0.6739975,1.0331333,0.8596987,-0.65287024,-2.664692,0.06543065,-0.01949808,0.5368636,0.65793705,0.46244687,-0.4460168,-0.020144723,0.6563549,-0.17030889,0.32057083,-0.45085326,-0.5964322,1.5793873,-1.1903218,-0.050265517,-0.7165057,-1.0482321,0.81941956,-0.22708438,-1.1977745,1.4010868,-0.27559975,-0.38169503,1.33962,-1.8455449,-1.4179432,-1.9430565,-0.3905232,0.040069316,-2.6327226,-1.4324574,-1.0733805,-0.82424,0.14666912,0.9475167,0.0941378,-0.97551256,-0.9596449,-1.6829704,-1.0614977,-2.3560998,1.4700387,2.52383,0.55381393
28,-0.6697779,0.24088891,-1.54806,1.0309236,0.45757985,1.1373976,-0.40874135,0.7368446,0.3207831,0.14502726,-1.0171053,0.0735479,0.7948834,-0.3094586,0.98458445,1.3312125,0.013960595,0.6429327,-0.7432223,-0.8733668,0.285883,-0.74699426,0.66125757,0.29881123,1.8306042,-0.54942256,-0.38453743,1.1646068,-0.055039275,1.1716013,-0.64794886,-0.28809074,1.630486,-0.14635208,-0.5199885,-1.1067812,-0.21885742,-0.9008635,1.6317796,0.086090446,-1.0182934,-1.5040262,0.5529296,-1.1498289,-1.3422451,-1.4115002,-0.40356597,-1.1746093,-0.7970895,-0.36190912,0.80548954,-0.19236293,1.2474109,0.39830753,-0.7835865,0.110596776,-0.5177197,-1.0116857,0.33370242,1.1937398,0.4988392,0.91537607,0.4392021,0.4054645,-0.12773725,-1.8052093,0.08391195,0.69719785,-1.3207052,-1.9812058,-0.60607916,1.1593763,-0.09707619,0.46799025,-1.1926888,-1.5264562,-0.78947616,-1.0577531,-0.7982453,0.32737163,1.4013401,-0.481146,-0.92001957,0.9082442,-0.022159541,0.0036697327,-1.043496,0.27878037,1.2235762,0.27870193,0.6055348,0.03970833,0.5319653,0.31679454,-1.3312128,-2.6924076,-2.1603708,-1.2145127,0.8631565,0.1696566,0.2315709,-1.2461897,0.014202171,0.95736915,-0.0040487596,0.070551924,-0.6086333,-1.8424513,-1.0070732,-0.63204813,0.86667824,-1.4376774,0.10059995,0.39955214,1.148476,-0.57620376,0.44808584,1.4787458,-0.86733025,-0.29567596,0.3781149,-2.108067,-0.9074805,-2.2642868,0.44037768,-0.19187593,-0.9648106,0.55748254
29,1.0540782,0.077543035,-1.0563,-1.3565285,1.5804776,1.0209565,0.7050483,0.909756,-0.50581896,-0.20423906,1.0973408,-2.5894184,0.72078174,1.3388495,-0.4996671,0.91186446,1.8928314,2.555019,-0.6562199,-0.49812093,-1.2103852,-1.0288906,2.409392,-0.705097,-1.3392853,0.18207757,-2.3449304,-1.3132572,-1.7590644,-1.0720981,1.4488237,2.2472272,1.0691773,0.52272177,-1.933692,-1.9688414,-0.62970936,-0.21887755,1.6612123,0.1131124,0.5233904,1.3217975,0.15141395,1.1311702,1.2026399,-0.95263964,1.1898125,-1.3923389,-0.4637837,0.052574195,0.09388065,2.6945925,2.924231,1.0705774,0.33049104,-1.3795476,0.47698927,1.4132763,1.4954667,-1.0781115,-1.0531095,0.44247776,1.0068893,0.20644993,-1.485202,-0.53285986,0.18066323,1.2112772,0.084670104,-2.6346688,-0.20208295,0.7664453,1.6826409,-2.1552236,0.25862244,-1.9842972,2.1401682,-0.40150473,-1.9163979,0.6078751,0.39230058,0.4364547,-1.0838772,1.3249732,0.9407833,1.4226066,-2.3442438,0.571895,0.43918726,-0.6343834,3.3140295,-0.79889643,-1.4795983,0.4972324,1.5008267,1.2431871,-2.1124017,0.040980183,1.307614,1.899899,-1.3430556,0.8108509,-1.8065709,-0.9772806,1.1797844,-0.26898587,0.5094427,-2.6147492,1.1840652,0.8554777,-0.6937992,-1.5609651,2.3183866,-1.6324689,-0.31200102,0.9763194,1.228952,-2.0479894,-0.39640525,1.4498391,1.5642982,2.587498,-0.52775776,-0.003931775,-0.6094562,-2.1778421,-1.0665488,2.64345
3,1.3047109,0.53194606,0.38493007,0.53606665,-0.10211754,-0.54029435,0.03903955,-0.19458789,0.6509937,0.16493003,0.6463806,0.42172557,-0.07524222,-1.5348401,0.32667333,1.1466022,0.99604905,-1.724238,-0.6347497,0.0070322733,-0.044683356,1.4272755,0.93087184,0.36973935,1.1679145,-0.36796853,-0.25124577,-0.110952266,-1.1257083,-0.13341738,-0.59493005,0.36673045,0.66497856,-0.30714536,-0.2691103,0.2617634,0.5255326,-1.41219,0.85732776,-0.9678256,1.2455052,0.4085722,2.0247154,-0.12274429,-0.3301604,0.055893254,-0.0230419,0.27412474,0.08315236,-0.46372074,-0.13150941,0.8574758,-1.2370818,-0.064169966,0.4171404,0.278024,-1.7811795,0.07570544,0.28063816,0.03627863,-1.6639316,1.6447071,-2.3796346,0.92103213,0.35476062,0.19367781,-0.59318423,0.37015,-0.5762079,-0.9894067,-0.5429024,1.0834115,-0.8282967,0.031494897,-0.8758682,-0.7356993,0.7199816,0.7822294,-0.9951109,0.09597314,1.045515,0.5460982,0.6550671,-0.6801897,0.14939587,-0.101357505,1.1697352,0.60111386,-1.8158325,-1.4471482,-0.23878656,0.1826855,0.2459014,0.82947165,-0.72959137,0.23916785,-1.3229278,0.9589942,-0.8319583,0.55620366,-0.43566364,-1.7303944,0.1790027,-0.9903668,1.0225068,-0.98529935,0.10811048,-0.9458007,-0.48763558,0.054930888,-0.6631967,-0.38478076,0.58615863,0.83994985,0.49104843,0.50896865,-0.016352916,-1.6457084,-1.2693654,0.80096763,-0.85007185,0.1448037,0.03589569,-0.09871827,-0.16404702,-0.37677932,1.1669998,-0.26438743
30,-0.87981564,-1.3027779,-2.383537,-1.0491698,0.08242227,-0.9603367,1.0253131,1.1125778,-0.16861582,-0.2793195,0.83127433,0.64441884,-0.08528688,-0.840127,0.13437025,0.048587207,-1.3040336,-0.27929562,-1.3540915,0.4914838,-0.75038487,-1.2590687,-0.5664213,1.2035192,-0.9943307,-0.3383388,-0.77302057,0.54826987,-0.2885435,0.3345142,0.45977917,0.39947483,-0.06719292,1.2839212,0.17588912,1.3262272,1.1768796,-1.1128119,1.1069196,-0.7279973,0.23223078,-1.197145,-0.6526216,-0.91402525,1.203834,-0.6377216,0.16931842,-0.6887633,-1.3154538,0.21755983,1.1493086,0.4205309,-0.35976276,0.8848392,-0.42242065,0.33213583,0.44572365,-0.16709413,0.7662805,-0.9415419,-1.3590852,-1.4208127,0.045952868,0.5794231,-0.17378812,-0.4603845,1.2621964,-0.5894364,0.8562236,0.6566592,0.06662445,0.901807,-1.2050714,-1.1370485,1.7245933,-0.78197134,-0.9697665,-0.99474865,-0.84695953,0.57226187,1.8580359,1.4656624,-0.15210263,0.73337704,0.90515983,-1.4372748,0.2988169,-0.57282305,-0.49762645,-1.0331672,-0.57060415,-0.87713134,0.6968896,-0.5560805,1.0510206,1.0995038,1.4914303,-0.91879296,1.3491975,-0.19252546,-0.6761675,-1.0525022,0.10890001,-0.2505099,-0.9015743,1.9027362,-0.48652947,0.79492915,-0.38105989,2.103523,1.3915284,0.401018,1.024181,0.6536309,-0.85184073,-0.10813636,0.2139615,0.3163984,-0.12057972,1.8005033,-0.43541446,0.6081763,-1.5587819,-0.5643451,0.7749746,0.3409861,-0.78107405,0.49969208
31,0.9695771,0.3008732,-0.19785309,-0.5999333,0.16485794,-1.3845782,-0.81617284,0.093625054,0.7284053,2.2956104,-0.84505063,-1.6187803,1.2723849,-0.39900464,0.045183793,-0.76682395,1.0374707,-0.06057849,-0.14359729,-0.15354656,-0.7912425,-0.53461206,0.4775113,0.8599534,0.007300479,-0.8898699,1.0780413,-0.9970445,0.105889656,1.4129882,-0.6688228,0.7565671,-0.4042293,-0.61253,-0.011068737,1.243323,0.36380324,-1.5742203,0.24917857,-1.0150769,1.7848389,-2.411939,0.17789222,0.6367397,-0.12268797,0.4009594,0.9258745,-0.54714155,1.3555732,-1.4131229,0.6532582,0.202743,-0.31000656,-1.0684831,-0.8059359,-1.153888,1.4797049,0.37166664,0.76496094,2.3716908,1.5900564,-0.591597,-0.45237055,0.18700117,0.34167942,-0.025314992,1.5029045,-1.3125004,0.20409125,0.010512352,0.06619451,0.74234825,0.9653037,0.22360294,-0.56820816,2.1361234,-1.8014358,-0.8910046,-0.41330495,-0.022707516,3.0590942,1.6122695,0.08420598,-0.1382801,-0.71127945,0.4998412,-0.041932963,-0.22325198,0.2685202,-0.8854517,-0.28020844,-0.60663766,-1.2817136,1.2785054,0.11004773,-1.1847532,-1.392116,0.38418585,1.5077492,0.8328645,-0.054410264,-0.14856417,-1.9508098,-0.036167562,-0.9860084,-2.0546095,0.1787163,0.36172673,0.6499264,1.6139907,0.87853,-1.6055014,0.9985166,0.76569843,-0.52556634,-0.03432803,-1.0973033,0.105577044,-0.40520564,0.3966183,-0.29900375,-0.47438985,-0.06081721,0.6570891,1.185049,-1.9875591,0.5398297,-1.1907707
32,-0.7432349,0.48600432,-2.4898891,1.5308686,-2.2170033,-1.8664316,1.3691415,-0.9202087,0.20045175,1.4415046,0.7332557,-0.5270328,-3.1569986,-0.47471517,1.0111103,1.1413202,0.3853049,-0.13768072,-2.3723893,-0.9773746,-1.0834359,1.3476133,0.7878328,0.39934835,1.6381524,0.78746855,-1.4975559,0.25026998,-0.26282918,-0.49745765,-0.37687403,1.5488895,-0.2512319,-0.9034304,-0.45472932,1.3131429,0.7027763,-1.4531317,-0.31039962,0.95675343,1.4017506,-1.8193456,-0.948961,1.0023476,0.534578,0.4096458,-0.20745699,0.6771616,-1.0674359,-0.14876036,0.3722591,-1.9880105,0.54532737,-0.47412592,-1.8717877,-1.177249,1.6462256,1.2526236,0.12259794,-1.2256092,-0.58258003,-1.5080657,2.9641688,-0.8842559,0.10887071,1.0842904,-0.18603036,-0.9535735,0.30069402,-0.23403324,0.036678165,-1.3476653,-0.15320423,1.9233494,-0.9345385,1.1865048,-0.21393095,0.50342834,-0.34743902,0.21390061,1.0767642,0.40078807,-0.2850257,-0.19116208,0.9258657,-0.9514041,0.64619774,-0.61735064,1.964463,0.37082967,0.30675757,-0.059673112,-0.14366357,-0.40566492,-0.39964032,0.2939972,-1.2478776,-0.1440194,1.4380939,3.0676425,-0.93663746,-0.48549068,1.2000598,-0.03552556,1.9198934,-1.653089,0.3470012,-0.8240443,-0.52731395,0.4789676,-1.0154941,1.8275331,0.5220797,0.6280737,-2.2936058,0.7133351,-0.9506751,-0.014662229,2.102793,-0.6103602,0.05483158,-0.1852956,-0.2798111,0.35432163,-0.64069724,0.3991829,1.8390225,0.82685435
33,0.66716987,1.5509118,-0.7802575,0.7921972,-0.6074475,-0.3318451,1.7286733,1.051106,-1.3548452,0.6356617,1.5131803,1.1361823,0.8702714,-0.07225931,-0.09218464,1.6377312,-0.21414152,-0.6941667,-1.4868282,-2.0545256,-0.10287736,3.0531259,1.0994338,0.41365555,-0.3075658,-1.1523162,0.74423873,-2.920104,1.2276447,-0.8790115,1.8368863,0.45698205,1.758398,-1.9659472,1.1041061,-0.08906312,-1.948736,0.252382,-0.81591624,-1.4073539,1.2052618,-1.2105396,-1.0241904,0.5004101,1.8145527,0.4304778,-0.25887433,-0.7968079,2.1890874,-0.45043054,1.3705812,0.13057064,-1.7789183,-0.40465817,-0.8255903,-0.51596546,0.6585463,0.030293196,-0.5594358,0.6376899,-1.1035668,0.9584064,3.0544772,-1.0003957,0.9929832,-0.33391264,-2.9378436,-0.65971977,-0.49775067,-2.9289963,1.5903529,-1.8261414,-0.12141184,-0.24994224,1.6455165,1.0815098,-1.0490631,1.4594454,-0.61780435,-0.49730775,0.41577888,-1.7209083,1.294314,1.7179679,1.6206104,-2.6774366,0.116980895,-0.8227899,0.26780114,0.89840317,-0.69485945,-0.64794314,0.82295585,1.2068843,0.658352,-1.3293622,0.26737422,-1.5100099,0.42108697,1.9244407,1.4465574,-1.2638955,0.6701092,-2.8946054,-1.6863216,-0.39109305,1.9708256,1.7095819,-2.52912,-0.8061718,0.11426135,-0.41962337,0.42913756,-1.6474061,0.6330194,-0.44331086,-2.529316,-2.177135,-3.2860818,-0.004936746,-2.274102,-0.56961316,-0.8115537,-2.0889208,0.23998357,-1.552079,0.24589758,1.4281958
34,0.50011206,0.16694823,1.4782362,1.0628881,1.7689987,-1.2467304,1.0066869,-0.83577114,-0.27941495,-1.6346048,1.4749975,1.9119141,-0.35006186,0.068905175,0.22871406,-0.9037721,1.3198372,-0.9668214,1.4781127,-0.085387945,-0.17621577,1.2582564,-0.73227906,0.4633075,-0.57433885,0.78596807,0.03099172,0.11154231,1.184394,-0.8977083,-0.43957385,0.58834016,-0.7384163,-0.99162525,1.238094,-1.0360599,0.06782378,1.530344,-0.3546988,-0.38996586,-0.60259604,-1.5708036,0.6235543,0.43237022,-0.70462483,-0.4876219,-0.26170644,-1.029433,-0.7296295,0.17595452,-0.036672648,0.8029164,0.5810959,0.3239969,0.56549615,-1.3478259,0.5396434,0.38986388,0.7437776,-0.07026793,0.5732781,-0.25337845,0.68680626,0.13496548,-1.8779862,-1.2889985,-0.6235281,1.9210782,-0.32868302,-0.75533324,0.63252157,-0.9329991,-0.58769864,1.1768193,0.1730886,0.7880009,0.245537,-0.005735908,-1.6167151,-0.4825964,1.1917875,0.24926955,1.8221617,0.73924655,0.87933046,-1.3086319,-0.20604451,2.3935509,-1.3362073,-1.5340075,0.7910986,-0.085223705,-0.41863298,0.5038175,0.5393084,-1.8870705,0.6975155,-2.82165,-1.1859635,0.7139139,0.82967556,-0.74917895,-0.7172074,-1.652697,0.25169137,0.6023833,0.25464913,1.1882765,0.52516955,1.1138922,0.854491,-0.5837043,0.65973955,-0.2167876,-0.7337363,-0.61616725,-0.9343679,0.01901063,0.66818845,0.29619664,-0.79053533,-2.136641,1.2683752,-0.45095885,0.5136467,-0.29138806,0.9104224,0.6734645
35,-2.9072444,-0.36856377,-1.8384688,-0.9929929,1.8000729,1.4400442,-1.7842437,-0.08358938,-0.17973608,-0.5061704,-0.5577504,-0.17262803,-0.23794723,0.7695052,-1.3443066,-0.43182182,2.380346,1.0711068,0.92023665,1.2704295,-0.26440412,-0.38924217,0.13477267,1.8986048,-1.0029012,1.5826181,-0.46891764,1.032853,-0.05645204,-0.8511101,-1.4685856,-1.7657796,-0.81997734,-1.798397,-1.6940125,-1.2522846,0.041044287,-0.17635334,1.0087892,-1.0327235,-0.80562496,1.1585943,0.7459845,-0.048635412,0.748453,-0.12745118,0.15532063,0.40210918,0.6500909,-0.01288152,-2.1906576,-0.1709786,0.41590032,1.4477043,-0.13969311,0.31230834,-2.6168144,-0.5831948,0.18203938,0.9831662,0.71909606,-0.10804,-0.23354551,-2.352288,-0.30908978,-1.0741631,0.47388005,1.8587401,0.6940173,-0.011675835,-0.33548108,0.3723439,0.34202075,-1.9771947,-0.05807828,-1.1835991,1.820569,0.5803612,-0.58622515,0.5811627,0.9510601,-0.38557938,-0.719208,-0.010292198,0.40453696,-1.2639616,-0.6929714,-0.87220013,-1.0298897,0.32560775,0.4493598,-0.685578,0.9539746,-1.8855103,0.45987162,1.1670403,-0.28016803,1.486526,-0.16607955,-0.02956698,-1.5348206,-0.47919363,-0.33882415,-2.3395905,0.12565148,-1.6885221,0.5906953,-1.2777172,-0.1272269,0.040449142,1.0395029,1.7969085,1.5667444,-1.0333458,1.050538,-1.6168253,2.531564,0.3640852,0.923058,-1.5652323,-0.50848144,-1.7873961,-0.028413488,1.9080831,1.9358517,0.62595904,-1.2095683,0.17802088
36,-1.0598506,0.3845012,-0.90373653,-0.50776756,0.9431812,0.26082987,-1.416356,-2.4993784,-0.65807647,1.7370613,0.80671626,-2.143673,-1.229453,-0.9304146,-1.4989331,-1.2697153,-0.21145138,0.35131586,-0.16886935,0.16573226,-1.4852756,-0.6007761,-2.1080468,-2.4786737,-1.1490346,1.9299357,1.3151538,-0.2818974,1.3350675,0.28902474,-0.0106632905,0.6008542,0.3091303,-2.3941863,-0.764753,1.1345453,1.2224362,0.12825954,0.25110006,1.3102696,-0.25944808,2.1580017,-0.49134275,1.5540147,0.5072098,-2.6597855,-1.6013669,1.5805479,1.2518226,-0.4190424,-0.01867248,-1.4359213,-1.58531,0.076487124,0.1739184,1.5733075,0.018938912,-0.5819352,0.7079035,0.799124,0.07446478,3.6344714,2.510946,-0.4401616,2.2233086,0.07082002,0.46561795,0.51940095,-0.123483464,0.17263244,-0.7248152,-0.20993675,0.56841576,-0.5249883,-2.3694513,-1.526154,0.41467974,-1.2507837,2.0968843,1.0051926,2.4851596,2.2727208,-0.45783657,3.0014262,0.056184713,-0.23923731,-0.8727007,-0.13506263,0.9283435,-1.8444471,0.1125856,1.1166481,0.048537377,-1.3266147,0.02262824,-1.3401275,-1.4691187,-0.3468347,1.6428484,-0.44204837,-0.76988006,1.9675965,0.85959595,-1.2890538,-1.9796579,-1.0075897,-1.0278747,-0.6623348,1.1267754,1.1240312,0.56720245,1.6754078,1.1664653,1.0695194,-0.6492654,-1.4773059,-0.4777639,1.0314059,-0.3257629,-0.85243326,-1.4284782,0.2759203,-0.07368207,-1.2347956,-1.5333494,0.5577389,1.9888364,-0.3104478
37,0.033658717,0.31637502,-1.4112229,-1.1421089,0.019001827,1.1165109,-0.69076717,-0.8365238,-1.0374452,0.47479427,-1.2479519,1.1665002,0.5277279,0.76998,-0.46035677,-1.2615886,-1.0168728,-0.37248176,0.6125463,-0.29330975,2.7022624,1.0481277,0.60322815,-0.027488276,-0.5596741,-0.33354223,0.9632917,0.6215549,-0.9146599,-1.5914007,-0.84425515,3.8721938,-0.03217267,-0.35766542,-0.94590575,0.8047085,-1.2592962,-0.34623232,0.1783603,-0.39236718,-1.143817,2.4539454,-1.9625247,0.40855128,-0.10749384,0.65853465,0.69440264,-0.5734893,-2.2083237,1.5778314,-1.3431555,0.37560427,0.82855463,-0.19193007,-1.9911791,1.8181903,-0.6122464,2.0378094,0.4049983,1.6749645,-2.8070624,0.42152748,0.6253983,-0.63294,-0.60755223,0.5077612,1.2541643,-1.0644169,0.95433533,-0.22549005,0.1854552,0.4380179,-0.7326072,0.036867693,0.7695183,-0.94997495,0.49815163,-0.47589594,0.080059305,0.18544485,0.76344764,-1.6180168,-2.1743855,1.9266788,-0.022087093,-0.79540396,-2.5351655,0.77106565,-0.6278441,-0.7726866,0.09149813,0.19790746,-1.9933921,-0.54824626,2.340616,-0.04069563,-1.5322298,-1.3407706,-0.9622042,-0.6157578,-0.78723454,-0.8038219,1.6743702,0.8093888,0.51210093,1.5718412,0.75621414,0.9102163,-0.14880528,-2.03677,-0.32685468,-0.8356274,0.5622698,0.675128,-2.2141197,0.64442474,-2.252583,0.92982197,0.4334875,-0.7943712,1.1420974,2.566963,0.8316276,1.2343634,0.5938368,1.2082522,0.6552782,-0.7992634
38,0.80350304,0.82928723,1.081664,-1.7265441,1.8368932,2.2501953,-0.16090408,-0.080785364,-0.5309366,1.3953528,0.72701204,-1.512496,2.9131355,0.3500082,1.9270314,1.2252614,-2.5673034,-1.1845338,0.56477565,-0.058355972,1.7460731,2.1408312,0.33971477,0.19573806,1.4709281,0.27016813,3.3293521,-1.056813,-0.92000586,-0.4347367,-1.4327143,0.852132,1.4757935,1.9594694,-0.15892807,1.0816053,-2.0213623,-0.6913926,-0.06549677,-2.726441,0.3124304,0.5994937,-3.3465598,-0.25768426,-1.5917047,-0.9639149,-1.1766837,-0.73075616,1.0348833,-1.0858674,-1.348688,-0.66275924,-0.8105144,-0.016786851,1.1302565,-0.83824843,-1.8376472,0.40002102,-0.58733386,-1.5156002,-2.1718135,-1.0248842,-1.5129659,-0.3128487,1.2483827,-0.9588558,0.25828442,-2.1262045,0.9225535,0.88437945,2.407289,-0.123909466,0.22863638,1.2416962,0.6705946,-0.34962955,-2.3397112,-2.7606668,0.3447123,-0.78013057,0.05074207,-0.30338165,0.5312123,0.8584888,-0.55759156,0.33367163,0.7578705,-1.0383502,-0.99966687,0.09389334,-1.1195835,1.1594195,0.6081369,0.4145387,2.965822,1.5881757,-0.21776053,0.666251,0.5870174,-0.69200975,0.048149966,-1.8521788,-1.0482585,-0.30183947,0.42110437,0.18996425,-0.54553664,-1.8577833,-1.5542822,1.1404049,-0.6281483,-0.934171,0.017926922,-1.4510088,1.6522958,0.0052466034,-1.0432419,1.0615138,0.37369552,-0.8034669,1.3727187,0.91276824,0.1337893,-0.1154301,0.064899296,0.35649627,0.2959799,2.1719341
39,-0.5292371,2.1066196,-1.6675435,-0.87437844,-0.39226207,-1.1279558,0.9237136,-0.8838297,-1.5587894,1.4824221,-2.4713387,-1.5920373,1.3764067,3.778202,-1.7405216,0.27914712,1.0238948,0.23206858,1.5169959,0.46408108,1.3928329,0.1949754,1.6772019,-0.42212012,-0.2526079,-1.8815526,-1.5956072,0.3946819,1.4943134,1.0122907,0.3510575,0.43416154,-3.0761998,0.7165962,0.5378814,1.0759782,-1.5966563,-0.5892954,0.12253362,0.20497054,-0.22919486,1.853353,0.2429632,0.16411708,-0.4742062,-0.18926616,0.20632859,-1.22116,-1.2912982,0.7964456,0.9170335,0.04045269,-1.4365746,1.3436061,-2.3957567,-1.7799888,-0.31589332,2.4970527,-0.17016582,0.96313804,-1.6367353,0.33037776,1.3683423,0.72674245,1.8779535,0.15786679,-0.20304772,0.2040998,1.6080089,1.361772,2.1924005,-0.91158956,-0.6308137,-0.35679805,-1.0594413,-0.59706444,-0.04061335,0.9299391,3.2712424,-1.3132793,-0.9640115,-0.52070826,-0.27173814,-0.54319304,-1.2267323,1.0200804,1.55855,0.4819414,-0.458786,1.5166957,-1.2519417,-2.1340616,1.9714984,-0.9974029,-1.7350683,1.9075708,-0.8886774,1.3832735,-1.4108001,-0.12363629,-2.8048217,-1.5619407,-0.8022046,1.0856713,-0.24543929,-0.23169297,-1.007574,-1.4710411,1.6117682,0.6137568,-1.6054163,1.6495489,-0.16474356,1.7991675,0.9170401,-0.61555326,0.0755994,1.0240566,-2.604461,1.2938455,-0.64221513,-0.47246665,-0.9303437,-0.15499757,0.5964294,-0.9752079,-2.4776871,-0.3067598
4,-0.21906367,0.95694727,-0.58607984,-0.7840769,1.2900625,-1.2095082,0.24223049,-0.78416044,-0.24861097,0.13981666,-0.9344238,-0.6144161,0.2038213,0.30280316,-0.34894708,0.3440334,-0.9193817,-0.18829061,-0.98895687,0.2800783,-1.0113717,0.8061951,-0.7337866,-1.2962351,0.004427203,0.10208143,-0.4438122,-0.26700276,1.383224,0.19245656,-0.6031352,-0.045856744,0.7476858,0.8968549,-0.34477895,-0.80539864,1.2038455,-0.72809225,-0.3940072,-0.5107479,1.075228,-1.40879,-1.73013,-0.5694877,0.13597344,0.1209459,-0.37564492,-0.87589276,-1.9715325,-1.1244923,1.4584652,1.4744722,-0.09876614,1.1758919,1.2206333,0.022322295,-1.8860681,0.83250815,-0.4175096,-1.1415066,0.8175198,1.2269549,-0.50307554,-0.6532741,-0.054315962,-0.11124324,-0.8719238,0.9961671,-0.13352072,-1.4767196,-0.67081964,0.6631161,-0.68197054,-0.3050231,0.40634915,-0.067896456,-2.136346,0.5690798,-1.0239619,2.0892105,-0.3429175,-2.5120544,-0.8554452,-0.17746821,-0.7021814,1.3001655,0.006949235,0.9150073,0.29890087,1.9218861,-0.9846692,0.9410709,-0.19400504,1.9332333,0.89803904,0.9061999,-0.9055147,0.25209045,-0.45419928,1.2662942,2.1560807,1.7239769,0.83805555,1.243988,-1.5885075,-0.68099874,-0.9863036,0.9349259,1.2614051,-0.09951324,-1.65532,-0.3603298,1.2107673,0.35822436,-0.2979709,0.6572682,0.4068894,0.9955493,0.2674339,-0.23640858,-1.2804176,1.2563282,0.7680031,-0.5093703,2.153039,-1.5791593,-0.8713934,0.19415581
40,0.29850912,-0.018927911,0.35782295,-0.3858391,1.6817086,-0.18030587,1.1628673,-1.2977171,0.64029837,0.5750582,0.9467799,-0.1875588,1.8660676,-0.5868941,0.19774038,-1.5614672,-0.34018195,-1.9747566,-1.704472,1.1923405,-0.71086586,1.3884041,-1.7357725,0.07498164,-0.10884055,-0.1397755,1.2436482,-0.4489692,-1.5770367,-0.30069205,2.485175,-1.0171094,-0.029400656,-0.43821937,0.81520635,-1.4972683,-1.0447556,0.63021374,0.67096895,0.6582032,-0.6434964,0.038547974,1.2211457,-0.59631526,0.1528241,0.3667951,-2.058567,1.4691795,1.6507399,0.2706178,0.79214627,-0.6653684,-0.5284724,2.2624848,0.7390878,-0.13027592,-0.5961532,-1.443417,-0.99718153,0.19635016,0.2075601,-0.26329148,1.975492,-1.1123542,-0.30983287,0.15514491,1.3899325,-2.315318,-2.2076414,0.9775061,2.4660716,1.3216609,0.80715436,-1.5824274,-0.30576006,1.4465704,-0.50526756,-0.3751827,-2.0672328,1.0649042,1.719867,-0.13429491,0.3132817,0.017319083,1.4164969,1.250602,-0.98094386,-0.76183844,-0.5891121,-0.8005834,-2.058455,-0.703714,0.3094944,0.55089927,-1.1105906,1.0261505,-1.3232816,0.44029206,0.8711495,0.96863633,-0.44928235,0.94876724,2.170788,2.1907294,-0.5536264,0.42288935,1.0448369,0.8056307,1.0193524,0.2845284,-2.7027698,-0.42958698,-0.69922805,1.092128,-2.6930125,-0.21414785,0.86657137,0.45292395,-0.18944976,0.3069961,-0.6331059,0.05920507,-0.18702978,0.59998435,1.8069245,-0.11742859,2.715795,0.19604634
41,0.98908883,0.022537362,-2.7750182,-1.7288319,-2.4204571,-2.0352664,-0.16714387,-0.26364648,-0.10674832,1.135243,0.25206196,0.7948653,-2.2789826,-1.6891695,1.1318431,-1.2721158,1.2590657,0.92989063,-2.1126604,1.5548393,-1.2465758,0.04539718,-0.4037266,-0.63101864,-0.35648078,-0.15449212,-0.39946455,0.7500523,0.66452503,-0.4342667,-0.3479404,0.66390723,-0.11812198,2.0594664,0.62217885,1.7812558,0.588396,1.6700755,0.9159853,1.5154883,1.1655936,-1.3725736,0.9959893,2.0798397,1.4013829,0.86044306,0.41193393,1.055061,1.8645465,0.6393636,-1.2041723,-2.5638714,0.3548886,-0.7509164,-0.24539782,-0.8425948,0.8468323,0.37217042,0.3456895,-1.3685819,-0.61686814,0.9734108,0.3772514,-2.057059,1.0963266,0.16387753,-1.4604545,-0.5189047,-1.5652939,0.6819684,-0.14123541,-1.5225077,1.1451211,-3.1961184,-2.0688198,0.6632624,1.0510421,1.7553474,-0.21866535,-1.3875434,0.5345374,0.22701739,0.3195546,0.94473064,-1.3373876,-0.3595893,0.02895002,0.15714855,1.9987603,-0.66542125,0.03686965,0.61423874,1.3147188,2.2730367,-0.7447771,0.6080534,-0.6903287,-0.8227675,-1.3621901,-1.1348191,-1.4366548,-0.3388357,0.030101474,-0.24415688,0.4521903,-0.056100212,-2.4480312,-1.9351127,0.004722206,-1.9041241,-0.002539744,-0.70431614,-0.5921906,-0.71402544,1.361225,-0.27071255,-0.5848173,0.38345742,1.0544821,0.8012537,-0.4833238,2.038695,-2.0827253,0.62301564,-1.7143072,-0.837886,-0.09130041,-0.4963243
42,0.20001523,-0.10026517,-0.3556557,-1.1095383,-0.6599022,-1.2348588,0.1252924,0.80735946,-0.61107486,-0.88196415,1.7102555,0.7239658,1.0290321,-0.79050475,0.044484887,0.77796286,-0.48491836,-0.41603342,-1.3025203,-0.5728413,0.14366136,-1.2896365,0.810543,0.33880797,0.945804,-0.6644868,1.1107621,-0.9193302,0.323464,0.6692386,-0.00030130675,0.8023822,1.0512464,-0.44396508,0.08216324,0.60129386,-1.0854264,-0.7784069,-0.7305503,-1.062603,-0.24955916,0.9280603,1.1230158,0.6974295,0.5939822,-0.165923,-0.8115365,2.1591349,1.7274523,0.07409242,-1.3379853,0.5917249,1.1950835,-0.86729527,-0.5773447,1.539044,0.61604315,1.0883961,-0.30228797,-2.4041486,0.15281643,0.5287395,-0.6046512,-0.5341096,1.3472879,1.9709766,-0.7564196,-0.07962518,-0.9609585,-1.1253868,-0.016083365,0.10846716,0.037759613,0.4654975,-0.21181646,0.05073647,-0.6033789,1.1665028,0.88972867,-1.1657526,1.3131808,1.3487182,-1.0829085,0.2736382,0.9213156,0.3401371,-0.32966727,-0.27346042,0.78040886,0.6230507,-0.13136387,-0.14164849,-1.177776,0.45717102,-0.38491392,-0.7398471,0.740448,0.019446718,2.2982702,-0.3376676,0.5369476,0.38094354,1.9216479,0.94478196,-0.4433534,1.0917268,-0.6301048,-0.12997188,1.0350853,-1.6883049,-1.4534134,0.6121747,1.456758,-0.81195587,0.9734542,0.22438602,-0.43314812,0.31425232,0.25563982,1.1245644,0.668502,-1.0885571,1.4220263,-0.0065322113,-1.6020133,-2.215671,-1.0445712,-1.0843341
43,0.65951955,-0.03887784,-0.77758694,-1.416857,-0.021242846,-0.19838904,0.7116722,-0.34339458,-0.87201744,0.12841254,-1.1581697,-0.45166087,0.29650065,-0.32458162,-0.8155962,0.4205657,1.0884682,0.8244963,-0.37278014,0.98718673,-1.0207555,-0.79713446,0.2111616,0.38033393,0.13696621,1.4250804,-0.70823336,-0.25694484,0.085287645,-1.2936102,-0.33536327,1.0858167,0.04690846,0.17696878,-1.337593,-0.15032525,0.9559947,-2.7320063,-1.3345602,0.79507124,-2.278896,1.3297702,0.9132767,0.3010421,0.36342064,-0.0071719605,2.670048,0.37435734,-0.58662254,0.29998428,-0.30154583,2.7646677,-0.62465054,-0.50925815,0.3459458,1.3637139,0.32356402,0.6557092,1.302235,0.1746049,2.0182962,-1.0908757,-0.34259126,0.16045758,-0.50380254,-0.8924526,-0.50168693,-0.7614021,0.15230444,-0.03460712,-0.5001009,0.91063976,-1.1268629,0.8666246,0.82725894,-0.3069121,0.3487918,0.81354755,-2.0730693,-2.3620696,0.822591,0.83687925,0.5842455,-1.3010938,0.33600777,0.7467968,-0.44343704,0.47537792,-0.44857144,0.23741192,1.1295062,0.42163476,-0.50286096,-0.08161424,-0.54021704,-0.6792658,2.2033105,-1.9797001,1.3262875,0.33739436,-1.9416057,-0.31808907,-0.6832424,-1.1548628,1.3532425,-2.0285428,0.30523026,-0.53578275,0.07002237,-0.39043137,-0.39048564,1.1158336,0.9408172,-0.1670983,-0.35501692,-1.5567011,0.3649943,0.9739347,0.16888441,-1.6028107,0.71080524,2.8983219,-0.4820413,-0.39388937,-0.9246161,0.6255252,-0.46406868,-0.6504411
44,2.2235427,-0.35142967,-0.990107,-0.56011343,-0.660383,-1.4069643,-0.13933179,1.8737522,-0.68801326,0.6244209,0.19127722,-1.3649861,-0.14997615,0.7485535,0.57545626,-1.5649209,0.6353775,-2.5533068,1.2897251,2.0903358,-0.84012365,0.16768786,0.54951656,0.8292252,0.7718119,-0.19585831,0.9187052,0.018164799,-0.61759394,1.4664332,0.6512216,2.8741906,2.9304788,1.6028728,0.9968199,-0.1926372,0.16788402,-1.4881576,-2.3425946,0.11287916,0.69337857,-0.31935042,1.1744927,0.5755287,-0.8903067,-1.7040997,0.38467565,-0.6514169,-1.2762793,3.5582302,-1.5887069,-1.8462411,-2.539307,0.5667633,-0.40815073,0.5191687,1.061987,-0.22633575,-1.5484364,0.9615039,0.4815902,-0.20739372,0.8103479,-0.3041779,-0.031383462,0.63067585,-1.060501,-3.2291493,-0.54215056,-0.63437825,0.21985303,1.4073856,0.83601063,1.5415044,0.037238657,-1.0846999,-0.5232957,-0.35807514,0.6210922,0.4035941,-0.7651734,-0.48084727,-1.4670545,2.412371,-1.3697475,3.8687515,-0.3688165,2.0281355,0.041714106,-1.5646945,0.29175094,1.2236735,-2.6406457,-0.070198335,2.3097587,-1.2784725,0.545782,0.6271706,-1.541899,-0.67290044,-2.0279741,0.88467455,2.3152838,1.2139103,0.5068371,0.2421503,0.12457215,-0.68988675,-0.1598076,1.5934404,0.14855392,-0.81563604,-0.018434864,-0.0128921075,-0.576399,1.7380279,-1.3164088,-0.31211594,-0.34798923,-0.8327311,0.4013134,-0.88036907,-2.5403194,-0.40880907,-0.8225584,0.4421517,-0.040247634,0.49326488
45,1.3682714,-1.4762613,0.15610607,-1.7315959,-1.4436717,-0.15273581,1.1003104,-1.3712015,-0.95387286,0.27806923,2.1595051,-2.5144343,-0.49035272,0.09440449,-0.1073433,-0.17866613,-2.6059444,-0.3826776,0.29059714,-0.9938467,0.0054858574,-1.4913276,-0.02524274,-0.15125693,-2.371802,0.5117925,1.4724175,0.54446584,-0.45675665,0.5811382,0.59014666,1.2494926,0.97460914,1.0134026,0.101782106,-0.3789641,0.24565232,1.9051899,0.03249864,-0.44753325,0.26170292,-1.3190176,-0.26818362,-0.5657106,1.3896846,1.5746537,0.79767364,1.3986206,-0.9986649,0.97775865,-2.275413,0.2665529,-0.038743272,0.5999103,-0.12765115,0.7049407,-0.35064793,0.6355649,0.7392513,0.21478474,1.1602006,-0.30796,-0.111258455,0.027754828,1.069999,0.13681823,-0.68020934,0.1433591,-1.0126988,0.83970267,0.92911655,-0.6475216,1.7833918,-0.05494274,-0.7891263,0.6426835,1.2211331,-0.31508887,0.07998637,0.21033263,-0.734962,0.73728395,-0.34404024,-1.5117252,-1.1844374,-0.21662857,1.0864497,1.2309891,0.086628415,1.2612877,-0.7180995,-1.0218999,0.08601308,0.5436357,-0.09315645,0.00534899,-0.65718657,-0.22873187,0.38860908,-1.1538545,0.7195911,1.5426642,-1.2555721,-0.7961551,-1.2911029,0.086811244,-0.737608,1.0575694,-1.0995119,0.2259896,-0.31461003,1.1080022,-0.78551155,-0.2274246,0.5585961,1.0774158,-0.09271828,-0.32667926,-0.09396644,0.27804384,-0.72155386,-0.086953156,0.24318121,-1.2942375,-1.5218008,-0.5891178,0.03748314,0.37295067
46,-0.91699076,0.57614505,1.853285,-0.046860352,-2.219303,0.5672056,-0.39647508,-1.0975256,0.25608525,-0.5816452,0.40444863,-1.6307873,0.39271936,-0.777025,0.37620938,-0.551687,0.7192621,-0.36361268,0.00065036584,-0.9477859,-0.88777685,-0.1455201,0.5833911,0.76549774,-0.9648164,0.39648473,0.0807193,-1.3418521,-0.6929348,-2.3665936,-1.5196741,-0.27355012,1.3270626,-0.26409608,0.11556619,-1.0409659,-0.72220385,-1.2874427,0.8000255,0.8132261,-1.4847993,1.0720062,-0.28567097,-0.80899495,0.42665523,-0.59533703,-0.13304026,-0.9425613,-0.64434326,0.028596867,-0.5746089,1.7463536,0.0039113276,0.5862748,0.5842024,1.1070089,-0.95825416,-0.5456438,-0.40504822,0.6975888,-0.04702783,0.5733251,-0.6793988,0.97692835,0.7602908,-0.30450544,0.64057875,0.23120478,0.24741478,0.7363577,-0.7877878,0.7567513,1.6871166,-0.31330413,-1.5868764,-1.7097553,-0.8763572,-0.25595322,-0.8254589,0.31812602,0.37643418,0.25663167,-0.72857225,-0.07430659,-0.03433622,0.4560348,1.0722126,0.7475913,-1.3018669,-0.90681475,-0.19395842,0.75344473,-1.5308895,-0.69136226,-1.3445096,0.69261545,-0.2555168,-0.5333007,1.9662999,0.16613743,0.5535195,1.6563257,-0.056945305,-1.1961423,-1.290683,0.59419644,-0.028628113,0.17311193,0.98199826,0.32229868,0.21591224,1.4589447,-0.21322876,1.5210459,0.811877,0.3994756,0.05934237,1.6668478,0.25550133,-0.0077938423,0.43863878,-0.02296144,1.0074168,0.2926383,-1.6203644,-0.8664218,0.56672966,-1.5066744
47,0.65792865,0.80440587,1.0059372,-0.27227697,1.1411126,0.042177223,-0.90833586,-0.07804304,-0.10972036,-0.04586875,0.28879327,-1.3101443,-0.7461244,0.15334404,-0.80433005,0.037722666,0.7787274,0.35309,0.67676055,-0.64135194,1.1770077,2.640923,-0.7819894,1.2828614,0.12787619,-0.59127676,-0.19042481,0.39945164,0.012824108,-0.40135252,-1.3581719,0.47490996,0.5350301,-0.65092885,1.3020927,0.85989314,0.5753584,0.93839395,-0.6292898,-0.48977005,0.54632217,-0.7321066,-1.1492621,-0.34548095,-0.63466096,-0.029755978,0.72705895,0.38022593,-0.4506894,3.184852,0.14846766,1.9272983,-0.04772773,-1.330953,-0.6163349,-0.31623858,-1.4843674,-2.4079392,-1.8614475,0.09894307,-0.838575,2.0668747,-0.6558143,0.33145437,0.6440804,-0.69653594,-0.12099466,-1.081808,-0.7588852,0.50608665,-0.6236536,-0.3825353,0.8975827,-0.46062535,-0.8054762,1.0043488,-0.09160818,0.11499573,-1.6381509,-0.17305301,-1.5761468,1.1906493,0.18672407,0.057874165,0.56269217,-0.8587001,0.006553898,1.3536634,-1.0612296,-0.8336593,-0.49987975,-1.8373308,0.24423608,-0.46500772,-1.6499228,-0.9914506,1.1952099,0.16993842,1.7725775,1.3584765,-0.8932764,0.58169055,0.73511976,1.5251468,-1.5722882,-0.0832059,1.155898,0.28634092,0.22981909,0.679977,1.041169,0.56787974,-0.6678077,-1.0766363,-1.474072,-0.029157791,0.17561987,1.1154321,-1.9458979,-1.5461363,-1.1311035,0.7853802,-1.0525095,0.41342983,-0.6811226,-0.47896653,-0.3380849,0.8167496
48,0.23556636,0.8226433,0.979679,-0.31609815,1.0943294,0.26743186,-0.18585685,-0.06810393,-2.3505876,-0.7019045,-0.85410225,-1.3513583,-0.47725415,-0.8908,-0.52929294,-1.4184926,-0.84876215,1.5838872,-0.32503352,-1.601389,-1.1030434,0.92943877,-0.22678149,0.08475742,1.5604657,-0.49761775,-0.02265389,0.0046458957,0.30370206,-0.50937533,0.5222869,-0.9115851,0.3364867,0.74533373,-0.34266573,-1.1459856,1.290919,0.27390218,-1.0623416,0.48074117,0.29397702,1.0663817,0.122905284,1.0424858,-0.19712283,-1.5614709,0.15603644,-0.9557644,-0.7413595,-0.1241236,-0.97641647,1.0360984,-0.43298915,-0.42793345,-0.82998896,-0.72911286,0.065230794,0.16112335,-0.032027844,2.1789594,-1.8458163,-0.934237,-0.23164816,-1.1746955,1.3385988,0.3527627,-0.41607398,-0.054347817,-1.0776974,1.9084544,0.64035606,0.74536085,-0.88554895,-0.91969234,-1.2495782,-0.18676208,-0.011035257,-0.38463694,0.735004,-0.91028565,-0.91608727,-0.530811,-0.8558903,-0.4091063,0.9470161,-1.0243204,-0.090489395,-0.935063,-0.1172009,-0.622232,2.0768185,3.355381,2.1038728,-1.1662664,-1.0845321,-0.36392385,-0.12518366,0.7672949,-0.32047057,-2.0765965,1.4565089,1.3080962,0.37665173,-0.5916612,2.190436,-0.9259433,0.76197433,-0.6549081,-1.020285,-0.32367542,-1.651622,-0.5201194,0.27457604,-0.01931352,-0.46967003,0.8529884,-0.1607212,0.41768402,2.2010276,0.85910374,0.48419532,1.0533984,1.1975791,0.13194442,0.42835838,0.38599,0.22660059,-0.93462455
49,-2.640143,-0.542011,2.2176461,-0.8075817,0.3647221,-0.2493019,1.1901562,-0.39992347,-0.88268244,-1.674313,-0.98072076,1.3424988,0.034576252,0.7854863,-0.29918218,-2.8896627,0.52447337,-0.63016915,0.60993403,-1.2876271,2.000935,0.4856883,-0.641365,-2.062891,0.46632218,-0.4266244,0.25462708,0.23032795,2.5794957,-1.3417804,0.53308314,-0.90426433,0.074516624,-1.2471488,2.35497,0.38487884,0.11753171,-0.1874038,-0.24758317,0.5728128,-0.61972034,-2.4188828,1.6394006,-1.803244,-0.1352106,-0.37763608,0.34430987,-1.3660105,0.418402,-1.5044713,1.7716551,1.4592776,0.11428007,-0.6047834,0.29147515,-0.75766045,-0.27318525,0.80358934,0.20420966,-0.46991643,-0.22864147,-0.04326045,-0.47648564,-0.010459546,-0.31325343,-1.4249417,0.19797517,0.5888068,-1.0591402,2.184456,-0.39233154,-0.19712335,1.3869275,1.9146765,0.24847959,1.1528025,0.04573682,-1.4217886,-0.014932433,-0.6611419,1.7956399,0.49707007,-0.742358,0.36105424,-0.73560053,0.30272755,-0.4938046,-0.7634139,-1.2676767,-1.193084,-1.6858494,1.0668416,0.04181047,2.0690844,1.6877344,0.58028257,0.13975063,-1.5809032,1.4361593,0.37897322,-0.16365257,-0.5581795,0.5297839,0.65210676,-1.3385248,-0.43563908,-0.9811748,0.31963807,-0.9564255,0.9953955,1.6953495,0.3917535,1.400255,0.05497315,-0.47169268,-0.19610733,-1.24079,0.83987826,0.6508685,2.2400932,0.56209105,1.4545131,-0.68654263,1.161334,-0.6312867,-0.16503711,0.88718605,0.10609336
5,-1.948274,-1.9779034,-0.38956878,-2.3000581,1.6338334,-0.111531936,-0.9624371,-3.405254,-0.37664053,3.7178438,0.9216178,2.4924886,-0.13638188,-0.42761648,-2.1481504,1.0840528,0.9841746,-0.27150407,2.0303788,0.12238965,-0.37420934,-0.84669006,0.70523673,-1.5779351,0.15587313,-2.184592,1.4800435,1.36203,2.017848,0.46576855,-2.2879665,1.1952218,1.5892135,-0.3018964,-0.80582887,-0.4029043,1.6088309,-0.48968086,0.19380969,-1.1513852,1.1987315,0.5616438,-1.5215926,-1.144762,2.0720956,-0.5039664,-0.002791667,0.20257892,-2.7084372,4.0361924,-2.0197074,-0.34983122,1.1251326,-0.14670108,0.43935797,1.358351,1.1327183,0.049465343,2.6005695,-0.77196604,1.3356483,-0.24182686,1.200059,-2.6515083,-1.5260738,-0.4005496,2.7768219,-0.31582373,0.51753885,1.6348852,1.0067072,-1.1148083,-0.13387041,-1.6717266,-1.7793349,-0.03913271,-2.4428942,-0.015024595,-0.14686169,0.18871263,0.2951073,1.082034,1.2630318,-2.0365238,-0.5014581,0.25476727,1.9116231,-0.8991173,0.78084236,-0.65874314,0.51787466,-1.0158898,1.1740263,1.2257408,1.8101579,-0.59547424,-1.7927293,-0.5603431,-1.0624241,-2.733507,0.46359676,-0.55857795,2.2933228,-1.6286798,0.0035368379,-1.5006808,-0.87996316,0.339791,-0.57561564,-1.4825917,2.5718815,-0.79889226,-0.25056875,2.5370743,-0.25870958,-1.8028773,-2.2374406,-0.21935418,1.0041852,0.028344689,-1.3787507,-1.9842539,1.2169887,-0.15096919,-1.48539,1.5786833,2.0031831,0.31471235
50,-0.14813036,-0.05334973,0.80169207,0.52438706,0.29072824,-1.484388,-0.33055386,-0.24540932,-0.115590714,1.0420485,0.51352775,2.05418,0.40071633,0.9462526,-0.6258054,-0.083303094,-1.6034317,1.4618338,0.9314361,-0.8294697,0.035812583,-0.6602179,-0.16729885,0.00751278,0.12310393,-0.91565514,0.8526253,0.898554,-0.18937,-1.3831317,-0.4908871,-0.91221094,-1.1899637,-1.3739183,2.0898545,-0.9424707,-2.414073,-0.31520647,0.8172388,1.2702875,1.3500743,1.1915207,0.8906115,-0.8814554,1.2270118,-0.78872335,-1.6333196,-1.179811,-0.13829614,0.56918025,-0.65558517,0.19927652,0.44158545,2.0121915,-0.64642686,0.8521151,0.8071968,-1.5125911,0.09988886,-0.76214606,0.09357325,1.3734201,0.63392675,-0.22373083,0.24658982,-0.7247891,-0.836649,0.9919251,-0.2567741,-0.19135687,0.3551843,0.5831408,-0.05530712,1.2105383,0.19890246,1.0462067,-0.12895462,-1.2247345,1.0643013,-0.31609684,1.0409975,-0.5210514,1.4081762,-0.82648736,0.31926134,1.5159359,0.19652052,-1.7698942,-0.8162296,-0.43220794,0.69564617,-0.51220846,-1.3066475,1.1955864,0.020356683,-0.7309267,0.58980095,0.3601284,-0.107006475,-0.58444744,-1.326727,0.3187516,-0.5814652,0.9390684,-0.58281183,0.039679248,-0.09430631,-0.2333703,-0.9633221,0.9090588,-0.038126983,-0.43818194,0.1367046,-2.3884456,0.6382689,-0.34958503,-0.188034,-0.294673,-0.77765733,-0.18707947,0.5346695,1.1661199,1.1236483,0.1986605,-1.251943,-1.3855982,0.89567083,-0.5290569
51,0.38205963,-0.5418702,-0.33363166,0.50877595,0.01639621,-0.17258202,-0.73199314,-1.7297138,-0.8044408,-0.5510603,0.40658614,-0.7621625,1.1601925,-1.7095788,1.8442632,0.010803701,1.1539912,0.53770727,-1.0943507,-1.1518891,-2.7638164,1.7471771,-1.4629531,0.32906806,-1.071618,1.5390012,0.31662256,-1.3497373,0.402183,-0.29947138,0.49135855,-0.18912852,-1.3675917,0.8413888,0.28041217,-0.8892753,-0.48549253,-0.72076935,-0.92810065,-0.598095,-1.7475767,0.35149145,-0.7533142,-0.5481242,-0.21083538,1.7059599,-0.61573935,1.4010607,-0.8381789,0.8709918,-1.3494349,-1.5437555,-0.79584,1.2399383,-2.147138,0.3761465,-1.1703323,-0.17694838,0.8930691,1.3798653,0.8167856,-0.20067415,-0.46983126,-1.1403513,0.31502974,0.45366544,1.1182402,0.052423675,-0.6052898,0.023935668,-0.19668351,0.050937396,1.2092834,0.20523109,0.26120692,0.7329658,1.2227424,0.9763454,-1.8377302,-1.6219238,-1.5172027,1.0736309,-0.5698909,-0.571056,-1.5979481,-0.09521901,-0.27036732,0.37020648,-0.5897578,0.4930664,0.13432653,-0.7097963,0.1434733,0.57317257,0.86607164,-1.2035717,0.14344852,0.6816652,-0.3237482,-0.04341377,0.807389,0.78943914,-0.6681065,-0.4566219,-0.7757416,0.7203393,0.025499927,1.7442577,0.26611176,0.008860339,-1.5163088,-1.3228995,0.14226039,0.10981698,-0.1416549,-0.51230246,-0.23924057,-0.04619737,0.23763165,0.004328986,-0.43418083,1.0236733,-0.6124554,-0.7330905,-0.18557401,-0.94463766,-1.0417036,1.6087959
52,-0.67859846,0.25832182,-0.39274058,-0.6228144,0.13942236,-0.5885571,-0.71074724,-1.7077093,-0.8066737,1.4024218,-0.1028454,-0.03954281,-0.35601193,0.35358799,-0.7079646,-0.3818975,-0.1731705,0.60588586,1.7668614,0.96826315,-1.8778598,-0.84799236,0.5674346,-1.581044,1.5015318,-0.7752627,0.0055904416,-0.017168945,-0.17398854,1.351795,0.0405238,-0.46894923,1.3575511,-1.4334803,-0.8998278,0.7019617,0.52458996,0.29024583,0.25119913,1.7290044,-0.040076714,1.5889682,0.830766,-0.8171342,0.11556262,-1.217999,1.5436795,-0.11193028,0.43205494,0.9672641,1.8595009,-0.5670857,-1.1785966,0.3188593,0.13933034,0.3046367,1.5750594,0.81145626,-0.80617195,0.68913686,0.059607606,-0.47624063,-1.2361214,0.72374237,1.0491732,0.11485081,-0.29942238,-0.40160373,-0.4546941,1.5135363,1.2501415,0.5693776,0.9556075,0.15979072,0.52848095,-1.1618265,-1.1327173,-0.34827808,-0.64062274,0.023036124,-1.082837,-0.39776862,2.216636,-0.4587279,-1.1059129,1.2828822,-2.4174478,1.1296532,0.8095719,-0.40777934,0.031660855,1.8538224,2.0941582,-1.4901829,-0.268429,-0.9128826,-0.36045948,0.54328734,-0.043712497,2.0363932,-0.21865083,-0.3410344,-1.0576904,-0.6206363,0.2912967,0.1256615,0.4142373,0.40932095,0.44494793,0.16777377,-0.5550236,1.7941377,-0.9229707,1.5493828,0.663342,1.4029567,-0.6676283,-1.6388435,0.61568195,-0.67805964,0.1157488,2.6309972,-1.3942215,-1.4000504,0.8469162,-0.03485839,0.522638,-0.9427747
53,-1.4413068,-0.87963194,1.1756673,1.5320252,-0.28380555,-1.7667037,0.37420267,-0.45979574,-1.7315686,1.1650016,0.96987903,-0.37477443,1.7171348,-1.0280266,0.3305979,0.4588339,-0.18754199,-1.896352,0.40291888,-0.010889363,-0.49159232,0.34012893,-1.0271535,-1.7045941,-1.3290722,0.49013516,-1.1639415,-1.0174029,0.7090091,-0.36670232,-0.33893824,0.24337986,-1.1494977,0.4465077,-0.70402414,-0.78261405,-0.44037586,0.18163848,0.13768524,0.6212491,1.4359081,0.7887164,-0.057080697,1.5550649,0.5766472,-0.5738133,1.4972543,-2.0338507,0.5530465,1.2395897,0.4237303,-0.15210168,0.45792845,0.8435863,0.5955549,-0.9608735,-0.31258917,0.93240654,-0.24616933,1.1385592,0.7502778,1.1854352,-0.73243177,0.9258213,-0.090879425,-0.017503267,1.5734869,0.26569447,-1.0396179,1.1518335,-0.17158794,0.09276897,-0.07628335,-0.6271973,-0.63552135,-0.73229015,0.6115131,0.42159605,0.09798127,1.4616864,1.163563,0.5552982,-0.6500452,-0.76826054,1.5196838,-0.9137186,-1.3114582,1.1100017,0.40418804,0.7958828,-0.62141025,-0.85016805,-3.5031803,-1.0066189,1.1035913,-0.7045246,0.6413312,0.3810886,0.04403521,-0.6092082,0.36581612,-0.6592469,0.11252856,-0.63228744,0.51844937,-0.86330557,0.86665535,-1.0248034,-0.9679325,0.117735095,-1.3513792,0.5656451,-0.25458956,0.7704236,-1.8813041,-0.5573835,-0.6111931,-1.8901666,1.472906,0.69019884,-0.8479163,-1.4744899,-1.046701,0.005505202,0.8183986,1.4633719,0.6444747,-0.27286452
54,0.2743624,1.8002486,-0.0035613358,-1.3895098,-1.5569922,-0.1694198,-2.4143069,-0.30333117,-1.2896367,-1.0306735,1.0158347,-1.1905912,-1.0333757,0.29562512,-2.0650074,0.30915862,0.89917946,-2.3353736,-0.8226647,0.31568676,-1.9309934,-0.49257395,0.32565522,-1.1364511,-1.473071,-0.8149788,1.8207517,-1.2706456,-1.043861,-1.6713853,0.035702117,-0.620206,-0.12886861,0.23682357,0.98887235,2.4417615,-0.7838058,0.7715374,1.663542,-1.1875914,1.5106696,0.23062526,-1.3326379,0.14846924,2.3281367,-0.76344657,-1.5233334,0.490876,-0.28581032,-0.49409336,0.10069916,-1.4271752,-0.017821306,-0.3325366,0.22925556,-1.7583455,0.16292,0.17682518,-1.4868913,-0.3464095,0.7955765,-1.4209759,0.8239236,-1.5153629,-1.5651634,0.051974833,0.5926932,-0.008574594,0.86971045,-0.72870123,0.59734106,-0.012057667,0.011394725,1.0360518,1.3031936,2.5305815,1.5527011,0.5333824,-1.4519165,-0.43991598,-0.34529132,1.4579842,0.1158292,0.63404876,0.6490979,-1.602107,-0.94952863,-0.27628675,1.3091478,-1.5892775,1.7698293,-0.18211396,-1.9310881,-0.24216473,1.6878053,-0.55554396,1.1911643,0.57534623,-0.30642492,2.0093765,-0.119721025,-1.2918079,0.7392437,-2.1944613,-0.02655464,-1.8848754,-1.2009548,1.5888872,-0.82397777,1.2175722,0.74974823,0.21707572,1.791191,-0.3224827,-0.0055064023,-1.2102965,-0.5159093,1.3836343,1.2003938,-0.83906,-0.56400114,-1.2393116,1.093668,-1.0712742,2.6118608,0.30180806,-2.3423178,-1.1362882
55,-0.053883445,0.4653218,-0.39778656,1.6341201,1.2686942,0.2009526,-0.13998362,-0.64641964,0.4101211,0.05942828,-0.7327605,1.5312556,1.2533487,0.21800014,-0.3562864,0.7693346,-0.2971399,0.48769042,-0.3620981,0.25151938,-0.22193809,0.5270938,-0.02849274,1.0819888,-0.4777244,-0.2065197,-0.25558645,-0.46806145,-0.46726194,-0.3193604,-0.77940065,-0.4359296,0.068677925,-1.5098047,-0.0974409,0.49553397,1.3133646,0.891076,-0.21895985,0.09772713,-0.32026225,-0.24686822,0.50886977,0.66082823,0.29732126,-0.19887987,0.5406238,-0.046276532,-1.8019938,-0.004847095,0.32706138,-0.5656313,0.4673664,-0.9281784,1.2252333,0.025968553,2.1532037,-0.69091195,-0.3557238,0.46741453,-0.0060848976,-0.3198306,0.8277246,-0.25052983,-0.18255238,-0.28655195,-0.62537426,-0.04379162,-0.655212,0.64783525,1.2750686,0.690853,0.11163835,0.11830107,1.6618184,-0.8351757,-0.08349502,-0.3196748,-0.25609446,-0.79059166,0.5176944,1.2223958,-1.0941857,1.2835544,-1.2030789,0.9993249,-1.5162618,-0.27748567,0.44749257,-0.12117679,-0.8570689,-0.1619573,-0.28863007,-1.5488988,-1.1857386,0.5305505,-0.36348593,-0.071466684,0.59080863,-0.6769765,-0.7584591,-0.8027697,-0.0076854993,-0.5828775,0.5103712,0.60708827,-1.2846954,0.61949104,-0.49434623,0.19416705,0.77977985,0.54104215,-1.2951112,0.24295133,-0.5731749,0.07431877,-0.098626584,0.45820782,0.8843293,-0.30842116,0.30354753,0.18337938,1.3525548,-0.92302144,-1.487853,0.1837682,-0.5259746,-1.0326205
57,-0.2360891,1.1770196,0.36121348,-0.27323595,-1.1755754,1.3363842,0.5351072,-0.36241964,0.22729547,0.17095535,-0.7291645,-0.049683742,1.2207818,0.670163,0.6495299,0.3037419,-0.21174881,-0.9734052,0.09517559,-1.814158,-0.8117894,-0.14456056,0.3699369,-0.8597589,-0.1417386,-1.0749915,-0.8971655,-0.3777678,-1.4324232,0.57276493,-0.2198649,-0.10882623,-0.61131227,-0.09035973,1.7204756,-0.65464824,0.30966055,1.0741947,0.49397618,-0.7880388,0.3347413,1.1760627,-1.0390828,0.37034938,-0.77124494,0.30602944,0.28835046,0.28027186,-1.5836009,0.62454623,1.0964154,0.103439406,1.3222566,2.2291415,-0.8014863,-0.7842104,0.3490483,2.0708916,0.9274954,0.482599,-1.5436113,-1.1114798,-0.63520896,0.06183544,1.5925338,0.70076066,0.20929411,1.9827725,0.3403488,-0.5718352,-1.3770349,-0.9106975,0.452153,-0.92866886,-0.43804833,1.6912576,1.6463552,1.4226356,0.88111895,0.6688102,-1.6489439,-0.49878904,-0.8560015,0.29460603,3.4104865,0.9020396,-1.715677,0.2654712,0.22418661,-0.2612176,-0.3044644,-0.26649988,-0.4482469,-1.040787,0.35229626,0.39460456,1.2241031,-0.7243701,1.7729971,-0.098920435,1.4970232,-0.11074928,-1.4106588,2.121779,-1.2185625,-0.055066925,0.17281482,-1.95422,0.44903204,-0.33492848,1.6118011,-1.2215105,0.7374452,0.5340517,-0.5438336,0.6971808,0.06472039,1.5106056,-0.23100552,1.0701423,-0.41645113,0.5267114,-0.71039915,-1.1862321,0.22255774,0.36386552,-0.15309337,-1.3143563
58,0.3025693,-0.11257355,-0.51181126,0.55834335,-1.1759961,0.7898554,1.2479745,-0.09473188,1.0241048,0.60036033,-0.7441601,-1.5336165,0.033480857,0.13528623,0.5908082,-0.4866022,0.59391993,0.09680792,0.36711115,2.2492723,0.5201398,-0.041641936,-2.6977024,-0.7523702,-1.040043,-0.3710317,-0.009758187,-0.6999381,0.18085292,-0.7539427,-0.3733823,-0.2588691,-1.5631626,0.5556688,0.70953864,-0.23869199,-0.5789049,-0.15433732,-1.2928851,1.5687021,0.18167427,0.7423404,0.3116392,0.6103732,1.4867558,1.3795654,-0.74938464,0.107692,0.12300333,-1.4737097,-0.17895019,-0.07153782,0.33214173,0.8653587,1.3095493,0.5081473,-0.49947962,-0.7469709,0.309451,0.8862493,-1.8264459,0.5838212,-0.20790394,-1.2669587,0.5989022,-0.032979302,0.28375095,-0.3588625,-0.5002964,-1.2111462,-0.5746118,-1.1331031,0.9768524,1.7291696,-0.37024486,1.429953,-0.12325954,-1.0454283,-0.85068405,-1.7065604,-0.9467209,0.99294156,0.95079905,1.561174,-0.14693904,1.3678346,-0.78950125,0.1738081,0.95660645,0.6832819,-0.8041309,0.37367576,0.114151806,-1.0959965,-0.46406722,0.3094718,1.1356992,2.2427082,-1.3986863,0.30238765,0.4554393,-0.92495966,-1.7317786,0.41281357,-0.15834263,-0.30938944,-0.7844957,0.98810726,-0.61179787,1.3547554,0.3064357,-2.6309674,1.6766706,-0.19713789,-0.5133877,-0.62452704,-0.53802985,0.49590725,-0.22044626,-0.18037325,0.49953043,-0.53370506,0.3984562,-0.046644364,-1.2698723,-0.035534635,0.35157448,-0.87976164
59,-0.27142733,-1.5718843,-0.8404038,-1.2884092,0.76464474,0.4570501,1.0187438,0.3631776,-1.4772152,1.3152002,1.7081058,0.3684292,-0.45943952,-0.5178937,-0.37594813,0.77856857,0.47775438,-1.0152942,-0.23205799,0.29470843,2.0155327,-1.0633115,-0.51597387,1.0948094,-0.16322507,-0.7719147,-1.3552147,-0.78458935,0.79119885,-0.5485156,-0.47025928,-0.3015198,-0.9554527,-1.4692601,-0.20612371,-0.7297863,-0.18343201,-0.03280431,0.25646314,-0.20865336,0.3956774,-0.1452448,0.52101237,0.35588756,-0.67259127,0.03381143,1.2228446,0.9655914,-1.2154261,-0.62730145,0.14380872,-0.21523888,-0.18955456,-0.4993359,-0.91417176,-1.0623379,0.14005469,-1.6317815,-0.75218457,2.011223,-0.77773154,0.515604,0.33844277,0.76499426,0.17290898,-0.5831461,1.7974899,-1.4023092,1.586885,0.8761402,-0.6727601,0.1610216,0.9749036,0.1547851,-0.8249966,0.49741334,-1.3096842,0.4578554,0.34717062,-0.743274,-1.1432152,0.076677166,-0.31263012,-0.69146836,-0.5967128,-0.4298306,-0.4201866,-0.7100559,0.97525907,0.9257689,0.21857357,0.50417995,-0.6570408,0.8739859,-0.7042504,0.35542014,0.47359127,0.8706921,0.34578604,-1.8072711,0.55575895,1.2904251,-0.60418963,-0.45195746,0.38339344,0.3657684,-0.31016368,0.86366844,0.4259454,1.0429449,0.35515934,0.51532286,1.2142212,-0.19063517,-0.17751902,-0.1638551,0.35776687,0.629863,-0.95374817,-1.1747699,0.49696732,0.8863318,0.6491844,-0.23669608,-0.36689317,0.8234018,0.26840973,0.5399567
6,0.9081157,-1.9134253,0.6023936,0.3492196,0.8117195,2.7113037,-0.68508667,1.9579799,1.359196,-0.7840807,1.0043892,-0.41104633,0.59493923,-1.723031,-1.4030652,0.796389,-0.587746,-1.0037338,2.202499,0.48584336,0.81490326,0.5964328,2.0997574,0.96402705,-2.1203597,1.0450183,1.7320201,-0.9250661,1.1681116,1.5229646,2.632499,-0.07510721,-1.67687,0.08438577,0.22204742,-0.52999747,-1.5246428,-1.0077295,-0.7172116,-0.2975445,0.66858244,-1.1531178,-0.67528284,-1.6844413,1.0358591,-1.0813873,-0.640916,1.1344042,-3.075672,1.7158566,1.7757287,-0.43927282,0.07484763,0.069461145,1.3022981,0.84028476,-1.5479662,-0.7985966,1.0071814,-1.1468406,-1.2197846,0.2844326,1.3715613,0.57130617,-0.42084488,0.7860393,-0.51254773,0.6590258,0.6311273,-0.7662501,1.9904011,-0.07606377,1.2370495,0.37692565,0.42213172,0.37538132,-0.053035207,-0.46729812,0.24780227,-0.40740588,-0.929536,1.3857058,1.2902403,-0.85144085,-1.574836,0.50824815,0.7781392,-2.7505603,-0.38201845,-1.4417461,1.4393499,-1.4005347,1.1949186,-0.09271127,0.5265503,-2.2992373,0.5137722,0.5838478,-0.6968026,-1.2251676,3.3937712,0.22161427,-1.1632935,-0.08930938,0.8829546,-1.420228,0.43328345,-1.1539034,0.9523592,-1.9951547,-0.75615346,0.8142216,-0.20137662,0.67392594,-0.65998286,-0.84806794,0.00025949028,1.1789734,0.8888209,1.673358,-2.3841093,-1.9815867,-0.42935854,-0.8236521,-0.58020127,-0.67565185,-0.032914978,-0.7073713
60,-0.5310782,-0.35997888,0.27448207,-0.5939206,-1.7748772,0.15305586,-1.1377097,-0.6183391,0.5027335,-1.0545841,0.26026523,1.4297199,0.4913055,-1.580832,0.8372909,-0.27910283,0.30380613,-0.2584386,0.6801126,-0.5051498,1.5671291,-0.1834244,-0.7689943,0.79084134,0.66660523,0.044809613,-1.2490712,0.64224637,0.26244175,1.2251437,0.29975367,-0.69193465,-0.6546805,0.33171755,0.6972848,-0.4007789,1.5507002,0.11590612,0.95752007,-2.0084898,-0.6426377,1.7005349,-0.8167599,-0.70095766,0.7847875,-0.15335277,0.4365923,-0.39587432,-0.4341755,-0.17295668,-0.60822254,0.9857944,0.6519495,1.5517356,-1.0108603,0.08016424,0.25305483,-0.5030851,0.007195519,0.14572527,1.6321495,-0.0334366,-0.6146372,0.11327864,-0.46335432,-0.7502962,1.1415727,-0.45122784,-0.034424063,0.59280574,-0.9668586,0.097991936,-0.8289457,0.37027958,-0.5286572,-1.2364537,-1.5717653,-0.44004378,0.001309139,0.46505484,0.031619165,0.011326978,-0.050169766,-0.30516773,0.30888972,1.1548725,-0.8844259,-0.83566916,2.081649,0.7384754,-2.4203074,0.13790038,-0.061651554,0.52963525,1.2794907,1.1724211,0.03623613,0.88064843,1.0041585,-0.30016083,-0.5207661,0.42394155,-0.68906045,-1.5811787,0.41268,-0.3972157,-0.21390659,1.3189503,0.2932474,0.26278317,-0.5392869,0.046645463,-0.5679692,-0.38010037,-0.1932711,0.57179147,0.06062503,-0.2027101,-1.0587244,-0.47550797,-0.15085724,1.4347639,-0.87940055,0.051460277,-1.1638283,-1.5646691,-0.3591014,-0.84069836
61,-1.002206,0.35570288,-1.7261235,-1.3292301,0.37646306,0.3026324,-0.069617085,0.2430151,0.30949026,-1.5553102,-0.17539862,-0.7594563,0.23754703,-1.3422822,0.7803983,-1.535369,-0.18645936,0.13331024,-0.86203104,-1.9880673,-0.49279585,-0.2389838,-1.5846851,1.4061143,-0.95271397,1.3143216,-2.1133008,-0.51787895,0.24078982,-0.81923866,-0.42231748,1.960286,1.0324794,-0.18864474,1.9147693,-0.9157476,0.008248655,2.0919425,0.2236801,-1.1908667,-0.058514178,-0.8794835,0.5686212,0.50688624,-0.26686862,0.64088273,-0.4413698,0.23599064,-0.05993854,0.36552718,1.0823998,-0.49928585,0.9674699,-1.3052452,0.087681465,0.19985338,-0.21581602,0.08407713,0.3480347,0.32425886,-0.8814849,0.49476045,0.7320436,-0.05676213,1.1819422,-0.095236726,1.0491872,1.4494895,0.12368412,2.2492626,-0.3046373,0.10702658,-1.5762968,-1.065221,0.44807935,1.2120292,0.17656235,0.72160786,-0.46293917,1.4645352,-0.55114335,0.96736157,-1.2235116,1.076237,-1.2554321,0.3878981,0.46123323,-1.1520199,-0.6307994,0.026483338,1.3652029,1.4209764,0.966129,-0.15376055,0.46286893,-1.6632775,-1.4165243,0.71924263,0.47340187,-2.126671,0.012407528,0.66078526,3.0530374,-0.057728983,0.92821264,-0.49588948,0.5813291,0.95598245,-2.4129374,0.2207777,0.4496245,-0.93796605,-1.3312205,-1.4899049,-0.664582,0.6258075,3.3816152,0.2344625,0.5835319,0.26791978,-0.6083899,-2.2744985,0.49774152,-0.6027373,-1.0954041,0.5999677,1.4841597,0.27511758
62,0.87235624,-0.42416522,0.022973089,0.6700609,0.44482136,-1.575505,1.0535964,-0.39095896,0.64813983,-1.6328291,0.43348056,-1.5326629,0.24211502,0.24690396,-1.7255893,-0.4842159,-1.5171919,0.019726599,-0.16071491,0.4518869,1.0067284,0.62700856,0.6640375,-0.56384313,0.87758064,0.19869126,-0.9571398,-0.32563528,1.0148134,-1.1938769,-0.1281523,-0.7374753,0.6737829,0.7622254,-0.8756195,2.1116772,0.17915398,-0.27300528,-0.002400768,-0.05848316,1.296114,-0.63725376,-0.9138961,0.22213563,0.24626638,-0.56663096,-0.8263859,1.6718305,0.19551966,1.2597883,1.9323211,0.5947952,-0.13567871,-0.52769035,-0.8225695,0.10091345,0.98848814,0.6606696,0.6114001,-0.022804119,-0.5690328,-1.0444906,1.146562,-1.4903346,-0.52745,-0.7858175,0.8142809,0.02872852,-0.5185255,-0.15442449,-1.1599716,-0.047105815,-0.39466357,0.2784876,-0.79704934,-0.516145,1.1770749,-0.21821965,0.50681037,1.0068331,-1.1103383,-0.62688774,0.68560416,-0.7655261,-0.09388611,-1.0107136,-1.3467298,-0.18491928,-2.137094,0.56557524,-0.3287595,-0.0991654,0.12524109,1.6209846,-0.61641735,-1.6731795,-0.7399045,-1.0468483,-1.4177386,-0.5788575,-0.06473584,-0.23496436,-0.5573644,0.067803115,-1.5367221,0.1355156,-1.0938275,-0.5998198,0.30884635,-1.2926114,0.11322564,0.19606978,-0.35843262,0.5878369,1.4221746,0.43048397,0.09901599,0.2612365,-0.23282187,-1.4614621,-1.0105143,-0.48280847,0.75013703,-1.2760289,1.0707523,0.23988687,-0.9259524,2.3165255
63,1.5235766,1.8387376,1.2246721,1.6494269,0.16231221,-1.2162439,-0.08256027,0.32566535,1.0170008,0.8499384,-1.1521798,-0.77201,1.5568075,-0.14669791,0.30109406,0.3872903,0.2324986,1.4991308,-0.20413305,0.59794056,-1.2801483,-0.4944905,1.0205909,0.124460034,0.30020097,-0.22415014,0.79092854,1.498493,1.1258842,-1.2791104,0.92817056,-0.6257753,-1.2473248,0.9763543,-0.16835324,0.09243227,0.1385078,1.2858212,-0.20803206,1.281595,0.4256537,0.7880171,-1.4692256,-0.84834355,-1.9724642,-1.6701801,-0.9275705,0.9540526,0.5678863,0.14985414,1.022747,0.42915037,-0.96284455,-0.53229666,0.29533494,0.54212755,-0.35358927,0.7023283,-0.5654069,-0.5298272,0.8046948,1.0694298,1.4247013,0.8287132,0.8804742,-0.31034625,-0.3777473,-1.2473507,0.66753244,0.059470247,-0.30396536,-0.28195205,0.18333615,-0.7689601,-0.611502,0.39151442,-0.06732675,0.7071499,0.18296319,0.5831438,1.0134593,1.08269,-0.24395248,-1.2859856,0.32122138,-0.371395,0.62072676,0.36541542,2.0670989,0.4835855,-0.5649499,1.3266008,1.102168,-0.44415602,0.83779275,2.2367384,-0.48135132,0.19226685,1.3136693,0.55610484,-0.07001696,0.090007015,-1.0257994,-0.2889125,-0.8526618,-0.62868,-1.0570089,-0.96076894,0.68993396,-0.5595159,1.5345184,-1.8565084,0.17549856,1.4568306,-2.8848133,0.028633147,-0.32113302,-0.1961166,-1.5774832,1.4596709,-1.2960354,-0.8389374,-0.24670893,-0.8687695,1.1093061,0.34398645,-0.2437648,-1.0234472
64,-0.1526921,0.1696122,-0.4252024,1.334718,0.39506692,-1.2825303,2.7095606,0.56679535,1.7894852,-0.6848932,0.011143127,1.2708756,-0.30427864,2.1566443,2.4786656,-0.34111866,0.35990205,0.76164,0.54707044,0.85661775,-0.32290202,0.9536347,0.3914505,-0.45170063,-0.031673662,-0.5428922,-1.3098716,1.3983756,0.5994389,-0.33297205,-1.3779424,0.7333566,-2.0610607,0.6190881,-0.72091115,0.9214109,0.65458405,0.6256106,-2.2206125,0.6616296,0.21306072,2.3583517,0.69598275,2.0279882,0.71950275,1.2998937,-0.04767096,1.458164,-0.54074347,0.8798139,-0.39957187,-0.31037182,-0.27846885,-0.5134054,2.4178054,-1.0600702,0.48411313,0.22998948,0.40001503,0.3848119,1.1375458,-1.8492676,-0.352219,2.400428,-1.9687637,0.2916655,0.7430037,-1.147431,0.24363118,0.01711554,0.20649007,-0.49793312,1.9342135,0.27690247,0.23526512,-1.1327953,-1.1629617,-1.4529213,-0.5670598,0.14712948,-0.66538405,-1.050886,0.54045117,1.3015258,0.15148678,-0.30715057,-2.0960126,0.37885743,0.8444266,0.034695644,0.28866008,-1.0620886,-0.17105657,-0.74672097,0.9713754,-0.48280996,0.78958744,-1.4988049,0.6843868,-1.2450957,0.36006847,-1.6361377,0.7964876,0.047552917,-0.9357893,-0.64312273,0.018951602,-0.103045195,-0.6089482,-1.3858085,-0.12074893,-0.12721527,-1.2343856,-0.7417046,0.32208225,-0.6270763,-1.0235084,0.7061137,0.5790288,0.67042285,0.3162594,1.0906512,-1.2374496,1.8277302,0.13639495,0.8688233,0.1828878,0.65049034
650,0.028145226,-1.1042843,-0.7789568,-0.99497163,-0.50043076,-0.06657402,-0.12403259,-0.6317607,-0.21887869,1.8656068,-0.77866846,-1.5292153,-1.2415558,0.49584034,0.31270692,-1.1999401,0.031280562,-0.40053713,-1.3948342,0.093203686,2.5582507,-0.4436312,0.95156574,1.1473272,1.7647923,-0.97337776,0.22025345,-0.7550456,1.6189175,-0.30028325,-0.1965227,0.43429765,-0.4051893,-0.074885055,0.44624326,-0.28629306,1.3177422,-0.6067864,1.8888305,0.024743235,-1.1112229,-1.217076,-0.008267118,0.17463894,-0.41664785,-0.64468545,1.1283437,0.49172208,0.0025898134,-1.1800202,0.6654665,0.25859332,1.1663008,0.44448793,0.91270643,0.17366,0.9162939,-0.48645374,-0.22870645,-0.2997458,1.5185318,0.85476995,0.39416286,0.035829883,-1.8860469,-1.9605151,-0.35512704,0.75761443,-0.67629975,0.82374907,0.708008,0.2153919,0.7325723,-1.2701242,-0.38957366,-0.9849605,0.40268147,-0.7162367,0.00035381733,0.33536777,1.0646558,-1.0447083,1.6391534,0.22426826,0.19635099,1.3887091,-0.77717716,2.005293,0.37082988,0.16017625,-0.6660686,-0.5184117,0.16753927,0.50581396,0.18152031,0.027702905,1.0279319,-2.2985992,0.33837447,-0.3161554,1.4315711,-0.27020046,-0.20885262,-1.0522096,-0.5334277,-2.0368383,0.569195,-0.70995075,0.5926988,-1.9169042,-0.3222889,-0.99257827,0.43152303,0.5729612,-0.48463613,-0.34158918,0.57454985,-2.4373562,0.64758354,-1.6439954,-0.19196065,-1.2315513,-0.7267738,0.45878914,-0.022608273,-2.083758,-1.6337729,-0.04028486
651,1.6382757,-1.5685158,-1.3473684,0.40745702,-0.40374717,0.32709807,1.0712,0.6249059,0.33672112,-0.1491616,-0.29742682,1.2204665,-1.8171023,-0.8863206,-2.7785475,-0.32613093,1.4382329,1.3893756,-0.6091365,1.3089695,-1.489022,1.6164217,-0.8001465,0.825659,0.14017396,-1.4323578,2.022121,-0.80813634,0.109435186,0.1829602,-0.11298555,-1.3384585,0.381188,1.2025583,1.0096705,-0.16090468,-1.0211304,0.17124261,-1.324856,-1.1369841,-0.6671639,-0.31911632,1.3369858,-0.8895007,-0.4900416,0.60590976,1.5576956,-0.37645417,-0.43928772,0.5103546,0.43766287,-0.05649998,2.4266553,1.0169059,0.14187753,-0.32715604,-0.70139325,0.73943585,0.9307665,1.3632549,1.5514604,-2.1283333,-0.552498,-0.44210216,-1.3886629,-0.30740497,-0.8100152,-0.47975996,-1.721858,-0.6650208,-0.94435877,0.30092967,0.12607889,0.45106766,-0.90431046,0.2098195,-0.4428269,-1.0927118,-0.10980654,0.77257526,0.06553994,1.9709532,-0.27580753,-2.3501713,1.5137007,-0.3065052,0.27667207,2.1416502,0.10332586,-0.42462495,0.30449837,0.12489167,-1.0220321,0.40945444,-0.58305216,-0.3548921,-1.3262349,-0.8804497,-0.3888074,0.6960985,-0.08893349,-0.7436234,-0.66859156,1.6918417,0.45898485,-0.096964315,0.7789641,-1.3074267,0.5178037,0.3223146,0.61402977,-2.570798,-2.0334096,0.5843109,0.7938956,0.244523,-0.9262892,-1.4326934,2.3293936,0.12692995,0.752283,0.94065607,-2.1957445,0.44637182,-1.2816375,-0.44115278,0.11814944,-1.3742157
652,-1.5377176,-0.5669958,0.0716995,-0.7702452,-1.1517735,-0.901586,-1.243868,-1.3684485,0.6064492,0.7686299,-0.14705199,-0.36625212,0.36488658,-1.1991578,0.50421274,-1.0082622,-0.19759943,-0.017674029,-0.34594816,0.094402865,0.27459243,1.5021663,-0.18113805,0.6829515,-0.8110683,1.1217078,2.3939335,-1.0080512,-0.80979115,-0.4622205,0.13592225,-2.336591,-1.7249928,-0.06392591,-0.9092585,-0.42249054,0.9855077,0.60301286,0.15126236,-0.11150837,-0.8110721,-1.0253851,0.8478558,0.3876751,-0.268945,-0.91459405,0.5776319,-0.3031955,-1.2529687,1.8508188,0.081537366,0.87132025,-0.73326087,-0.25009874,-0.8578392,0.7778737,-1.2972771,1.328486,0.80767703,-0.82319075,2.3927624,1.4976524,-1.5012823,0.42812327,-0.55336463,-3.503704,1.6181785,-1.0379624,0.9435163,0.808755,-0.5848654,-1.001621,1.1907982,0.46237782,0.80482715,-1.3519363,-2.6416261,-1.522308,-0.7665442,1.4399583,-0.595635,0.09298835,0.5678136,0.16969246,-1.1441267,-0.29436943,1.5470625,0.45355964,1.3982053,-0.48927695,1.1880947,0.15340249,-1.042555,0.32007277,0.2748278,0.9647581,-1.2123941,0.4702818,-0.8598299,0.22941637,0.53534615,-0.6653441,0.98073226,0.958865,1.8953315,1.34674,-1.1742135,-0.8698566,-1.7168742,-0.69373834,1.7746631,0.39939064,-1.1633501,0.8823518,0.7173932,0.36691684,0.87035257,0.54129314,-0.77535164,-0.19086055,-0.6827768,0.36136672,0.03695263,1.3714936,1.5376128,0.07494204,0.25106812,-0.8746637
653,-0.68524265,-0.52212393,0.071414284,-0.3413825,0.74717385,-0.15919344,-0.059438955,-1.2712923,-0.4446616,0.13277414,-1.2999161,1.2349871,1.1197689,-2.363593,-0.9401476,1.205443,-0.22235902,2.106954,-0.8918634,0.8478001,0.4988112,-0.41207072,-0.9048057,-0.4517661,0.7340047,-1.4801595,0.20781037,-1.7566577,0.1005515,-0.6883624,-0.32531533,-2.2777944,0.3837402,0.6465512,0.47330794,-0.118598156,1.1186445,-0.28204829,1.1327071,-0.66756904,-0.27020988,-0.72438365,1.9723465,-0.91899335,1.6067411,-0.123105064,-0.06237116,-1.6218388,0.5043163,0.7776435,-2.3162642,0.1948601,-0.44921127,-0.56574583,0.6117703,-1.9449404,-0.22630502,1.9786242,0.78141475,0.2490878,0.8879512,-1.2086047,0.22184661,-2.0554714,-1.4400094,-1.0006642,-0.5922735,1.1311332,-0.8933941,0.5221237,-0.07037787,-0.8933592,1.5551763,1.5296676,1.6601776,-0.16417323,0.271011,0.14623189,-0.2669064,0.0636901,1.0169877,0.31870776,-0.9662221,0.6231467,0.5629555,1.5005862,-0.19943002,1.0827162,0.5155487,-0.9571181,0.7606551,0.3337814,0.40305263,0.26009563,-1.1366775,-0.40645555,0.6540631,2.201307,-0.47451276,-0.99945366,0.8259926,0.5303236,-2.1478083,1.348757,-1.7116816,-0.05574486,0.89000577,-1.1587499,1.2074525,1.8326638,-0.7172743,0.04000132,-0.3697428,-0.52351415,-2.8650491,-0.13810536,0.17848219,-1.7903204,0.14006609,-0.4383689,0.1225522,-1.415784,0.31155837,-0.6173128,0.47039708,-0.5465531,-0.77531445,0.77337945
654,0.16882943,0.066020496,2.5133865,-0.61113656,0.13276926,-0.36911604,0.54878086,-0.17317632,0.61705995,0.76115334,-0.25141132,-1.0004126,-1.329017,-0.03555142,-1.1049078,1.5978436,-0.96539414,-0.2785322,-0.25809804,0.5812509,1.1895975,-0.7965253,1.7494904,0.81993914,0.5113012,1.8952336,0.48330912,-1.1691196,1.335814,-0.26555073,-0.11565731,-0.032489013,-0.33394206,-0.40251085,1.3757684,-2.9928963,1.2063227,-0.40587628,-0.15307523,2.0439198,-0.55306476,0.32654166,0.5146087,-0.19450943,-0.94754213,0.9497663,0.62274617,-0.08694393,0.30420837,0.85797596,0.68805724,1.9921416,-0.28831828,1.6054877,-2.3702798,-0.9951732,-1.265499,-0.06462083,-0.62035155,-0.77610886,0.30346668,-1.3686175,-0.5025382,-0.45646346,-1.4175063,-2.6467931,-1.6947643,0.0060538966,-0.58514905,0.63158333,1.3418232,-1.0490775,0.20196617,-0.62124383,1.4924113,0.93465406,-0.8812024,-0.47899014,0.8077405,-0.63373744,-0.11014049,-0.43951678,0.9767367,1.2366827,-1.1010485,-1.3068495,2.527081,0.68640697,-1.1966287,2.1358209,0.009747245,-0.17098106,0.10002384,-0.46752393,-0.016206348,-2.574936,1.6371797,-0.098917626,-0.45186388,-1.2799441,-0.35026985,-0.31539622,0.29323474,-0.48604882,-1.1304328,-1.009119,1.099353,1.4066734,-0.8406832,0.15043493,1.743303,-2.154454,0.1409865,-0.37764624,1.6945224,0.036898654,0.6339782,-1.0339953,-0.74751854,0.19834378,-0.63345265,0.7556558,-0.17610331,-0.45417756,-0.9088273,0.696454,-0.6001514,-1.2333207
655,0.4626943,1.5586007,-0.034014396,0.73468506,0.12673326,1.5112044,0.31075084,0.19450784,-1.334093,0.67083573,-0.34763366,-1.287738,0.07190369,0.30791667,1.0388104,0.25050688,0.30097553,-0.62831724,1.5834209,0.57896316,-0.28432974,-0.7911301,-1.5372764,0.24123469,2.3244,-0.5628814,-1.7218089,0.1436531,-0.5759236,0.44481412,2.4050183,0.78886324,1.0743715,0.6704234,1.2217437,0.29947668,0.6891652,1.6281037,0.27906334,-0.45605817,-0.6561318,-1.0909264,1.5374541,0.44880393,1.4892316,0.15765116,0.06747005,1.0282071,0.12808783,-0.69169843,0.4808468,2.2973561,-0.29285732,0.62284446,0.271505,0.43239948,0.39446485,-1.3237653,-0.76246494,-1.2926669,-0.55716956,-0.09741565,-0.13599558,1.5431724,2.2298427,-0.8969209,-0.09785819,-0.62189686,-1.8054204,-1.4369282,0.82412374,-1.4841524,1.7270683,-1.288664,0.3131426,0.9170517,-1.0084541,0.29460642,-0.37639835,-0.54902256,-0.94579375,-1.5663247,0.33253413,-1.2088083,-2.105211,0.98678297,0.07175327,0.83926874,0.028201306,-0.58278537,0.5995262,1.2207576,-0.27101058,1.0285964,-0.89892745,-1.0906966,-0.008085004,1.1006726,-1.2140127,-0.8680706,1.5448747,0.8491714,0.83317435,0.13077876,1.227636,0.14915691,0.91936255,1.6143775,-0.2825121,-0.69683975,-0.27303627,-0.7364735,-0.1245784,0.3872701,0.75045925,0.16662747,-1.3105481,1.7175988,0.31912288,2.7216725,0.451339,-0.17230426,0.3878638,-0.41700128,-1.7862319,-1.0444661,-1.3562818,1.0793326
656,-0.836489,0.7294706,-0.7280396,-1.7711539,-0.49007478,-0.59027207,-0.6452491,-1.3647032,-0.27514952,0.9412696,0.53630865,-0.5114781,0.82299155,1.7913754,0.40906766,-0.6607642,-0.3754866,-0.109931484,0.8994247,0.35525882,0.43875,-0.2715913,-1.4284953,0.35720822,1.303205,-0.8113015,-0.5575888,0.14961252,-2.3423402,-0.9790547,-0.78573495,-1.1126182,-0.33603966,0.6550126,1.0703652,0.57222444,-0.84967285,0.8302139,-0.97003746,1.7618171,0.2101797,0.034846604,0.39167354,-1.1549164,0.24133907,0.56399465,-0.2526619,-1.1175623,-0.020491615,0.7697019,-0.57742405,0.55194664,-3.0009365,-0.55852276,0.6558983,-1.1733043,2.075781,0.1396345,0.117081724,-0.0662572,-1.0103015,-0.08849969,-1.7357432,1.3979003,-0.33444482,0.22319165,-0.45066667,-0.5578349,-0.8131002,1.1552907,-0.1594307,1.6489161,1.8275646,0.028233709,-1.384694,1.7044115,-1.4133884,-0.18515636,-0.54764,-1.3796172,-0.80921555,-0.4466061,0.4199988,-1.2472986,1.0365655,1.8145193,-0.31686094,-0.46570832,-0.94184947,-1.5110838,0.31872973,-1.3342314,-1.9746488,0.2543312,-0.11369186,0.10656482,0.30352265,-0.45873088,-0.24178047,-2.2511725,-1.5990595,-0.30045295,0.85473186,1.0214403,0.3877232,1.249011,0.2454733,-0.6135062,1.1856858,0.34057915,0.81092834,-0.44914943,0.46841335,0.64311457,-0.56308806,1.1696843,-0.19241995,-2.162062,0.33717102,-1.0357931,-0.68527347,0.24739593,0.11952162,-2.7236707,0.27892154,-0.6668425,0.5314497,0.5261693
657,0.90979016,1.1597311,1.0828334,0.3243486,-0.6960051,-1.4172518,-0.67240375,-0.15167564,-1.2694308,0.9641983,0.5336783,1.1361177,-1.1947545,-1.2377077,-0.64738125,1.0627198,2.3740985,-1.10082,-0.55905914,0.61615264,0.80676836,-0.6345301,0.43698618,0.58403844,0.82299787,-0.55798477,1.711495,0.9883556,2.3498266,1.3012959,-0.44710425,-0.22887754,-0.40535018,-0.85023636,-0.81938016,0.62092125,0.50467837,2.3401263,0.70407045,0.95508116,-0.16813125,-0.5004909,-2.0950248,-1.371665,-0.38513005,-0.17682749,0.5376378,0.38533518,1.4365324,-0.7147031,-0.10692069,-0.062243875,0.36863664,-0.17498451,0.5908882,-0.120664254,1.0356961,-0.58988965,0.47968167,2.970451,1.1339253,1.2997627,0.32567662,1.831202,-0.44190562,-0.6336925,-2.0769012,-1.0287524,-0.31670383,0.5553042,0.040589713,-0.59302694,0.3223654,-0.72095656,1.75186,-0.38025144,-1.3048348,-0.39684328,-0.19927533,-0.38858065,-2.3203797,-3.256392,0.015600766,-0.07909338,0.3619293,-0.6464353,-0.55342066,1.0643405,-2.0731657,-1.0798299,0.9401235,-0.4197595,1.9687185,1.415255,-1.5933918,-0.6815281,2.3690798,-0.04330689,-0.020434074,1.3326688,0.24192846,0.5952577,0.5062657,1.8722944,-0.8770244,-0.821941,-1.9068105,-1.8713205,-0.5884765,-0.13405894,2.1708553,-1.0132895,-0.5080438,1.4272165,1.2088788,-0.8891587,0.98501,0.7189634,-0.9480446,-0.8727925,-1.2388765,-0.11163526,-1.0147847,-0.038440112,-0.3291731,-0.44962466,0.040935464,0.7166079
658,-0.1160434,1.104848,-0.6207759,-0.875946,-0.9798424,-0.36518398,0.6451835,-1.6242397,1.9406713,-0.30396137,-1.7177784,-0.15369962,-2.004511,-1.7755573,-0.20565602,-0.63757217,1.8997668,0.9194672,-0.91471726,0.61365145,-1.3735708,-1.0322447,-0.88043046,1.7707747,0.154302,0.75060326,1.5001018,-1.5946246,1.0082229,1.7633461,-1.2186217,-1.3940185,-1.3108317,-0.03406099,-2.4341297,-0.069209024,-0.68381584,-1.2216837,-1.084077,-0.67000014,-1.1436704,-1.188776,-0.19127728,0.44943205,-2.2138872,0.24587245,-0.15566312,1.1091944,-0.23767325,-1.3759848,0.188807,0.39168146,-0.02771556,-0.33121544,0.0078112725,-1.3313986,-1.6144774,0.26222003,0.47288728,0.47474226,0.40061986,0.43535498,-0.5975264,0.70388126,0.5914927,1.5532513,-0.7451503,-1.6838641,0.3971144,-0.7931532,1.9510055,-1.4181045,0.24473989,-1.0047687,0.16243222,0.111131825,-2.292078,1.7757262,-0.06252962,-0.8497356,0.06379599,0.20549783,-0.43741944,-1.848468,2.605002,-0.6130609,-0.9075847,0.1085755,0.64357334,-0.46855867,0.7898589,-0.47238886,0.7722822,-0.7390908,-1.1183798,-0.08162984,2.398776,-0.37079242,0.7808242,0.058834467,1.0170211,-0.6331215,0.22756247,-0.5914204,0.28543648,-0.017441608,1.1494186,-0.95520025,0.53853357,0.35224196,1.0613681,-1.5487366,0.69565254,0.6121446,-1.0178907,-0.501827,-0.14947762,-0.647621,-0.07874371,0.06575988,1.152771,-0.0066848653,0.83504814,-0.35987106,-1.295215,0.260288,-0.024027945,1.8393172
659,0.2639705,-0.53754604,1.3666545,1.160961,-0.32436877,0.54994565,0.09915387,-0.23270164,2.8584168,-0.33790544,-2.4380498,0.90619344,-2.6568546,0.17277238,-1.821496,-1.4634804,1.335018,-1.7804283,-1.6072228,-1.7063564,0.48394188,-1.958064,-0.24418648,1.3952544,1.8811442,1.4746624,-1.5909611,3.1142447,-1.2615539,-1.8427688,1.2158366,1.6699259,-2.0921154,0.79858375,-2.2615058,-0.056374718,-0.22286442,1.3842913,-0.28960723,0.97268236,-0.1635663,0.18538296,-0.3302487,0.2701172,-0.28773773,-0.89479285,1.5627486,1.7379793,0.57452035,-0.28014475,-0.047001034,0.9779891,1.6549152,0.018998303,0.78485674,-1.645743,-1.217551,-1.1420484,1.580819,-1.4465826,-0.23853378,0.99371165,0.015386488,-2.8737757,-0.6125232,0.7629779,0.7708006,-2.4572618,0.47893223,-0.66904557,1.2613841,-0.6274551,-1.1077484,-1.2177436,0.45673347,0.083226666,-1.058981,-1.8672293,-0.0787728,-0.2501296,0.22503905,1.4114887,0.45474216,0.079136066,-0.67275107,0.79830545,-1.7342529,-0.995307,-1.7303803,1.719371,-0.014523915,1.3658041,-0.42955494,0.71920073,-0.40134558,2.6719208,3.5004313,-0.9777286,-0.70703745,-0.36672127,-0.7809509,1.4415576,2.8791585,-0.11675088,0.36278442,0.3893711,-0.83851033,-2.241989,-0.97297055,1.3885872,-1.4027388,0.026906502,-1.6020491,0.8926098,-2.0023642,2.332203,-0.1949982,-0.28190577,0.24745668,1.5879273,-1.2486039,0.21184143,0.16350684,0.37381145,2.1350121,-0.99387497,-0.5895997,-0.9265199
660,0.59888613,0.83963484,-0.7468686,0.16279437,-0.075839795,-1.1788442,-0.94009507,0.8411872,0.59786296,0.4724195,1.6148444,0.9932462,-1.6559982,-0.83395064,-1.2342364,0.48466507,-1.260486,0.16063388,0.009926802,0.51552516,-0.45485052,0.010066932,-0.19287483,-0.7056336,-0.42320305,-1.084937,0.7015724,0.40451938,-1.0778713,1.4647925,0.39514577,0.34998605,0.12268241,0.19333942,0.28908306,0.83630604,1.4636881,0.38011003,2.157412,0.46979392,0.7567109,-0.6075722,0.6320667,1.7538207,-0.8389243,1.1030676,-2.713104,-0.5400592,-0.32772908,0.58755136,1.5232043,0.008266555,-0.5754733,-2.0536222,-0.2458705,-1.1149783,0.4193571,-0.083635874,2.0578575,-0.39795798,-0.64173096,1.1447232,0.28126532,-0.34132558,-0.49707192,-1.7068267,-0.06826262,0.38653672,-1.7942015,-0.6298647,0.42677537,0.30739665,-0.6753003,-0.39083636,0.85688007,1.0352838,-0.743737,-0.71383685,0.13065816,-1.3790215,-0.70307696,0.07908789,-1.7752172,1.8075954,-2.171929,-0.51529783,-0.47558838,-1.2275587,-1.1073406,1.6539677,0.7480255,0.67356294,-1.3523862,-1.0426812,1.9374022,-1.3700051,-1.8826684,-0.029811118,-1.0880159,0.120405845,-0.11532351,-0.5232783,-0.023365028,0.97992516,0.60763985,0.37563008,1.6502285,-0.4030013,-1.0712442,0.6843077,-0.5107676,0.7456546,0.055376455,-2.1068447,0.11719547,-0.4471622,-1.0220715,-1.2071911,0.3689007,-0.6789573,0.23435211,0.7217885,-0.54396236,1.9873435,2.5342443,-0.41970956,-0.8423684,0.091455296
661,-0.59215486,-0.13818061,-0.29614896,-1.6438586,1.3666339,-0.0036701711,-0.35901225,-0.09862376,0.75168365,-0.20002328,0.5549136,-0.7592495,-0.30270696,-0.94262075,0.41746834,0.7419726,-1.0345333,1.0442551,0.8204021,0.18834406,0.3905733,1.5466266,1.0343401,-0.12089803,-1.274778,0.13228495,-1.6160662,0.5205096,0.12423456,0.32123747,0.11401892,0.54275465,-0.17257455,0.23515789,-0.2919641,0.9972926,1.7458754,1.0343525,0.31625652,-1.3132616,-2.0793517,-0.38677773,-0.34738517,1.713601,0.62941456,0.9768155,-0.48392016,-1.1645384,-0.47227755,0.3891622,-1.7662781,-0.059502445,0.8534676,-0.46559992,-0.6393064,1.8210391,1.2321552,-0.8602095,0.38093975,1.3822411,-1.952462,-1.0036066,-0.058632042,1.7864356,1.0334879,-0.99497133,-0.19495927,-0.35947123,-0.45582116,1.7613796,0.35146362,-0.48972216,1.1646123,-0.7011963,-0.6352795,-1.234714,-0.43371165,0.105659485,0.18100743,1.4710784,-0.11041123,1.3798463,-1.3905838,0.02809141,1.7085848,1.417536,-0.07420179,-1.0986055,0.83032984,2.0421689,-0.48864928,-0.8135372,0.8376358,-0.11027991,-0.045149446,-0.38549054,-0.11603518,-1.2715957,-0.15470508,-0.12797694,0.14846914,1.3604479,-1.1444755,1.8555325,0.031651024,-0.30221,1.1483171,0.42089918,-0.4627174,0.36525303,0.06497255,-2.539506,-0.5869361,-0.19717601,0.03543792,-0.7937834,-0.45505962,-1.60641,1.2571304,0.017013444,0.42698607,0.084296495,-0.40190884,0.37827894,-0.79527706,-0.7714926,-1.2942142,-1.478481
662,1.8731331,-0.7454564,0.5121859,-0.39577973,-0.512251,-0.00086143543,-0.27649778,-0.056095444,-0.43894634,1.418644,0.33087206,0.5321718,0.33141676,0.69886786,1.392967,-0.9723518,0.8580178,-0.36062187,1.4696953,0.57669294,-0.5705626,0.25818372,2.0253956,1.4023526,-0.0140175,0.0942333,1.6587677,-0.98794836,1.3809284,1.9649758,1.1415538,0.117547914,-1.0446334,-1.1512965,-0.97689825,-1.0504334,-0.019800192,-0.96893156,0.5826602,0.5605205,-1.4368659,-0.49102515,-0.43168756,0.5416787,1.4838183,-1.2139156,-1.4599515,1.2342558,1.1029521,-1.0799469,-1.0056336,-0.6054776,-0.18515572,-0.1073433,-2.2142944,-0.22431245,-0.6523076,-0.14833465,0.46388456,-1.2348244,0.97476774,-1.2542573,1.8764654,0.50853246,0.16284135,-1.5634887,-1.1828797,-0.54092693,-1.0834061,-0.72234833,-1.073602,-0.8361219,-0.7213677,-0.8860389,-1.2984122,-0.4360935,1.7512895,0.8096931,0.42229918,-0.61960423,1.404042,-0.173238,-0.24230991,-1.6300918,0.6461636,-0.33428878,-0.9567232,1.0673459,0.110549,0.59358823,-0.80880284,1.0542363,-0.9281362,0.58773625,0.39755058,0.8177486,-0.5490238,-0.19525477,0.094075575,-0.56830436,-0.7518113,-0.82844174,-0.08794375,-0.50944555,-1.5184296,0.068603,0.8789721,-0.40367052,-0.457196,0.6239642,1.903203,0.5734126,-1.3984463,1.1296856,0.34803113,0.08805032,-0.08415565,1.139171,0.36364418,-0.588466,0.54361427,-0.0002447401,0.85596925,0.32390684,-1.881239,-0.323934,-0.3187281,-0.9101584
663,-1.1234571,-0.9386283,-0.48992297,0.23436858,-1.4397969,-0.54888654,-0.6685978,-1.0980093,2.1674323,-0.26006263,-2.2996426,-1.3727539,-1.5221308,0.8636929,-0.8345787,2.7218826,0.50340176,0.4761659,1.1074944,-0.15071124,-0.0970614,-0.6195646,0.069647126,-2.291075,0.028371569,1.0305116,-0.28901824,0.0044770865,0.47905466,0.23561698,1.0063417,-0.21037778,0.38102043,0.926614,-0.98528844,-0.69753027,-0.63190514,0.8149373,-1.6571858,-3.0714116,0.64088583,0.6749276,0.000677566,2.243003,-1.6467327,-0.47358212,-1.0107656,1.3670613,0.7526727,0.036305103,-1.1486622,-0.644827,-0.35574794,-0.2549058,-1.4952105,0.7518598,1.3194853,-0.335682,0.4899729,0.64919204,-0.67984617,-0.6433989,-2.534488,0.15427001,0.02292717,-0.8021016,0.8131069,-0.34695554,-0.9915613,0.73934996,1.0300689,0.8167841,0.7807132,-1.0603775,1.9450333,-0.06609557,0.6836931,-0.85578245,0.14559093,0.89578176,-2.0675735,-0.51298904,0.5657693,-0.5479516,0.31209835,2.3830826,0.28393233,-0.42548117,-0.8103749,2.9420075,-0.8021105,1.394644,-0.8644435,1.2218057,0.91404396,0.62555,0.8073986,1.7585511,1.4669142,0.6392443,-0.5745876,1.5436201,1.6414626,0.15833427,0.8706517,2.883958,-0.45350304,0.06500269,-0.081625074,0.24161983,-0.22126192,-1.7820365,0.95122385,0.66952413,0.27193728,-0.77561563,0.24031077,-1.2840937,0.4994061,0.7988903,0.06732811,-0.81632626,0.774593,-2.0018888,-1.0345148,1.2877574,1.3555459,-0.1868528
670,-0.7202073,1.3243308,1.1108193,-0.27103657,0.15145741,-0.5522631,1.8752543,0.4096867,0.31037897,1.9302602,1.1585314,-2.2588685,1.9528892,0.5351523,0.107567154,-0.15590149,0.036058713,-0.49869636,-0.88719314,0.23184834,-0.16182669,-0.73255426,0.6468497,2.1716776,1.6583267,-1.9447882,-1.441978,1.0214716,0.8366487,0.6798265,0.18287668,-0.15508793,-0.6760284,-0.48247388,-0.5086443,-0.53873026,-1.6555251,0.10428893,0.7572439,-0.42719498,-0.0016237772,-0.57634413,0.34728277,-0.876976,-1.8465613,-0.43829292,-0.9309509,-0.11987903,0.24233854,0.4669587,-0.20949386,0.32500124,-0.5800235,0.41546628,-0.14384717,-0.20945546,-0.78878754,-0.9289941,0.6838844,1.2927388,-1.1437124,-1.1086307,-0.20465934,0.28638962,-2.3892803,-0.33864275,0.72843486,0.9369521,0.6107592,-1.2438247,0.80483204,2.4712155,0.06516194,0.71496904,0.78562903,0.06248268,-2.0228138,0.8282469,0.62377745,-0.57116956,-1.8893238,0.13922505,0.40603316,1.0730139,1.3916622,0.1073505,0.31709746,-0.5915314,-0.65019435,0.25828847,-1.4235921,-0.03228214,0.19184555,-0.8291991,0.6311957,-1.4321582,-0.23193768,-0.18473437,-0.38506562,-1.0217873,-0.43574843,-1.0145171,-0.312085,0.24732324,-1.0346793,-1.6946079,0.26066223,-0.058838177,0.26943824,-0.5130734,1.2212579,-2.4867244,2.3011494,-1.4677811,-1.1640296,-1.3170224,0.14915426,0.51466864,-0.08661736,0.38859192,0.4373492,-0.6973337,0.13005957,0.03203048,-1.3032025,0.30457073,0.9354501,-0.13775629
7,0.24307853,-0.5812332,-0.97904617,0.67921996,0.06779346,0.5379584,-0.5923603,-0.25639364,-0.8641846,-0.38680342,-1.3917067,-0.45359874,-0.28359696,1.3554734,0.29956585,0.870668,-1.254377,-0.74177486,0.7914097,-0.9142374,0.4910351,0.29948968,-0.3233152,0.8465681,-0.8555625,0.45540845,0.06478627,0.5065821,-1.5222731,0.63504606,0.1489831,1.8760504,0.08359533,0.89965767,-0.9698682,-0.56893736,0.17812522,-1.3724297,-0.19981997,-0.25883394,0.9021258,0.62854165,0.42409974,-0.6113807,0.4699399,0.6313168,0.4142418,1.0133384,0.6294442,1.3625532,-0.6705695,0.05915407,-0.19376773,2.2802627,0.59576535,-0.059953935,0.080917336,-1.0836886,0.64785635,-0.49013543,-0.0501108,-2.0935223,1.1623087,-1.1434582,0.028117403,0.16568935,0.23243894,-0.16581553,-0.6888141,1.0811838,2.4971569,-0.34820226,-0.6342897,-0.51339066,-0.944373,-0.2434332,-0.71028465,-0.23309259,-0.72391635,0.4676463,0.68008304,-0.6962858,-1.0793877,0.8512755,0.45894456,1.3604317,-0.809319,0.46734157,-1.4034287,1.5065889,1.2874773,0.4188699,-0.70463485,0.22189571,-0.93242306,0.9355802,-1.3448454,-0.27343497,2.1501615,-0.47652048,-1.4415965,-0.571138,0.19357711,-0.3689644,1.4337221,-0.3283829,-1.2305458,-0.05918922,-0.03506184,-0.5836842,0.5310501,0.68132514,-1.549012,-1.7406129,-0.63316476,1.2306685,0.59537625,0.653169,-0.9473218,0.16953318,-0.6027121,-0.17908326,1.1304126,-0.848373,1.4414194,-0.5463261,0.93986374,-0.34222564
76,0.7963134,-0.01572769,-0.24514706,-0.63253534,0.5287825,0.39429367,-0.66062844,-1.3576509,0.6993437,0.15199327,-0.63907886,1.4992905,-0.9439402,0.34892476,-0.47132644,0.8404685,0.7492777,-1.4439962,-0.0400284,-0.8164156,0.79398644,1.2307721,0.08033928,-0.5732968,0.55544937,0.67063814,-0.7182194,-0.68197006,-0.54594284,-2.5513542,-1.996769,1.3594416,1.4839555,0.41362235,1.542422,0.82691807,-1.2167116,-0.0340319,0.96710753,-0.70776844,0.9268677,-0.7077433,0.6200645,1.3152053,-2.0957506,-0.08899693,-1.0749649,1.3828405,0.6789833,-0.20735092,0.40356317,-0.393576,-0.011618165,0.2872192,1.2926586,0.93540204,0.14512034,-0.41790476,0.05029893,0.042671982,0.3611966,-0.55301946,0.28246915,0.22907756,1.4188702,0.18942694,0.06718429,0.18757172,0.7739722,0.23168188,1.7760988,0.50269175,0.22653444,-0.7323722,-0.47859654,-1.0507072,0.12740126,1.6330613,-1.4897087,-0.9412912,-1.5772034,0.20493253,-0.015168413,-1.8103819,0.020042624,1.0514262,-1.584841,-1.3448337,-0.052426238,-1.548156,-0.1927464,-0.31924698,1.2205874,-0.57602125,-2.2050147,1.0892339,0.4893653,-0.15433691,1.5044183,-0.84029263,1.1276366,0.33328655,0.19780874,-0.86943763,0.3130439,1.0125719,-1.0391278,0.3434667,0.17146195,0.24796702,2.0871334,0.4987377,1.6914847,-0.63884753,-1.0761887,-0.61492294,-0.2625365,1.701865,0.1954088,0.8866119,-0.16053073,-0.069919646,0.68898296,0.301402,-1.089123,-0.41305676,0.38924393,0.5628543
77,-0.6260191,-0.031065473,1.3214813,1.6948111,0.08511564,0.25079682,0.03680928,0.064193144,-1.4236994,0.022251265,1.7586994,-1.0104061,1.9059299,0.38460165,1.6860548,1.0063256,0.081171416,-0.8030293,-0.39020434,0.8126355,-1.2544074,0.9136891,0.037060827,1.0213249,0.5626655,0.06921713,0.32225657,-0.7124718,-0.5772095,0.023179583,-0.94435465,2.1500657,0.6046473,1.6941797,0.4969657,-0.83061713,1.0900592,-0.19232169,-0.92244446,0.5441769,-2.0307963,-0.8305948,-1.8433574,-0.29810792,-1.0841933,1.2344687,-0.45301,-0.020161392,0.063240595,-1.5189456,-1.4139408,0.42815444,0.60838443,-1.4829843,-0.4693741,1.4114296,1.0344343,0.18355243,0.5360023,-0.6025991,-0.08726763,-0.20811412,-0.19159892,1.1442486,-0.7702336,1.5426697,0.93494767,0.17253992,0.36652806,0.64436996,0.41046685,1.6962407,-0.3310853,-0.6215373,1.8968776,0.5754998,1.5683473,0.13717696,0.8577614,-0.56639796,0.69106317,-0.10335797,0.06526755,0.26173368,0.44402125,-0.37947488,-1.9655086,0.33082244,-0.4497814,-0.50495166,-0.24893886,1.1963038,2.1820338,-0.52794677,1.8764879,0.8880959,-0.3650826,-0.37800717,0.2490334,-1.1480039,-2.6820683,0.047385536,0.8971019,-0.24310282,-0.59726787,0.38856387,-0.17351787,-0.9342979,-0.056535665,0.9308336,-1.2697698,0.00854373,1.5771343,-0.02685985,0.69174343,1.0394545,1.1770501,-0.93238103,0.6337567,-2.0568776,0.08823416,-0.25118792,-0.7091012,0.95033896,0.51371855,-0.28422156,1.2215387,-0.09590803
78,-1.3387219,-0.35901478,-1.1480272,-1.0447842,-0.40001193,-1.338624,0.6786344,-1.3272384,0.35366088,-2.1458352,0.42048374,1.2817303,0.12761475,0.07153356,1.0222249,0.29491258,-0.22765122,1.115686,0.8583099,-0.7499908,0.52767015,1.397545,0.56695133,0.62038445,-0.9333666,0.45480144,-0.38608506,1.4142934,-0.047666114,-2.0012937,0.7046348,-0.60308444,-1.4635746,0.92375094,-1.0728114,-1.3291612,0.2606764,-0.1183878,-1.0118545,1.1439763,-0.91821355,-1.0017102,0.6377045,0.7416924,0.43628648,-0.4052909,0.23262554,0.61735344,0.48075357,1.4879858,-0.5675008,-2.784302,-0.96861345,1.0811504,0.16409442,0.5474283,-0.06919027,2.3923416,1.2130716,-0.4602857,0.29460856,0.21786325,-0.66206616,0.07549472,-0.36617392,0.44312793,1.9041326,1.3443334,1.6253247,-0.14956975,-2.9780977,-0.10924671,-1.0152475,-2.565503,-0.56168467,1.1775781,-0.76985306,0.54768896,0.7215646,-0.822791,-1.871759,0.71032524,-0.699281,0.98272043,0.3237841,0.33383676,1.114947,-1.355927,-1.0684755,-1.5674932,1.7234994,-0.37759355,-2.1439683,-0.6144685,-1.6859785,0.7866206,0.8921778,0.96079355,-0.73541766,1.2549686,-0.47846076,-2.66293,0.95320755,0.94310516,0.33147657,-0.595507,-0.98225194,1.6512992,-0.65990824,-0.09036251,1.5200081,-0.54843414,-0.39476043,0.28942633,0.07052789,-1.5544621,0.22128056,-0.13462788,-2.080956,-0.17310797,0.28324294,0.65734136,-0.36224863,-0.15697438,0.7587536,0.32942006,0.221038,0.7506623
79,-0.61770236,0.7445504,1.919471,2.0225859,-0.590043,-0.6559473,1.2964711,1.4758714,1.3597038,0.70887065,0.48593774,1.1072408,0.79178673,1.750952,1.0436963,-0.9957179,0.45385996,-1.9416379,0.36170363,-0.07620968,-0.023200726,1.380333,0.036115687,0.605572,0.123764314,-0.20033479,-2.4325635,-0.18285228,0.4700631,0.27160835,-0.22027372,0.6108336,0.24902716,-0.7239786,-0.26664338,-1.7515659,1.097494,-1.9901996,0.30016673,-1.06346,-0.61518526,0.23378122,0.6913246,-0.5301028,-0.7319782,-0.2490423,-1.0839217,-0.03103813,-0.028448382,-1.1688014,-0.59958696,1.8075199,1.3513196,-0.45669147,-1.5611789,1.5804133,0.6316099,-0.30250072,-0.20092446,-0.6797205,1.6782215,0.54685354,-0.470499,1.3018465,-0.04474617,-0.11851715,0.58230597,1.3255829,2.2733912,-0.7287213,0.20945299,0.061862316,0.33364686,0.95991504,0.06894404,0.66917557,-1.0221348,-2.352582,-0.3196801,2.1879969,0.14754662,0.02058639,-0.036688555,-1.8176129,-0.20600338,-0.33265838,-1.0481535,0.08455673,-2.0092547,-0.6023622,-1.2831963,0.44688332,1.038619,0.7284898,-0.08934652,1.8236916,-1.4512641,1.584346,2.8225255,-0.8900618,0.40231904,0.9996646,-1.9709371,-0.4755466,2.5686183,0.6642964,0.9129887,-2.5027156,0.30781865,0.33634207,-0.08204471,-0.67772484,2.5721009,1.5898422,1.7311018,-0.5024057,-1.8196586,1.7611029,-0.8379943,-1.2606202,0.011335875,0.19904032,-0.3086672,-1.1928632,0.033755522,-0.21035466,1.1601919,0.25391564
8,0.14056416,0.0024039862,-1.0411712,0.27295795,0.67897534,0.10184364,0.31968498,-0.3032896,-0.4684416,-1.2640395,-1.092585,0.39523944,0.29898524,-0.5540091,-2.2492065,-0.7636501,-2.0248787,-0.7698604,0.16724545,-1.5773937,-0.4139633,-2.3133016,0.09743528,0.15756321,-0.5583878,0.3337368,-1.3158342,-0.5799318,0.7519212,0.053284552,0.24529935,0.35243508,-1.5635875,-0.5376637,1.7920765,-0.03356632,0.7354524,-1.130957,-0.53477,-1.9937801,0.43485224,-1.0969036,-1.7073354,-2.0823658,0.48382053,2.0413518,0.7870881,0.2652851,-1.882498,0.4920019,1.7369947,-0.76574427,2.4516215,-0.449889,0.764373,-1.8317255,0.5719791,-1.3004909,1.76209,-2.6056893,0.34444997,1.9744225,1.5974334,2.6244836,-0.46035072,-0.6578972,-0.8640877,-1.5587384,0.5772643,0.22227213,-0.62496555,0.10398959,-1.0822569,0.52946645,1.6819301,-1.8520488,3.060888,-1.3472226,-0.86926895,-0.9871035,0.32804137,-0.3440255,0.7276596,2.7212098,-0.15492038,-1.7602777,0.029988818,1.1269454,0.055647276,-0.95147216,0.64071774,0.7491818,0.85353667,-0.0026465924,-2.7852197,1.782424,0.44597176,0.29911116,1.7646735,-0.5211668,1.6719013,-0.67701554,-0.5562103,1.1697696,0.5240672,1.9145039,-0.9814029,-0.36598647,3.02465,-1.6886549,0.4232884,1.2481244,0.83617425,-1.6445192,-0.887328,-1.2042596,0.2522908,0.1017821,0.86427265,-0.5894201,0.10267982,-1.8941138,-2.154324,0.6375572,-0.48035377,1.6288375,0.6505477,-1.511089
80,0.65107465,1.0303333,2.0548522,-0.73962796,1.098988,-1.5963871,-0.7480196,-1.2316793,1.2961432,-0.7625348,-0.36821952,0.12301758,0.95886415,-1.7674036,-1.013052,-0.9100355,0.80893385,-0.6828431,-1.1223915,0.2692638,1.1834712,-1.6404408,-1.2537482,-0.94547766,0.2326381,1.3363769,-0.698769,2.2982311,-1.0469958,-0.82763404,1.4431807,1.1313604,0.5667933,1.5913707,-1.2212538,-0.0020178342,-0.92866945,1.2877507,0.24585462,-0.17750175,0.6175777,-0.78977424,-0.2865561,-1.9086592,2.106985,0.6146817,1.438731,-1.5961919,1.0195023,-0.67745715,0.8570169,-1.4703151,0.13868795,2.8269627,-0.86922646,3.8009415,0.19538127,0.08901683,1.0543051,-0.593609,0.33667856,-0.39187005,-1.4105219,0.59013915,-1.7753216,-1.6289843,-1.5807226,1.1471977,2.084125,1.0259761,0.55157423,2.1981046,3.479156,0.20880724,-0.7764058,1.0113242,0.05546581,0.6990621,0.20839301,0.93318176,-1.5874321,-0.7333055,0.11202334,0.88158804,-0.018851686,-1.0190252,-2.6429043,2.0915515,2.4523177,1.1299214,-0.13241014,0.9132181,-1.9421933,1.8521075,1.7346436,-1.3369018,-0.5754791,-0.8769845,0.24145746,-1.03628,1.9754825,-1.5785784,0.5032255,1.0680629,0.8651589,-0.19020906,-0.23805732,-0.13479462,2.1447597,1.1148185,-0.4759803,-0.93783814,-0.2413747,-2.108275,-0.46728536,-1.2397319,-0.46893287,-0.038070202,2.5583582,0.32902873,-0.017772727,-0.95511675,-0.84533197,-1.9182473,-1.1909162,2.1070163,-2.2318723,-1.0107374
81,1.8153505,-1.0549002,-0.19674459,-0.17490086,-0.07555557,-1.516138,-0.76937145,-1.165825,1.3058721,0.96549076,1.2216713,-0.013657392,-0.88685983,0.12517625,-0.6956174,-0.53674096,0.086788245,0.554902,-1.1195915,0.06266019,-0.98769754,-0.96261144,-0.8742983,1.4542845,1.106745,0.03802652,0.5342866,2.0007687,-0.32732525,-2.0919278,0.13382371,-1.6069496,0.46094874,2.192938,-0.07391726,1.2699295,0.5325428,0.22595257,0.22507846,1.4104003,-0.28745413,1.0141249,0.2906221,-0.12480915,-1.304966,-0.8837233,0.5849879,-1.4928187,0.16734917,0.554309,-0.59373397,1.4970214,1.350621,-0.4243658,1.0797821,-0.24409631,0.84391546,-0.19560705,-0.98813766,0.7692162,-0.22175488,-0.7590623,0.63410336,2.0340981,-0.41932264,1.4464066,1.0331221,-0.06796201,-0.9244227,-0.18226025,0.3843971,1.6471614,0.34568086,1.8295656,-0.8431446,0.8396807,0.042596657,0.80900186,0.9972119,-1.3739654,0.17705247,-1.3572565,2.0031874,-0.7590323,0.6854597,-1.6541047,-0.03396394,-0.45310247,-2.0225618,0.85041094,-1.2163416,-1.8346753,-1.5166461,-0.7352008,0.93530595,0.708294,-0.551302,-1.3703576,0.4472861,1.788291,0.21005912,-0.92493546,0.08549773,1.4896158,-1.935208,-1.2753536,-0.48597252,-0.7094926,-0.5165719,-0.70218134,0.17256217,0.7198476,0.17739795,1.4095212,-0.53664976,-0.26696634,-1.11314,-0.9638809,2.3421595,-0.453153,-0.24428803,0.44557253,1.4340457,0.014448191,0.55215454,-2.2486932,-0.20202756,-1.2050698
82,-0.9043078,1.4829499,-1.025411,0.51052266,1.7431611,-0.7982738,-1.3271648,0.1592353,1.0157435,-0.07241671,-2.3317385,-0.39232537,-0.7219718,-2.2090673,-0.78653294,-0.056244012,0.8935825,-1.259115,0.7387157,-1.0125892,-1.085186,0.59484446,-0.13659887,-0.9633715,1.7412999,0.55428517,-0.8393602,1.3353997,-0.9450772,1.7123067,-1.5120811,1.2987685,2.6235824,-0.31810695,-1.1286852,-0.11161458,1.1881413,1.7666641,0.39065573,0.15660802,-0.075481415,-0.6292405,-1.1171011,-0.5171917,-0.11185149,-0.8210417,1.4852083,1.5239404,0.8443006,-0.19382314,-0.09470516,-0.6433773,1.8630188,1.120422,0.047588408,1.3590568,0.4044611,0.30024177,-1.6544806,0.39593405,0.2977787,-0.5380754,-1.5123656,1.4456131,1.6295027,-1.5323344,1.2261354,1.238838,0.0020220724,2.3166425,-0.6285608,0.083397426,0.40119433,0.60268736,-0.64220816,0.6918082,1.3839039,-1.8070054,-1.3029966,1.614269,-0.5637581,1.2371815,-0.53536284,1.2322994,-2.9470277,-1.1871762,1.1734983,0.508357,-1.175688,0.62948394,0.7798628,-1.7625765,-1.349146,-0.9781777,-1.8039587,-0.19629113,0.21858014,-0.41282868,-0.23646739,-0.04353995,-0.6396821,1.2095942,-2.0263774,1.6391426,-0.5303252,-0.5331396,1.1217725,1.0358022,0.9210617,-0.8075556,1.4530705,-1.4562474,1.7945557,-1.0375075,1.1061726,-0.8616133,0.90933996,1.5850433,0.370288,-1.3176785,-0.19476646,-0.7572691,1.5574356,1.8506316,1.132254,-1.5142682,-0.1748323,-1.9662454
83,-1.4244547,0.44404286,-2.0510893,0.9180298,-0.8164623,-0.20246702,-1.7790266,-0.14939143,1.2442001,0.013443819,-0.17398216,-1.9118763,0.7286542,0.2355926,-1.104121,-1.7657678,-0.43147618,2.1566408,0.73723125,-0.40428188,-0.96897554,-0.83811104,0.06537123,-0.53386706,0.28075922,0.59176314,-1.1341016,-0.1674631,-0.023613302,-1.0612725,1.004822,0.6535377,2.2810876,-0.8258474,0.17529243,-0.36646703,1.4919194,1.5783926,1.2396835,1.8110628,-0.9802424,1.1337413,-1.4694796,0.32833275,0.45809054,1.3574623,0.5394168,0.28963482,-1.6674986,-0.7275228,0.18149339,-0.022470511,0.04112628,-0.49152285,1.026638,0.15997458,-1.1761382,-0.011671422,0.84147125,0.09942148,1.9545633,-1.2202638,-1.5905602,-2.3543406,0.2294418,1.3168175,-1.7393966,0.79462796,-1.5775943,-0.030477913,0.6419948,0.25583887,0.43146646,-1.1069314,0.9864391,-0.6734956,-1.6463505,0.04458281,1.6909335,2.1426134,-0.28868738,-0.43431517,0.18172698,1.3026607,-0.08095565,0.4022324,0.97286224,0.42612284,-1.9782395,-0.18588306,1.4347473,1.6508317,-1.1924281,0.8024978,-0.05007344,-0.64257187,1.8063728,-0.59297127,-0.100528836,-0.5798149,0.56726533,-0.27932495,-0.38090384,0.09599324,-0.2581555,1.3820317,0.35859853,-0.79796416,1.8368046,1.0928627,0.17107691,-0.021779587,-0.45838746,-2.0943246,0.5154409,0.7113286,0.21091627,0.057876952,-2.5543745,0.7925776,0.8072296,-0.005432559,-0.17750663,2.4135046,0.33688274,-1.2452943,-0.8997229,-0.8105508
84,-0.60161936,-0.3113116,0.25085583,-0.6000805,1.2563106,1.0044065,1.3020668,1.4251758,1.2516598,-2.1113193,-1.3694274,-1.5109308,-1.1507297,-0.7884411,1.4623313,-0.8406403,0.46208996,1.0697486,0.50609463,0.5281372,-0.25491613,-1.0623907,-0.4481735,-1.4375188,-0.10016944,0.003778428,-0.8990247,-1.0558344,1.2248212,2.0539758,-0.94866943,-0.81178784,-0.9628084,1.3603219,0.3571957,-0.14097439,-0.14407875,1.5767161,0.4657233,-0.41029465,-0.81544465,-0.997895,-1.2564507,-0.108332984,0.9560681,-2.020606,0.13097513,-0.77464354,0.303021,1.0843712,1.393703,-1.4623771,0.22241168,1.4224099,1.4558101,0.76664364,-1.7116853,-0.3653015,-1.4668237,0.67261916,-1.3941928,1.2357523,-2.0182993,0.08573271,0.83637875,1.1406225,-0.41033572,0.10268685,-0.43804675,0.39833996,0.118419245,1.0788939,0.7346429,-0.3077116,0.6857974,0.46225604,-0.9593014,-0.67466456,1.215738,0.62172943,0.6743633,0.6703455,0.3923779,1.2360297,0.29383057,-2.2555408,-0.3499611,-0.5292413,-1.0227305,1.055866,-1.4630187,1.5365689,1.0052528,0.27756554,1.4662899,-0.8327703,-1.9105561,0.059207402,0.25411296,-0.24225444,-1.4348946,0.050509326,1.2917941,0.69978094,-0.07931828,0.6593392,0.32363784,0.3193851,0.7058105,-0.106544666,1.5078453,-0.96115375,-0.37053743,1.6099632,-0.4114868,-0.008476176,1.210432,0.1939439,0.71649355,0.6774895,-1.4684138,-0.6785737,0.8520825,1.5614966,-0.04290478,-1.6033075,1.3253993,0.18821347
85,1.2926667,-1.3348824,-2.730454,1.1902432,-0.8617949,1.1727563,-0.7804809,-0.18632008,0.61699134,-0.6547768,0.48930362,0.11419328,0.5869096,0.32246953,-0.41637373,0.5273268,0.2770863,-0.07527243,-1.3161131,-0.75201243,-0.32350567,1.0341074,-0.2485573,0.117080584,-0.27767745,1.8659031,0.49140558,-0.9881998,-1.9216853,-1.5219144,0.59852225,-1.6390207,-0.5322148,-0.55837655,0.3361584,-1.2779037,0.08585743,0.96366537,-0.0757551,0.6187961,-0.92346585,0.25686157,-0.4733966,-0.28051051,0.08271294,-0.9667268,0.3352339,-0.27201685,-0.84312344,-1.4992692,-0.68836343,0.164348,0.63881487,0.34207717,1.0960637,0.79784846,0.7279812,-0.022650607,1.3765525,-0.07236642,-0.45750427,1.1673974,-0.7660323,0.019029435,-0.92368805,0.53907067,0.14056028,-0.3047406,-1.0816197,-0.59954077,-0.009179808,-0.09559104,0.6829369,0.6168155,-0.027625961,-0.017643657,-1.5528294,0.91972405,0.6532885,1.0849062,1.3314831,0.45869157,1.2052937,0.5957501,0.26146507,-0.75933415,0.3556187,1.3073356,-0.57229227,0.35153303,1.422229,-0.3257567,1.0165684,1.020741,0.31583628,3.0559993,0.25232548,-1.7143885,0.3501481,-0.30605444,1.3481092,0.40771243,0.75005776,0.7625754,-1.0174773,0.83166546,1.721836,-1.2573533,-1.4061611,0.43079796,0.48244917,1.5806242,0.5827876,-0.17236622,0.47730145,0.42560443,-0.04317839,0.571684,-0.44801894,-1.3827566,-0.775117,1.1274467,-0.023956956,-0.87627065,0.48908725,1.1671245,-0.34766772,0.19030355
86,0.21051125,0.6940349,-1.0780046,0.088110045,0.43515468,0.3229815,0.08594781,-1.6939906,-0.63025725,2.2024539,0.6146488,2.0932574,-0.5009234,-1.0241928,1.1966293,-0.03748234,0.99245673,0.5090898,1.3753324,0.5618128,-1.5354192,0.25571352,-0.17711233,0.48741072,-0.22554849,-0.6895342,-0.22697367,-2.0933564,0.91358596,-0.16697094,-0.5952693,-0.8370831,-0.24650389,0.6408004,-1.1884805,-0.94529843,-0.014654499,0.6582564,1.3553643,1.0258005,-0.7068059,0.82459664,0.3457181,-1.0853034,0.008741815,-0.2064444,-1.5795611,-0.2495262,1.2899295,-0.43047276,0.4425321,-0.03660389,0.7086292,0.2401079,0.37917346,0.4211168,-2.9181259,-0.5767774,-0.8831156,-0.63036925,-0.09338775,0.124475166,-0.14373145,0.087003365,-1.5773674,-0.73779446,0.3522865,-1.5010853,0.7994287,3.109596,-1.4987984,-0.20546034,0.54459625,-1.1355191,-0.28288105,-0.4475709,1.3659782,-0.31533918,-0.75653154,-1.0735838,1.6581972,-0.61403686,-1.2754037,-0.15119347,0.38833126,-1.5387307,0.423584,1.238759,0.37244204,-1.318269,-0.7047919,0.11874775,-1.1308565,-1.1418378,-0.3171074,0.09950824,0.40104485,-1.1483921,0.63996655,-1.2011522,-0.66236824,1.4021119,0.0010557323,-1.4265828,-0.5662311,-0.8962481,0.6065903,-0.8306654,0.7774045,-0.52180535,-0.77449757,2.3589194,-0.21674146,0.95385516,-0.73520523,0.4764634,0.12037259,1.5675133,0.5139334,-1.7082266,-0.014643384,-0.8228356,0.5916938,-0.41178933,-0.0134307,-0.1860451,2.5831277,-2.5377002
87,0.9810512,0.65021133,0.6879564,0.13425846,-1.2991478,-0.28185633,-0.3083573,-1.0804813,0.33070263,-1.4881886,-0.6451427,0.08051957,1.8638247,-0.38715813,0.09424641,-1.235415,-0.37125212,-1.0228658,0.6601701,0.098403536,-0.2921688,-1.6861045,1.4710833,1.0018475,0.3632367,0.5970413,-0.8958289,0.61198926,-0.9728386,0.67435265,-2.0951877,0.54843473,0.833857,-0.8522013,-0.11510165,-0.583894,-0.2733981,2.216078,0.77920425,-0.065537274,0.2383707,-1.2117639,-0.94442075,1.7830602,-0.2186419,0.7917171,0.15236482,-0.47681946,0.7900731,0.6181009,-0.30018,-0.7549145,0.2559802,-0.41839838,-1.1520456,0.8989761,-0.14495559,-0.70357955,-1.6714479,-0.25707984,-1.7295794,1.2089069,0.78360283,-0.12594393,1.9502621,2.3744586,-0.045748215,1.4294859,0.29515144,0.083654985,-1.9175589,0.4964862,0.8000602,-1.9463949,1.2326732,1.9970739,-1.3631455,0.12591669,-0.2205987,-0.36117798,-0.77699417,-0.671883,0.7753162,-0.09720127,-0.770172,-0.99579936,1.7863014,0.3869593,1.316667,2.0498867,1.68045,0.39454833,0.57666355,0.40056977,-0.35652438,-0.749673,-0.9948969,1.7645936,-2.7177472,-0.6097012,0.9096936,1.8971887,0.8713395,-1.0435431,-0.13372932,1.8665916,0.13081749,0.7205121,2.222134,1.4971799,2.2175972,-1.1328139,-0.92227864,0.54155254,-0.30097717,0.58585286,-1.1795942,-0.9677151,-0.47978678,-0.51485556,0.18520741,-0.4265547,0.292266,0.045577288,0.183591,-0.29378995,1.2209499,-0.3163298
88,0.09323997,-1.2520585,-0.09530036,-1.2324336,0.90021473,0.5588931,-0.21065296,1.4112842,-0.784355,0.7573206,1.1866549,-1.418407,-0.6770653,1.4953545,0.14219345,0.5689377,1.7168688,0.27953875,-0.35979214,-0.96501553,0.8169963,0.28248572,-0.4435693,0.5262952,-0.020905798,0.5709476,-1.4535805,-0.8429952,-1.4812205,-1.8745313,-0.6075309,-1.1664708,1.5532515,-1.3842875,0.5731876,1.0386065,-0.82562596,-1.2798194,-0.83116734,1.764556,-0.6183818,-1.0602733,-0.4349708,0.005785455,1.288047,-0.80363023,0.87867624,0.34979308,0.016281696,-0.9451682,0.71333224,-1.1450614,1.3386106,1.191544,1.9313529,0.6171248,-0.7390564,-0.8766144,-0.31738374,-0.112322584,-0.3078558,-0.603005,0.7289126,0.6013421,1.0528944,-2.7265651,-0.7227,-1.3919868,-0.74054253,-1.8031524,0.9043568,2.2819571,1.1936796,-1.3775396,-0.49729744,0.48522535,-1.0119609,1.4814112,-0.5174559,0.8704903,1.7182362,-0.73212194,0.8651017,0.4236748,1.5297977,-0.5996352,0.055699427,-0.96238834,-1.1146588,-1.5658085,-0.028841725,-0.0742531,0.6798797,-1.5242479,0.16183169,-2.1554134,-0.71027994,0.2980655,0.11705067,-1.9083086,-0.6146974,0.15948687,-0.31168035,-1.5721663,1.3939388,-0.40500334,-0.6833299,0.1699797,0.7513704,-0.32157224,0.49710152,1.9730141,0.04922383,0.9087654,2.4045305,-0.63361555,-1.2391282,1.2402685,0.565029,-0.007320443,-0.4150428,1.5285342,-1.228288,-0.7167574,-0.3614218,-3.0508254,-0.46047676,-1.0401615
89,1.0736824,-0.17695947,-0.4231768,-0.14840573,1.2457956,-0.021173416,-0.6879277,-0.30042136,0.23911229,-0.89125884,0.26186734,0.92980415,0.13723643,1.554497,-1.2596393,-1.2881371,1.1487137,-0.39742127,-1.0341834,-0.6166779,0.46901998,0.3124603,0.1785506,0.26965228,1.5734078,0.3916897,0.20903774,0.9753977,-1.8747699,2.4236248,2.1436162,2.694016,-1.7012688,0.6636351,0.45031697,-2.0054603,0.5923001,1.6848174,-0.12436597,-1.4520228,1.2519773,-2.4822245,0.10757839,-1.025548,1.324044,-0.49458796,0.72455615,1.4356452,3.5634055,-2.369328,0.114696205,-0.31495404,-1.9487957,2.4436574,0.17744283,-1.2801731,-1.7667028,0.5680742,0.28499645,0.27124968,0.7527744,1.0299929,-1.6073341,-0.71412456,1.369037,-0.41307047,0.12071698,-0.8488724,-1.9202639,0.4446528,0.114470564,0.8933566,-0.12854844,1.1171172,0.77488834,-0.99133736,0.6926958,1.6696535,1.5712905,-0.27208847,-0.17539039,0.011946452,-0.020181721,0.16421078,1.1288736,-0.7287315,1.1360928,0.14152406,0.543397,-0.1766307,0.4875989,0.07023947,0.7158976,-1.1809264,1.3459704,0.024643397,-0.7110175,1.1928113,-0.4211063,-0.10436312,-0.61266047,0.11445603,0.33533624,-1.1167175,-0.1561819,0.2626775,-1.7255628,0.7973262,0.86268723,-0.08516998,-1.1933901,1.9705532,0.50454986,-0.17566925,0.6266194,-0.17740846,-1.2433945,0.069096096,0.9911539,-0.6995731,1.4511949,0.5362854,0.018798627,-0.53855807,-1.3636289,1.3712724,-0.043078143,1.0392265
9,1.1087749,-0.65582174,-0.8919375,0.7623907,-1.176908,-0.13790883,-1.6544363,-0.65012676,1.0629871,0.5894459,-0.26236472,0.087481946,-0.30402887,-0.3276195,-1.4233392,0.23831463,0.047908038,-0.19207253,0.3713717,-1.79588,-0.3388722,0.94628733,-1.2321023,0.045865733,-0.7915741,-1.6605986,2.297222,1.3263115,-1.1391798,-0.115026094,-1.3012537,-1.1725959,-0.42364854,-0.022557462,-1.0381237,1.1760442,-0.7811739,-0.74479085,-1.1201142,-0.9603645,1.0241697,-0.39090306,-0.48409706,-0.13346092,-0.45064276,-1.5008984,0.047124736,0.40990618,1.2167815,-0.82323086,-0.29161847,-0.5056039,0.39563358,0.86196464,-0.888908,0.21108785,-1.3099176,-0.1214013,0.52779937,0.30619666,0.19680735,1.4779897,-0.8009236,0.72137153,-1.519027,0.81170154,-1.1273506,0.0028983017,-0.968538,-0.9859414,-1.0523752,0.7973657,0.66664803,-0.4147738,0.21149434,1.2677734,-0.08139932,-0.60004985,0.07704909,-0.42915565,0.25183004,0.68378377,-1.1904981,0.9474624,-0.5453009,-0.1768469,0.9774577,0.60883135,1.4300019,0.62327665,-1.2762855,1.9833423,-0.728943,-0.120705836,-0.6280177,-0.022824844,-2.2399247,1.3240172,-0.834831,-0.9495247,0.44103837,0.3475697,0.23037879,2.5605788,0.029987322,0.8437585,-0.8428513,2.9684162,-0.105830826,-1.7111001,-0.59977335,-0.48778677,-0.6136886,-3.1337948,0.6648399,2.4546812,1.8040535,1.117739,-1.3579795,-1.127775,-1.3690112,0.79224557,1.5646428,-0.6583735,0.25084984,0.7396216,1.2918735,0.97926015
90,-0.9371966,1.1452665,-0.31253842,0.5274614,-0.8370916,0.0996632,-1.2413496,0.27812535,2.1093779,-0.22479637,0.16388448,-1.3013917,0.7940145,0.30826035,2.2079806,-0.34457648,1.6123445,-0.0029255163,0.48482394,-2.2876842,-1.5037813,-0.010783304,1.251515,0.4206456,0.32485977,-1.5169132,-0.46745187,0.5711311,1.092583,0.10237872,0.54341185,-0.17031364,-0.7742138,1.3606087,1.7172723,1.3123641,1.3118608,-0.44260973,0.5158892,-2.023483,0.7703641,-0.6806373,1.0616928,0.18907315,0.007992539,-0.76722395,0.25075194,-2.4807389,0.44242418,0.36339432,1.2409265,0.6614623,-0.73583394,-0.17570359,1.4704473,-0.43910825,0.27094665,1.2177666,-0.46299785,-0.36871505,-1.2016557,-0.36532453,1.1491731,0.22452055,-0.5348461,0.034118343,0.49064672,0.9941581,-0.99715316,-1.1093043,-0.63934237,0.41179848,1.860955,1.0075992,1.1630739,0.68635935,0.33237502,0.32065728,-1.3116674,0.82387453,-0.21765631,0.8670995,1.5379385,-0.56891966,1.6621295,0.110974796,1.0681822,-1.3652811,-0.98756826,0.7200104,-0.66097045,1.8217002,0.19657029,-1.8924026,0.9926883,-0.6442977,0.74885154,0.6910214,0.35932946,-0.94169956,0.046152018,-0.41167945,-0.6978577,-2.1362994,-0.27390844,0.39857188,0.88217133,1.5504192,0.23648939,-0.5367173,-1.6301339,0.3179987,-0.97118974,0.50334173,0.014944185,-1.4325807,0.36412162,0.7265811,-1.5522764,0.3990839,-0.5549739,2.2784622,-0.7960789,-0.40887448,-0.47896644,-1.0290699,1.16222,-1.2166299
91,0.9160136,0.006921707,-0.723877,-1.3068308,0.6819997,-0.8467716,0.8388806,-0.27931812,-0.32634246,1.1229532,-1.1194966,0.45134187,0.76656115,0.67118263,-0.5200683,0.81451607,0.16888972,0.015070688,-0.8414482,-0.0740597,1.0298817,0.36006516,-0.73196185,-1.7368418,-0.31223965,-0.21446608,0.7929367,-0.4776459,-1.0170652,1.3306293,1.4032203,0.22878207,-1.366852,-1.5764612,-1.0178243,-1.0463592,-0.4939587,-0.79681,2.252005,-0.6929424,-1.3722012,-1.9982184,-0.26984695,-1.007818,0.7271421,-1.1038079,-0.5675163,1.0061991,-0.5926753,-0.65703934,0.4041561,-0.11388213,-0.47389868,0.90139174,0.4552702,0.49483803,0.34277603,-0.87917864,-0.7827325,2.3347275,-0.7295529,2.5844626,-1.1000977,-1.2668637,0.009993921,0.551579,0.17562588,0.926909,-0.33455297,-1.253314,0.33402494,1.0522726,2.4220264,0.9909627,2.0038536,-0.78998035,-0.92988324,0.048940174,-1.4249381,-1.945373,0.085648715,0.1924758,-0.380082,-0.8494149,-0.9345976,-1.3807979,1.2419505,0.8538497,0.14705665,0.23841332,0.7249623,0.35548982,0.12323203,-1.3615718,-1.8006085,0.62327117,-0.340242,-1.6274872,-0.6197077,0.13458075,0.09569726,-1.5128994,0.8807687,-1.152537,1.1309637,1.0423172,-1.5098225,-0.25578722,-0.08866963,0.13865831,0.1025264,-0.46413517,-1.118263,-0.49858043,-1.1920638,0.19206175,-0.6081439,-2.1506853,0.04955312,-0.29049155,0.5709017,0.67739147,-0.26238474,-0.12455259,1.904194,0.78543806,1.7810954,0.76343125
92,1.0637119,0.5432991,-0.7829546,-0.8961747,-1.0199451,1.7823696,0.25778627,-0.67060024,-0.61532205,-0.26350155,-1.6922005,-1.3913211,-1.0164412,0.7626937,-0.8469499,-0.23106821,0.6246216,-0.037595935,-0.82256025,0.4367756,0.23922612,0.6846273,-0.22530995,-1.9756098,0.44551504,-0.66570044,-0.9586274,0.9330654,1.5971472,-2.625969,-0.48379007,-1.0939094,0.8985028,-0.07956378,1.630294,0.70092607,0.377852,-0.80461967,-0.09103155,-1.2790791,0.076203465,0.48091754,-0.5486959,-0.46375751,-1.9206537,0.091383845,0.5949408,-1.8308618,-1.7594988,0.039156634,-0.2941563,0.83888596,0.44570208,0.6067554,1.0761743,0.23651461,0.017649293,0.5752568,1.5003399,-1.172505,-0.5631256,-0.6751823,-0.061830338,-1.1702873,0.77912515,0.2223398,-0.2774723,0.90512794,-0.8677934,0.33606756,-0.011577404,0.010846841,-1.3030878,0.83803993,-0.93638843,-0.036721088,-1.5608529,-1.7823076,-2.0245337,0.524054,-0.6337379,0.68662596,0.76347893,-1.0060688,1.1351014,-2.2675045,-0.3331619,0.34441918,0.61610967,0.43828928,-0.78817517,1.6332873,2.351837,0.06850194,-1.3782903,0.78311735,0.58250123,1.3376983,-0.7243298,-0.13247412,-0.15172754,-3.0724826,-0.9120879,-1.4156405,-0.21498378,-0.48943064,1.1268606,-1.0575733,-0.2752787,-1.367251,1.1127679,-0.63617307,-1.1644217,-0.46010622,0.2382074,-1.4914526,0.16979831,1.1209162,-0.58451873,-0.7860713,0.65193224,-0.2126214,-1.3499646,1.0403633,0.55457646,1.2856531,1.6825927,-0.10078888
93,-0.06660492,-0.30335724,0.27484757,-0.81554216,0.0032831018,1.4645542,0.49204877,-2.0136538,0.89025563,-0.9921653,-0.71279246,-0.57552034,-0.12608911,-1.1079154,-2.6879344,1.6997422,1.1970946,-1.9671885,-0.78276044,0.9764391,0.0292153,0.13965988,-0.03988002,-0.88316846,-0.08588058,-0.09943353,0.17645329,-0.6669628,-1.8817165,-0.14634281,-1.9743315,-0.055235196,0.51609564,-0.19843279,0.21071412,-0.8999783,1.8526694,0.3706024,1.425212,0.6082457,0.34127125,1.5465127,0.44882038,1.2725631,-0.10997188,-0.60362375,0.82838005,0.3613732,-0.33459646,-0.11624832,-0.26193744,0.21131447,-1.2394854,-1.4048517,-0.040447693,-0.072098255,-0.77750325,-1.1024232,0.40298358,1.0462698,-0.072636954,-0.43522128,-0.6317747,1.3712709,-0.5975058,-0.22070017,-1.1636056,-0.8194301,-0.6791153,-0.15023856,1.9809403,0.5480543,-0.32260978,0.7835969,0.5234278,1.0322902,0.24379689,0.053128738,-0.8068807,0.4009811,0.90849584,-0.25678483,-0.2796476,0.11001489,1.4621401,0.23686734,0.61294633,0.99200535,-0.26028964,-0.7341312,-1.2076983,1.0064381,1.3319412,-1.6564915,1.3850707,0.62210584,0.24263623,-0.41731986,-0.15483862,0.63213545,0.1659061,-1.7277447,-2.1532617,1.175077,0.26315922,0.58491194,0.94503915,1.5814443,-0.9770696,1.0336305,-0.083181396,0.74552935,1.9978552,-1.2637353,-0.264287,-0.5341104,-1.1854092,-0.12409801,0.7543883,-0.33268848,1.8061484,-0.53109056,-1.118228,2.0512574,-3.324716,-0.3512551,-1.0063543,0.004274819
94,-1.5577464,-0.6960997,-0.47135842,0.07949483,0.057324573,-0.8753342,0.32469198,0.092832275,-1.0085591,-0.7118544,0.33072174,0.3186939,-0.95764756,-0.33373898,-0.45877388,-0.21408935,-1.2701509,-1.3030767,-0.17537276,-0.12975223,-0.8177935,-0.86192966,0.40904662,-1.3235264,-0.43151635,1.4728677,0.2975121,-0.9355946,-0.6801326,1.1658576,0.22363071,-0.09471955,-0.7667297,-1.3267282,1.1673083,-0.113911994,0.9466853,-1.1233177,-0.6875978,-0.027015017,-0.49318144,0.19862299,-0.41228426,-0.07719151,-0.12690355,-0.48675042,-0.23355441,1.4571698,-1.3087006,-1.3948658,2.0577562,1.285125,0.39222085,-1.7761046,1.9161801,-1.9650918,-0.08938981,-0.30039707,-0.06007863,-0.6770323,0.42001006,0.34666649,1.4794345,0.31576252,0.6153741,-0.83998823,-0.42972553,-0.08306981,-0.0744435,-1.8014367,-1.2283593,-0.8399237,-0.283686,-0.3725292,-0.15135825,0.98407143,-1.0406266,-0.25646657,0.0532085,0.0036994347,-0.056693364,-0.66416264,-0.5663316,-1.7323207,0.84798014,0.00033150442,0.6987807,0.45650575,0.7168411,-0.9526738,-1.8502619,-0.87329197,1.264386,-1.1916227,-0.77388585,-0.26509288,0.2100806,-1.7800345,0.16632369,-0.43781775,0.32877585,-0.7211954,1.0703063,-1.4761074,0.97536075,-2.3013368,-0.9617449,-0.19793716,0.13906461,0.42936638,0.06864072,0.6946899,-1.7330964,0.41429287,-1.6592151,-0.5309642,-0.45693848,1.4225396,-2.4501934,-0.15418479,-0.6152202,1.0371473,0.028882373,0.18275245,0.32306167,-0.16206405,0.034794927,0.64108515
95,-0.7011506,0.86819184,-0.7739163,-0.6054456,-1.8084775,0.5832164,-0.7868939,0.78169966,0.44549727,-1.7895566,0.79993594,-0.18344311,0.57749456,-0.11150633,1.2638458,-0.49079284,0.76779586,0.6910504,0.11887044,0.07330969,-0.86400956,0.18571372,-1.3403513,-1.3935156,-0.078177296,-0.61542,-0.27044007,0.83917624,0.53302115,-0.48348138,0.31075746,-0.14654492,0.04422807,-0.7189201,-1.487771,0.44451666,-0.6083417,-1.3285613,0.027019706,1.2258611,-0.22252724,-0.85350454,-0.57997936,-0.03400496,-0.35200608,0.025794266,-0.8935078,-1.2148627,-0.3088501,2.0298822,-0.020343905,-0.28859922,0.96319956,-0.6758801,0.7748638,-0.52527237,0.32747343,1.1131295,-0.3883555,0.75239795,-0.02596883,1.3043126,-0.11565822,-0.35233983,-0.81823486,0.28795984,1.7320234,-2.1255512,-0.059971966,-0.07592203,0.5907199,0.10978812,-0.05246042,-0.46711773,-0.17820948,0.2692646,0.24630871,0.2201614,2.4888952,0.062984236,-1.118035,0.4712952,0.16292453,1.6762747,1.2282332,-0.34082124,0.87545484,-1.3910968,0.58099616,1.6459792,0.5274988,0.7985848,0.40105408,1.0329744,-0.083379686,0.12933247,-0.67510176,-0.6091292,0.13713543,0.4830811,0.22602487,0.17146844,0.38755134,-0.34258583,1.3119762,-1.7108548,0.4223717,0.27727097,-0.1778459,-0.060152657,-0.815913,1.3581032,1.2794266,0.14247993,-0.019788396,0.46970132,-1.6029856,0.5216386,-0.33632672,-0.6539899,-0.5018986,-0.3995951,0.080144554,0.7583348,-0.76814055,1.2356944,0.35688338,0.42051917
96,-0.0785087,0.08837378,-0.686039,0.15713981,0.29784894,0.35240772,0.09289334,-0.31391153,-1.414653,-1.005155,-2.1029503,-0.6862478,0.5885139,0.1315631,-0.50232536,-0.77507275,-1.565504,0.68833095,2.4972575,0.8152168,-0.36003637,0.8997991,-1.2747037,-0.7980266,1.0904324,-0.09513075,0.02587308,-0.9870592,0.42231333,0.26990798,0.79101086,-1.0408597,0.12126044,0.642731,-0.071585424,-0.45760888,-1.273499,-0.068381555,-0.2110657,-1.1154212,1.3434376,0.47790042,1.516452,0.37195623,0.36717537,1.3591968,-1.1098626,-0.5918282,1.7650799,-0.18488978,-0.019160686,1.7269032,-0.04338453,-1.9460363,-0.2048792,2.416188,0.06151784,-0.4190004,0.4762117,0.12578677,0.7103646,0.04233195,0.98585373,0.707668,-1.5269879,0.5268221,-0.014018273,-1.2821265,0.3852443,-0.1769557,-0.33544806,-1.0817641,-1.7284694,0.07622046,1.0107535,0.7877794,0.7181297,-0.21928553,-0.39375252,1.4470987,0.3109598,0.44136617,-0.29623094,-1.6989597,-1.3411866,-0.73781836,-0.48954883,0.5130131,-0.60588825,-0.03651793,0.0922287,-1.3519803,1.0576333,0.489687,1.2617066,0.40440792,1.0933361,-0.32269982,-1.1356983,0.19294529,0.995127,0.4590366,1.1664829,-1.5162295,0.6910725,1.0158303,0.4264912,0.33194235,2.543625,0.9071597,1.8474013,1.5795647,-0.4788557,0.4687577,-0.2535452,0.74503934,0.6217517,-0.01063345,-2.19706,0.7911884,-0.564024,0.561837,-0.07049196,-0.36735985,2.5597441,-1.513533,0.86176187,0.34213865
97,-0.33872953,-0.43283838,-0.32613164,-0.33618602,0.5215822,0.23467515,-0.68360907,-0.7447667,1.3431544,-0.42202258,-0.50021887,-0.5070577,-1.6680757,0.8565187,-0.01867916,-0.18655927,-1.3590053,-0.086443245,0.43241286,0.25963145,1.2270079,0.379363,-0.30429998,0.6035004,-0.5376494,1.2180887,1.2130243,-1.388157,0.8608143,-1.7633716,-0.5994722,0.949716,0.6904879,-2.5317729,0.18142478,1.2060648,-0.5226448,0.33723623,0.29180557,0.7645975,-1.2216952,0.6000389,-0.24727808,1.5152266,1.544145,0.3215842,0.2672026,0.21106553,1.2442359,0.33665982,-0.13925798,0.2683008,-0.19431853,-1.0815133,1.5874283,-0.6740159,-1.1548747,0.46020147,-0.9135619,-0.5684142,1.1460366,0.57164025,-0.16488364,0.7217367,1.5032042,0.4998106,-0.26673195,1.398746,0.5511843,-0.92769957,0.32091627,-1.2534746,-0.78413075,1.708157,-0.12346717,0.16336434,-1.2479504,-0.46335056,-0.38523072,0.3073096,-1.2162918,0.38096285,-0.7155036,0.93649113,-1.5572814,-0.06346066,1.9373473,0.22823171,0.10903763,0.63486147,1.0937402,0.70792466,1.3582461,-0.26499116,0.38368362,-1.2326345,2.8686335,-1.0875964,1.3416268,0.7192892,-0.77727485,0.38117266,-0.73223555,0.58037275,0.35756102,1.3219309,0.12212561,-2.211642,-0.12448549,-0.08088849,2.172584,0.32707357,0.62823486,1.1481725,-0.41194353,1.548767,2.452901,0.8506303,1.549201,1.2348461,0.6388216,-0.3929008,-1.9096802,-2.3080685,-0.68392843,-1.018347,1.5785508,-0.10059213
98,-0.4324456,-0.8626093,-0.47633088,1.6472758,-0.7248764,0.63336927,1.9898528,-0.5473553,-0.27899572,0.93381053,-0.28492716,0.59329957,-0.8996815,-1.4215239,1.30253,0.46005228,-0.44877696,-0.37005103,0.30728793,0.14108272,0.446053,0.15309936,-0.44031823,-0.71119714,-0.83973855,1.0513306,-1.4009405,1.6126926,0.36779144,0.62552774,1.3492874,-0.09074375,-0.77549475,2.3531642,1.3233694,0.10114729,-0.13288575,0.43338394,0.36326185,-0.9847816,-0.759688,-0.4139863,0.49963012,-0.097563036,0.08412427,-1.8269256,-1.8599,-0.5506054,-1.0732093,-0.62545294,-0.8756434,1.091964,-0.23747718,0.44221935,1.5752072,-1.3022217,-1.2362927,-0.5021418,-1.2403514,-3.4417083,-1.2946671,-1.459741,0.7103157,-0.49917087,0.24257421,-0.49983934,-0.16980305,-0.26730046,-0.72044295,-0.3011309,-0.31201893,-0.8316182,-1.0871627,-0.2133263,-1.3128763,-1.2706686,0.12048287,1.1541764,0.42831114,-0.74670875,0.5557092,-0.9866464,-0.83389425,-1.5266542,-0.49111307,-0.41919512,0.066922255,-0.4334388,-1.6934043,1.2431161,0.5056966,-0.511498,0.21973254,0.6281463,-0.23249516,-0.61138916,0.111634284,0.5079359,0.15222998,-0.59316754,-0.6955822,1.6372114,0.2505382,-2.229666,-1.1494417,0.6972812,0.26654956,0.022814056,0.8774227,-0.8452502,1.405135,-1.236509,-0.59446365,-0.9998785,1.1057953,1.1196076,-0.66814363,-1.0809244,-1.1592795,0.26569796,-0.778328,-1.5163554,-0.1247487,-0.13934109,-1.3675528,-0.12981331,0.881765,-0.2580026
99,0.66625696,1.0053011,0.16508734,0.9018068,-0.98522985,0.029042792,-1.0908915,0.7531238,1.3778684,0.9856791,1.8636428,0.88448024,-0.5009318,0.8496696,0.9412454,-0.29899734,-0.27698004,-0.5538123,0.075473726,0.15060341,2.0128024,-0.11086274,0.64740473,1.4401196,-0.7324101,-1.0519271,-1.1567562,0.25076503,1.7278279,0.72621846,-1.1083912,0.6543712,0.0013415767,-0.53464985,0.3395143,1.0153587,0.39118794,1.2135825,0.40089744,-1.7627411,0.46561813,-1.5130184,-0.085608914,0.60172147,-0.13782358,-0.99274313,-0.026280737,-0.21043512,1.1264355,0.037342045,-0.96717995,0.30438057,0.09632452,-1.060104,0.27648672,0.24515377,0.16797589,0.6809924,-0.5026952,0.40583697,-0.6756117,-0.2546237,0.7449457,-0.9937961,0.33634728,1.6065111,-0.9015818,-0.2502818,0.08868303,-0.19492982,0.900191,-0.707005,0.36669856,-0.19335741,0.0011615426,0.007299037,0.6612232,-0.68927276,-0.44879416,0.80602956,-0.288848,0.56854194,1.552936,-2.3924348,-0.34853834,-0.07028787,0.19555221,0.6141483,-0.9249134,0.48149547,0.38474202,-2.0800672,1.344439,0.14360604,0.9511488,0.10798148,-0.20293374,0.399157,1.6055721,0.28916058,1.0783105,0.079895414,-0.04410088,0.46537495,-0.60726184,-0.19745652,-1.6378787,1.9371121,-0.21462671,-0.89903474,0.3985942,0.06526837,-1.2532701,0.1752418,-1.6024139,0.09153674,0.29943085,-1.1259611,-0.024699269,0.6387534,0.03028198,1.2443606,-0.8370376,-0.21679948,-0.13943478,-0.81203,0.14095238,1.3767751
