name,0,1,2,3,4,5,6,7,8,9,10,11,12,13,14,15,16,17,18,19,20,21,22,23,24,25,26,27,28,29,30,31,32,33,34,35,36,37,38,39,40,41,42,43,44,45,46,47,48,49,50,51,52,53,54,55,56,57,58,59,60,61,62,63,64,65,66,67,68,69,70,71,72,73,74,75,76,77,78,79,80,81,82,83,84,85,86,87,88,89,90,91,92,93,94,95,96,97,98,99,100,101,102,103,104,105,106,107,108,109,110,111,112,113,114,115,116,117,118,119,120,121,122,123,124,125,126,127
<pad>,0.0,0.0,0.0,0.0,0.0,0.0,0.0,0.0,0.0,0.0,0.0,0.0,0.0,0.0,0.0,0.0,0.0,0.0,0.0,0.0,0.0,0.0,0.0,0.0,0.0,0.0,0.0,0.0,0.0,0.0,0.0,0.0,0.0,0.0,0.0,0.0,0.0,0.0,0.0,0.0,0.0,0.0,0.0,0.0,0.0,0.0,0.0,0.0,0.0,0.0,0.0,0.0,0.0,0.0,0.0,0.0,0.0,0.0,0.0,0.0,0.0,0.0,0.0,0.0,0.0,0.0,0.0,0.0,0.0,0.0,0.0,0.0,0.0,0.0,0.0,0.0,0.0,0.0,0.0,0.0,0.0,0.0,0.0,0.0,0.0,0.0,0.0,0.0,0.0,0.0,0.0,0.0,0.0,0.0,0.0,0.0,0.0,0.0,0.0,0.0,0.0,0.0,0.0,0.0,0.0,0.0,0.0,0.0,0.0,0.0,0.0,0.0,0.0,0.0,0.0,0.0,0.0,0.0,0.0,0.0,0.0,0.0,0.0,0.0,0.0,0.0,0.0,0.0
A01A,0.36052796,0.024830166,1.0649283,-0.92955995,0.5898693,0.92529863,-0.8139212,0.522478,0.29978,-0.47317484,0.89754504,-0.42680988,-0.83755654,0.13861914,1.2627847,-0.26813373,-1.366258,-0.3169677,-0.88713855,0.84247625,-0.031708308,0.5696304,-2.7454581,1.1076205,1.166011,0.23915589,-0.8098712,0.54001564,0.7642887,0.5709319,-0.7963998,-1.0026926,0.48993632,0.8424296,-0.23924662,0.469374,-0.50022227,0.4221558,0.109373555,0.026560908,-0.87468576,1.0985354,2.0874898,0.090708725,0.40145943,-0.73335916,0.48353332,0.013403333,-1.3790109,0.58540857,-0.0933831,-0.7792225,-0.74006337,1.4633273,-0.7319555,0.061176736,-0.02512473,0.31943184,-1.0357356,-0.9396217,-1.4580419,-1.2058964,-0.9104179,-0.05691892,-0.11862154,1.1180593,-0.91116875,0.92412335,0.9664347,-0.95629036,-1.6048098,0.75695765,-1.12609,1.0506839,-1.1530356,0.5631798,-0.3262376,0.123538256,0.2083057,0.07673824,1.4708353,0.574931,0.22235224,1.0716246,-0.7854732,-1.1345664,-0.4671328,1.8448766,-0.56530344,-0.55550814,1.1614299,-0.7770404,0.78873265,-2.5701952,0.2234263,1.4876217,0.046074226,1.5330861,-0.8729482,0.44419962,0.724929,0.66184664,0.41217718,-0.65578496,1.8014289,0.5015994,-0.7358808,0.36726385,-1.0862453,0.15219185,-1.4013016,0.8121575,-2.1583912,0.18473701,0.4964122,0.47074747,0.1351073,0.76190925,-1.8591428,-2.3410437,-0.3275522,-0.3453196,0.9329958,-0.4175518,-0.76661116,-0.9072216,-0.4546517,1.7733271
A02A,0.30993325,0.2871831,-0.36161715,-0.5006724,0.13378492,-0.11717332,1.2146128,-1.5740603,-0.09108194,0.9396126,-1.5553193,0.30028418,-0.35645276,-0.5009104,-0.94643116,-0.35935524,1.8988136,1.4230921,-0.29684445,-0.83247083,0.58635145,-0.5079288,0.4708083,0.50392747,-0.88411814,-1.4123672,-0.67989266,0.0073076123,-1.4279995,0.5817314,0.28529236,0.5178523,-1.5374001,-1.4893003,-0.49159443,1.2807169,0.21527119,0.19901024,-1.0202292,1.0693306,-1.2188218,0.49164504,-0.49861026,1.3598145,-1.3705425,-1.1705602,-0.23754326,-1.5749425,0.41396916,-0.19788712,0.90987957,-0.2934159,0.4362445,0.048861902,0.62197983,0.34970805,-0.723011,0.45102403,0.19753991,-0.6436265,0.011067737,0.08208658,0.13628483,1.7522609,-0.56068075,-1.428889,-0.019300526,0.2512157,0.85242313,0.8351913,0.91348106,-1.894385,2.2843091,-0.7852982,-0.28098744,-0.17001817,-0.7273646,0.059932422,-0.6498354,-0.28388256,0.8306039,0.35355455,-0.783646,0.8134262,-0.64308226,-0.52696997,0.84550214,-1.1614797,-1.3435887,-0.66843617,-1.8107989,0.5929581,1.6003737,0.9442321,1.1299541,0.30091324,-0.21770613,-0.3191213,-0.34766224,0.7935877,-1.092731,0.35878983,1.3471203,1.4765865,0.6239862,-0.23301627,-0.5214152,-0.092261046,-0.12571025,-0.55535424,-1.2369213,1.4395729,1.4830208,0.6985809,1.7406133,0.7912692,0.5010485,-0.46345642,0.410902,1.2873864,0.62393886,0.5192857,-0.05764884,1.2306312,-0.4987857,-0.70419216,-0.8509572,-0.7040464
A02B,0.81818897,-0.972358,0.24676642,0.32608053,-0.14632058,0.59908205,-0.48034066,0.54396117,-0.8105531,0.44938588,-0.5741856,-1.0001472,1.5486172,-0.30803597,-0.7832043,-0.92357504,0.9292793,0.647063,0.6995268,-0.06753126,1.461782,-0.574653,0.6861879,-1.0522485,1.5403883,-1.373977,-0.09775737,0.2037797,1.7416134,-1.7943563,-0.13207927,0.55769813,-0.112434834,-0.062246304,-1.1854646,0.44371825,-0.017943382,-1.0451316,-0.18582925,1.3032799,1.7940601,0.018678315,0.38854125,1.782485,1.1668332,-0.10943934,0.7811132,-1.8346401,1.1192888,-1.0566484,0.81207573,-0.1919658,0.11776671,1.7187486,-1.1001278,-1.739575,0.2317644,0.3183223,1.3544163,1.5811366,0.3374166,0.40200815,1.5328313,-0.3063567,-1.0403038,1.0624379,1.1006324,-0.38075495,1.4461646,-1.1018226,0.20556167,0.65387565,1.113674,-0.5484791,0.07085282,1.0051092,-0.30453008,1.0667578,2.4928205,0.43680522,-0.57598096,1.3600444,-0.60656995,0.03332788,-1.4606099,1.5906072,-1.6719131,-0.051947456,-0.4677266,0.13188222,-1.4661156,-1.0601118,-1.5385237,-0.13954048,0.7367652,-2.6168118,-0.1131855,-1.5774508,-1.573492,0.0026366448,-1.9598386,0.024020394,0.18332058,1.3094825,0.15809499,1.569204,0.6287947,-1.7673037,-0.57408327,-0.32050768,0.0048094634,0.17393334,1.5857208,-0.6239456,-1.0110885,-1.3606892,0.4254112,0.10423945,0.3785113,-0.6220985,-0.21977893,-1.4048433,-0.06687386,-0.0060498193,-0.94145375,-1.193133,-0.024196707,-0.500235
A03A,0.3654807,-0.4371514,-1.4688106,-0.2969985,-0.8012377,-0.4841977,0.71876305,0.0941673,-0.12250466,0.54797786,-0.12119525,-0.8194569,-0.28315604,-0.11747843,0.5129114,-1.2633836,-0.705838,-1.1679409,0.10834925,0.5198363,0.8901922,-0.45685768,1.2392347,0.9042883,-0.011974219,0.73913246,1.2824496,-0.24928874,2.07634,0.34848163,0.106269576,1.0743171,0.022794753,-0.69486225,-0.22703595,-0.20913321,1.4388378,-0.30435857,0.6065782,-0.67518455,-0.20860574,0.03527477,-2.5841613,-1.9427922,-0.2628049,-0.33764023,1.3928468,-0.38117537,0.6038242,0.17992048,0.56651974,0.1895007,-1.192702,-0.59296143,-0.21265768,0.5175441,1.1249776,-0.8349739,0.19677748,-0.2544945,-1.3854998,1.2301998,-1.9552919,0.622326,-0.6684396,1.8840352,0.07057384,-0.17078519,-0.16408727,1.3982121,0.357682,0.4173234,1.5957075,-0.8767442,-0.9163307,1.1220695,1.3065317,0.5021254,-0.54020286,-1.2470436,0.43054354,-0.6746034,0.56599265,-0.203249,-0.8980236,0.83595335,-1.4802378,-0.34440476,0.38240558,-2.1870718,0.4311045,-1.1248783,1.1323931,0.44238713,-0.5175712,-0.8727373,0.3352128,0.37324104,-1.3893648,0.8475044,0.09862773,2.0429418,-0.20588785,0.007616512,-0.01841804,-1.6251311,0.8191862,0.3236365,-0.039734207,-0.18844724,-2.1519897,0.5792325,-0.9419462,0.4063166,-0.18882845,-0.2258724,-0.26314795,1.7908654,1.9792358,0.022681942,-1.4023497,1.4799898,0.98674697,0.40963048,1.2014403,-0.27084413,0.88500506,0.41038847
A03B,0.24748288,-0.9933566,0.2643987,1.9213735,-1.1910154,-0.23548855,0.57954055,-0.2622447,0.40835553,-0.17022395,2.284762,-0.16989607,0.46318266,0.3100895,0.1854225,-0.8390501,-0.3027298,-1.0149392,-0.32893163,-0.333449,-0.42188942,-1.1495577,0.74236655,-2.3180594,0.74889123,-1.3127992,0.48475492,-1.3347366,-1.2147771,-0.6867475,0.9542693,0.023090204,0.21137027,0.36320612,-0.5194891,-0.051622998,0.31297097,-0.43529406,-0.03120495,-0.8132502,1.696395,1.0019732,-0.661981,-0.64001787,-0.9888738,0.45332333,0.42421496,-0.18025434,-0.48184517,1.858902,-0.59566927,-0.9272617,-0.45172703,-0.069604374,-0.49119455,-1.4608533,-0.022478275,0.048858233,-0.98456657,-0.9701425,-0.06562134,0.057425614,-1.483254,-1.1292944,-1.8981179,-0.16301523,-0.18018502,-1.8914324,-0.93129086,0.26406708,0.47660235,-0.976231,-0.4352712,-0.13317834,-1.2071869,-0.039162144,-1.2832153,0.6844563,0.71345425,-0.64124626,-0.7693613,1.1245108,0.5814195,-0.2127979,0.12578274,-0.567172,1.3331556,-0.47228935,-0.9722495,0.09999005,0.90162265,-0.5910722,-0.91070956,-0.9977708,0.2581681,-0.26387745,1.7120508,-1.549834,-0.2275765,-0.94268024,0.4643028,1.0367088,-0.26074857,-0.68371654,-0.18613161,0.7611818,-2.1903095,-0.77424914,-1.3774387,0.43471813,-1.0334193,-0.02135586,0.623729,0.25886822,0.36519438,1.0363771,-0.023482429,0.77605456,-1.7723624,0.94809604,-1.3004204,-1.4359515,-0.46806216,-0.8665391,0.1530513,0.022717495,-0.28656486,-0.48931903
A03C,-0.30020267,-0.3017701,0.92985845,0.5868833,-0.3345781,-0.0030744541,-0.06076885,-0.23799163,-0.23961028,1.0378469,-0.12977636,-0.9531265,-0.68137443,-1.4811991,0.30744076,0.35818592,1.7142105,0.115079194,-0.36246914,0.8233234,-0.74998903,-0.8481585,-0.6693834,1.2631239,0.56962806,-2.1944382,-0.38443184,1.7495984,0.39614487,-0.23882891,0.5614102,1.5309107,1.3478003,-0.51081294,-0.15671417,-0.3446393,0.39309335,-0.6070394,-0.36068115,1.609915,2.2917316,0.7150496,1.2525101,1.9877162,-0.20730345,-0.24310406,0.77060944,-0.57890105,-0.67796266,0.542809,1.8013483,0.18049744,-0.27897462,1.8603436,-1.0433266,-0.9364848,-1.1880356,-1.2800568,0.08670509,0.093635835,0.34086457,1.7677448,-1.1043897,1.1734898,-1.0160614,-1.8615562,-1.0807484,0.06374456,-0.66703683,-1.1477151,0.7239254,-1.3455074,1.1991303,-0.21345942,0.98656005,0.16484515,-1.012203,-0.018417275,-0.608023,0.12978163,-1.0996124,-0.56824327,-0.8960108,1.12083,-0.59477276,0.83589077,-1.6128162,0.9945759,-0.9156196,0.55106056,-0.17568395,-0.2641712,0.20966043,0.56024826,-0.2261247,1.6920065,-0.72760504,-0.74935246,0.5052262,-1.0378916,-0.6800514,-1.258055,-1.1046187,0.60072666,-0.8619338,0.12202849,-1.2541064,0.140092,0.8073989,-0.11533931,-0.36497173,0.016318753,-0.1878035,0.13090666,0.43499544,-0.22896194,1.3196818,-0.4325394,-0.5252615,-1.0194517,-1.416596,0.5091121,1.3998919,0.53707016,-1.9329098,0.12696607,0.69791734,0.20864837
A03F,-0.04517856,-0.037293382,-0.23905344,-0.638198,0.8285589,-0.55551356,-0.40065256,1.1791524,1.4460357,0.035067916,0.9401089,-0.6120348,1.7967254,-0.5301716,1.1976211,0.3233713,-0.8409358,0.7505076,-0.5606372,0.5836033,1.3110136,-1.0984126,1.3097814,-0.34666827,-1.8672947,0.18815556,0.90595055,-1.1001791,-1.340279,0.5178849,0.8726057,0.40715095,0.5316055,1.1022286,0.4629992,1.0073845,-0.7341335,0.78954816,0.07634567,1.1034242,-0.5424314,-1.285373,-0.093695305,-2.1441033,0.8579836,-1.7825991,-0.6578096,-1.201464,0.63482946,-0.50473094,-0.26127082,0.23540542,0.09522958,0.42982885,0.85254854,-0.5331277,0.27530578,0.93944985,-0.5458841,-0.034204982,-0.03366301,-0.4766597,0.97454286,-0.52007633,-1.5508412,1.11972,-0.35772824,-0.32950467,0.55244035,0.27439618,-0.15775207,-0.3434836,0.59901255,0.36043742,0.22521308,-1.198866,0.7370476,-0.41162527,0.51061606,0.65073127,1.410502,-0.21225926,-1.1239644,1.4870012,-0.36648914,0.5980297,-0.7420026,0.0121271005,0.501925,0.90335953,0.2526183,-0.9089108,0.056580946,-0.0747315,-1.3150526,-0.6531978,-0.8758361,0.77670985,0.03847722,-0.8288673,0.22645785,0.8279741,0.9303511,-0.22841229,-0.48826993,-0.5682125,-0.4624607,0.54178727,0.5078947,-1.4647989,-0.31048635,0.45726657,0.7178973,-0.42877948,-1.7459629,0.51151085,-0.96558005,-0.20629929,0.5899343,0.82679754,1.7037956,-0.4425759,-0.06693384,-2.1966844,-0.7740526,-0.08656084,1.4892511,-1.4537644
A04A,-0.6811186,0.44371164,-0.06446322,1.5549533,-0.0016801775,-0.72334284,-0.9681707,0.11462153,0.32780236,0.84016603,1.1707113,0.008351522,-0.71592,0.69107014,0.34418768,-1.4724263,-0.6560917,-1.3251386,-0.03984661,-0.93069834,0.26350787,0.908175,2.2632575,1.2835929,1.0924623,1.5383264,-0.8098775,0.18590136,1.2935338,0.86848503,-0.76744884,0.9984785,-0.4662186,0.16092809,1.3919843,0.42979643,0.7084038,-1.307965,0.40334424,1.3882662,-1.2844595,0.7204321,-1.0716673,0.1169445,-1.7363943,1.9142787,-0.34906948,-0.8088846,0.9165592,0.73307794,-0.6296636,-0.9744228,0.70772713,-0.1175697,-1.426459,-0.29907963,-1.1422708,0.048821945,0.029247774,1.0296038,-0.2323436,-1.5399423,0.36303946,0.15865183,0.013489606,0.37042195,1.2059988,-0.31315473,0.19493991,-0.11674517,0.7244651,0.63253134,0.9451541,0.6268204,1.5341479,-0.8241225,-0.061754983,1.3372685,0.7247944,-1.7346479,-0.6254792,1.1809872,-0.881182,-1.2332363,0.20723075,-0.27350524,0.17720778,0.3872948,-2.1423917,0.939554,1.2934754,0.4588015,-1.2943398,0.12581801,-0.540273,0.9639789,-0.3997633,1.5577044,0.48927018,-1.33026,1.589045,-0.76460856,-0.9601868,0.88818777,-0.51677334,0.28365853,0.06574958,0.06263254,-0.21690209,0.265281,0.9555869,-1.8789167,-0.85751903,-0.35832,-0.5188664,0.26438606,0.27717653,-0.12450952,0.83156383,-1.2952472,-0.66102237,0.9310248,0.2718102,0.4029457,-1.1083539,-0.34308532,-0.17508559,-0.87943023
A05A,0.9296356,-0.6222997,-0.04132799,0.6179776,-1.8670871,-0.49402183,1.277528,-0.008580033,0.054336354,-0.25743693,1.1310796,-0.65514624,1.5207456,-0.53396004,0.35610405,0.7688157,0.57480425,-1.3174466,-0.52011406,1.5199735,-0.7353936,0.7162478,0.2312706,-1.4499823,1.6936225,-1.0771638,-0.41089585,0.47364593,0.40912113,-0.10764471,1.7458882,0.99347705,1.3120786,-2.4743035,-1.1861496,-0.86786044,1.3910189,-0.5807769,0.30940267,-0.37488365,-0.61085737,1.438803,-0.037815247,-1.2953058,-0.48428795,-0.2736556,0.5563383,0.4079594,1.5190862,-0.14679585,-0.17819242,0.9927332,-0.5691877,1.0249457,-0.12090545,1.091062,1.4996128,0.14066976,0.19932218,1.6280478,0.2260666,-0.31976536,-0.16836174,-2.642786,-1.1608776,0.16835539,-0.85909855,0.059936672,0.8075987,0.20364788,-0.5693807,-1.0822936,0.90710366,0.7293861,1.1828872,-0.941351,-0.015470996,-0.17898537,-0.91417044,0.8730952,-0.3531369,0.34227037,0.31292114,0.7307337,1.2102855,-0.82019866,-0.40034524,1.2639569,-0.686081,0.78320825,-0.21650049,-1.3860211,-1.1266729,0.10314174,0.3656359,1.0989203,0.99321777,-1.5570887,-2.121416,-0.38823783,1.3325598,-0.02959733,-0.4790211,0.30388078,-0.6505926,-0.46077964,0.52788717,-0.387595,1.1716737,0.36552638,-0.27332368,-0.0102856895,1.049989,0.93772995,0.7737871,-0.5533778,-0.9612784,1.7448412,1.3503734,1.5442754,-0.056744847,-0.41051042,1.4540939,-0.5128723,-1.0026193,0.38551807,0.33488542,-0.5255052
A05B,-0.20507656,2.1961768,1.3545434,-0.66622585,-0.7999835,-1.1073399,0.7279916,0.8828177,-0.1275435,-0.24123962,1.1835247,1.4014729,-1.008531,-0.13626878,-0.44488367,-0.11937452,0.6043473,0.46655294,0.7443715,1.9479301,1.112177,-0.8436198,-1.0075082,0.07297729,0.81657255,-0.089088276,-1.0479827,-0.37047926,-0.7327242,0.0146791255,-0.8762033,0.13794197,-0.35941207,1.5724508,-1.4125291,0.17324711,0.57073605,1.4110224,1.4477094,0.69364965,-0.7445684,1.3392122,1.141046,0.9110606,1.1109815,1.7360445,-1.321103,0.9518818,0.47524044,0.7212694,-0.63668853,0.7890583,1.1265042,0.29202327,0.08697187,-0.5797807,-2.7033544,0.5787129,1.3154377,-1.4595149,1.8767967,0.51770747,1.3255733,0.036002148,-0.8440431,0.011825551,-0.7166454,-1.2964907,-0.46829748,0.477556,-0.94860744,-1.2186304,0.77682596,-0.136483,0.75416535,-0.53948045,-1.0622311,0.3331609,-0.6451083,-1.0587753,-0.05652023,1.5642647,-0.90798104,-0.33675984,-0.5148747,0.104622066,0.5451812,0.57005364,0.13608623,0.770479,1.2550759,0.7520592,-1.7614206,-0.106726445,0.28998372,0.124741286,-0.3757593,0.019003157,0.76600355,-1.614004,-0.566401,-0.18066509,0.61962146,-0.26577795,1.1234905,0.7975375,-0.10535127,0.62551755,0.04566032,0.1474906,2.262484,-0.33188996,0.80702144,-0.61122435,0.36265773,-0.89244527,1.058638,-0.61400616,-0.9806156,0.22064766,-2.3093266,-0.2218107,0.1511302,-1.8913841,-2.2010539,2.461358,-0.5896375,-0.93744695
A06A,-0.54423356,-0.5528574,0.13675153,-0.21005552,-0.6315673,-0.6218965,0.25395313,1.361128,-0.9402504,-0.046464376,-0.91667306,-0.14796138,-0.65104806,-0.96021515,1.8040788,-0.5259637,-1.3903372,-0.24526145,-0.22425131,-0.41255876,-1.886943,0.13123068,0.2609017,1.0543332,0.026762493,-0.9276019,1.853101,1.585265,0.4830479,0.6535861,1.1063366,0.24078734,0.5006677,-1.286134,1.856227,-0.25132224,1.2636629,1.514269,-0.112502486,-0.600582,-1.1600369,0.099984735,1.4111422,-1.734642,0.026695892,0.11650034,0.011470717,-0.21237391,0.55697626,-0.16335326,1.2964106,1.2724825,-0.686846,-1.3672034,1.5211235,0.45089614,-1.3025377,0.6034078,1.015805,1.1143135,-0.7513773,0.27319744,0.47010696,-0.29741457,0.1424821,-1.0504196,1.7595516,0.52596325,0.1408691,1.501539,-0.29190826,-0.40576053,-1.0508323,0.2767484,1.2179809,-0.46424815,0.8772621,-0.96177226,0.10165725,-0.57079625,-0.052834675,-1.1179695,-0.09734299,1.2911954,0.98761845,0.4377313,0.13900502,0.7941982,0.49357417,1.6641282,0.87810713,-0.19238073,1.0860741,-1.0355303,-0.12001525,-0.5593843,-0.29848915,-0.44264483,2.1804771,1.7707549,0.10226958,0.419274,-0.049984764,-1.0977648,-1.4358896,-0.44007728,1.1733133,-1.2119607,-1.0938878,-0.38013458,1.2725735,-2.2197387,-1.1557082,-0.5011017,-0.5194286,-0.7378817,-0.21979599,0.24437545,0.024092173,-0.6032756,-0.7912098,0.45564523,1.3653724,-1.2354527,0.56789094,-0.65231377,0.432524,-1.1198658
A07A,0.8013155,2.4943726,-0.39796004,-1.235051,-0.11777201,0.8786766,-0.50930196,-0.24936424,-0.07118454,-0.65188795,-0.51185477,0.31081015,0.32347706,-0.87565434,-0.63219553,0.75976145,0.1899511,0.3619232,-0.58882785,0.6281153,0.9848451,-1.2231421,-0.6330131,0.925798,0.12586221,0.77273613,1.077841,0.49531507,-0.8387313,0.38613975,-0.2639485,0.74985003,-0.2820966,-0.31487423,0.10121957,-1.3217306,0.6307528,-0.7753613,1.2248719,-0.62712383,0.26276973,-0.45624542,-0.15991329,-0.21333757,0.27460143,-0.66632926,-0.78263503,0.85933226,0.5900336,1.0012199,0.41799197,0.39723238,2.212156,1.2011184,-0.29309076,0.723204,1.4854685,-0.22495401,0.95250213,0.53465235,0.37309092,-0.17205778,0.29310647,1.8125978,-0.4485219,-1.1868441,-0.71200675,-0.27501592,0.071482316,0.032560755,-1.1554695,-0.7020895,-0.2565572,1.8925768,-0.2524913,0.27252457,-1.4811641,1.1273719,0.10603596,-1.1892319,1.198579,0.05267167,-0.8631647,0.34427637,0.61111933,0.27710393,-0.898275,-0.43565375,1.6532053,0.7877788,0.6601163,-0.17690603,-0.5706259,0.3681691,1.1904383,0.61588407,0.09518614,0.65918404,-0.7384783,0.38325673,0.37292835,0.772769,0.27626702,-0.6419685,-0.0606067,-1.7177544,0.7889842,0.6674036,-0.33710983,0.4756972,-0.10138234,0.58215475,-0.58766294,0.64679074,-0.53073376,-0.98160166,0.6981806,-0.21806447,-1.0053935,-0.7944563,-0.20355093,0.21518758,-0.8920281,0.6757304,0.93575406,-0.12221534,0.27049989,1.1196104
A07B,-0.3419258,0.008116674,-1.5359247,0.019819293,0.087400965,-2.0470333,1.4105362,-0.4855764,1.4157712,-0.25568792,1.7845746,-0.0073601166,-1.1476265,-0.55605376,-0.04891763,-0.8512382,-0.62746716,0.33908996,0.69797194,0.3268085,-0.4091325,-0.8450699,2.0332751,-0.21008141,-1.4955293,0.87942106,-0.43992236,-1.2488816,0.5713472,0.7943733,0.600112,-1.1971402,0.6668879,0.2085082,-0.5156023,-0.27508324,-1.1764662,0.5998513,0.9301349,-0.5025173,-0.0026303274,0.022503713,1.4643809,-0.17248258,-0.94275266,-0.23746173,2.2195725,0.16666767,1.3338783,0.1329251,0.37937373,0.29707798,-0.15883912,-0.3544996,0.2806328,-0.65867877,0.6341582,0.21835801,-1.0242531,0.4021551,-0.70649004,-0.4188147,1.482675,-0.58783895,-1.0487014,-0.08445365,0.41168296,-1.3222667,0.33344197,-1.9747714,-0.047450244,0.64229333,-0.012920545,0.0085751405,0.29520726,-1.3521324,1.2659667,-0.50084907,-0.47353357,-1.0024573,-0.108138956,0.1954328,-1.1664497,1.6782568,0.17577234,-0.780048,-1.0818061,-0.55973864,0.8131499,-0.28588802,-0.21598655,-0.18816386,0.21203999,1.213723,0.22597227,-0.09319672,1.1370041,0.72236097,-0.6171694,-0.39909655,1.0639437,0.509578,-1.1362699,1.5881271,1.4318552,-0.2141861,1.273909,0.963375,-0.0830957,0.15851972,-1.472863,0.81686234,0.53661084,0.5112796,0.044126768,-0.16007295,-0.31103775,1.2762315,-0.06987689,0.91638803,-0.18971807,0.01448273,-0.80727446,1.0346613,-0.427054,0.4052581,0.19064626,-0.74093056
A07D,-1.6047099,0.6046609,-0.6122673,-0.027041022,-1.0886334,-0.65783054,1.5738463,-0.61732596,-1.3190235,0.7673017,-0.28789538,-1.364885,-1.0763162,-0.2903787,-1.193462,0.82574016,-0.18249397,-0.7775885,-0.08804368,-0.6039872,1.7552509,-1.901711,-0.5498568,0.4334148,0.45866978,-0.24245529,-0.9084946,-0.73027617,-1.2478285,-0.41481534,2.0314288,-0.56426585,-0.10485632,0.4813768,1.6593843,0.15337926,1.2021066,2.0831404,0.23506646,-1.1458298,-0.053176366,-1.4952829,-0.13725756,-1.747656,0.4152765,0.5075451,-0.39595383,-0.20371242,-0.66048306,0.15782833,-0.48524573,1.2402605,1.0820862,-0.09406673,-0.06917664,2.0488083,-0.97792923,0.09551908,0.50840527,0.03406762,-0.47186786,1.5860189,-0.606078,-1.1646303,-2.0101502,-0.15799339,-0.5237271,2.2505813,-1.1742473,0.1218165,0.6880553,-1.9996161,-1.3187859,1.2431633,0.45631292,-0.591215,-1.1861066,-0.08231423,2.0083225,0.39650002,1.2953587,-0.5510131,0.3552409,1.9702312,0.9100968,0.30904555,0.30052903,0.45603088,0.6349119,-0.85361767,0.6863184,0.25639537,0.72472924,0.9366083,-1.2608247,1.0887569,-1.0665966,-0.6306268,0.0731493,-0.180357,0.5955803,-0.17654693,0.8956697,-1.3332515,0.56656915,-1.7167138,0.23688121,-1.0268774,-0.5029359,-1.8667523,0.9332241,-0.7716996,0.4508743,-0.23147602,0.071358316,1.5220267,-1.9676682,1.1008586,0.20090055,0.28850004,-1.1391966,-0.8068424,1.0177878,-0.75238144,1.1921625,0.68423426,-1.179906,0.60322464
A07E,0.78138125,2.200709,-1.5128989,-0.45758197,-0.6483932,0.84868807,-0.57668096,-0.5681251,-0.6055412,-0.89753544,0.040682647,0.2075084,0.22707757,1.6521494,1.7726895,1.1149341,0.6409486,1.2426145,-0.07258172,-0.1733211,1.1439388,0.49248722,0.78316563,-0.07417948,-0.9764573,0.95804495,0.50713116,0.18980011,-1.1615295,0.073289506,-1.6523881,-1.8381404,-0.21449168,-1.0213927,0.32817343,-0.18891244,-0.094889514,2.0667987,-1.259417,1.2861109,1.1053094,-1.3363652,0.6403013,0.8690912,1.0745394,-0.22269416,1.9489553,-0.47472036,-0.26008496,0.7606672,-0.25867933,-0.35135254,0.5325319,-0.030335894,1.4466906,1.9007739,-1.6155375,2.4115667,-0.27063292,-0.348555,0.6448133,-0.7616064,1.015531,-2.8719943,-0.39158243,1.4231114,-0.82226855,-0.43044332,0.62946504,1.0424285,1.0818393,-1.32314,0.66671497,-2.56435,-0.40904906,-1.1506093,-0.25127146,0.36583382,0.48893625,-0.3130483,-1.414223,-0.47286412,-1.5906807,-0.1500567,-0.17750734,-1.0562292,-1.4634732,0.09217082,-1.9126973,0.03960427,1.565519,-0.8617297,1.3432198,0.8332726,0.3330863,-0.13073261,-1.4141208,-1.174877,1.6041075,-0.17483728,-1.2448716,-0.42592272,-0.6419283,-0.44265938,-1.341453,-1.2018564,1.0311325,0.55320174,-0.64026564,0.8218418,-0.367875,-0.5827853,0.22082722,0.7716673,-0.7013814,-0.17027989,-1.0446033,-0.61107934,0.9725419,-0.9637512,1.1712329,0.48402217,0.11157848,0.18904816,0.316078,-0.14277326,-1.3397785,-1.1422526
A07F,0.8361415,0.2421796,0.6004259,-0.17790526,-1.2321591,1.1311778,1.3375072,0.5125749,-1.6275395,0.23417234,0.41533357,-0.03255881,-0.04963471,-1.2505498,-2.1163206,-0.4401016,-0.58455855,0.42976752,-1.1237959,0.8526173,-0.17480823,0.33910516,0.33861154,-0.20592272,1.0828276,1.3920822,1.0610967,0.71123284,-0.25253144,-0.51061237,-0.027493287,-1.4925396,0.11069023,0.4106062,-0.24954864,-1.2524099,1.8423591,-1.6706095,0.4614348,0.53174627,-0.26241753,-2.0098507,-0.63392925,2.310236,0.061942928,0.11837207,-0.9442842,-0.19262698,-0.15778127,-0.32173255,-2.3222556,0.20439297,1.6788179,-2.4545105,-0.45644838,-0.96139914,0.84462684,0.4849634,2.3772752,-0.35561886,1.5236448,0.36515564,-0.4607553,1.3426926,0.23339923,-0.605188,0.11916537,-0.0184133,0.035706464,-0.66650754,1.9882942,1.4541967,0.66374135,0.6134519,0.65095353,1.8348495,0.52209073,-1.2519553,-0.99257463,2.2408452,-0.13058913,2.253441,-0.8366677,1.2740991,1.5417043,1.6277664,0.291331,-0.6017368,0.6878619,-0.5797065,-0.48733124,-1.1376231,-1.2530642,-0.9026231,-0.065835565,0.15674956,0.6347073,0.9527558,0.57795626,0.114512525,-1.1772317,1.2850709,0.6629163,-0.11118829,1.4346844,0.51229465,0.712174,-0.6870518,1.0208365,-0.8577198,2.3498542,-1.0503916,0.06097219,-0.11085914,0.6218159,0.027390484,0.26987132,-1.1121615,0.5541738,-0.09527569,-0.20154521,-0.39046618,0.6611803,-0.10080031,0.13405062,-0.8537378,-1.2182146,1.6179054
A07X,2.522479,0.33100462,0.67456114,1.4210466,-0.3647262,0.5385434,-0.044020057,-0.43244627,1.2844878,-1.1988223,-0.4682796,-0.49097574,-1.7927167,1.1776803,-0.07281424,0.9384956,0.043255217,1.4888488,-1.3905636,-0.6062074,0.8988484,1.7991028,0.45313472,-1.2220966,0.6953708,-0.757284,1.5022668,0.2534654,0.54637814,0.52495277,0.22010234,1.2321334,-1.3340883,0.1542038,-2.0303383,0.84280515,-0.017629799,0.92276555,0.29896724,0.06781446,0.40204415,0.088246584,-0.66530263,-0.7639636,0.83109707,-1.1500328,-0.95404774,0.38864544,-0.9007397,0.10088481,0.63214624,1.5171734,-0.28474963,-0.0027808,-0.15336953,-0.3165375,0.38941565,-0.7106548,1.0123435,1.1465831,0.7328457,-1.8002704,0.6414562,-0.8933925,0.24819076,1.0100254,-1.7931272,-0.15004726,-0.009496791,-0.60980844,-0.17083456,-2.1405568,-1.0220088,1.0400532,-0.26992488,1.0455236,0.87459064,1.2441266,-0.88004726,0.398121,-0.43499076,-0.060164686,-0.94203764,-0.5112751,0.53895015,0.1542877,1.0468537,-0.6486417,-1.0405636,0.058940556,-0.19378506,-2.0873878,1.1955208,-0.7336826,-1.5032302,-0.21502395,1.3609933,0.9244606,0.2762262,1.0731149,0.3602694,1.0490077,-0.4109411,0.2700064,-1.2865674,0.04480516,-1.1832924,0.58671236,2.009326,-1.1098423,0.046854988,-1.3205063,0.73750454,-0.037740774,-0.87670976,1.2042868,-0.7809994,0.015910598,-0.4287395,1.3455216,-0.72534406,0.8830497,2.0575628,0.40242395,-0.69727933,1.5768688,0.11016374,0.5474603
A08A,0.5184497,0.5380618,1.1165313,2.1324387,-0.7464415,-0.19642779,1.8911407,1.6343985,-0.30235747,0.79510313,0.42651296,-0.5600117,1.4520122,0.24084216,-0.16454752,1.3199039,-0.7431343,0.68238646,-0.7930199,-0.41542822,0.34725115,-1.2376539,-0.389088,-0.2044465,-1.0597854,0.5017494,0.21204989,-0.36138946,0.50631064,-0.68516356,-0.18206985,0.27177483,-0.6423022,-0.86661005,-1.5934473,-0.45030093,-0.51298666,0.24948935,0.9175063,0.6683881,-0.31788108,-2.0600948,-1.4052839,-0.19102134,-0.92610484,0.75970906,0.15342334,0.9973397,0.76470476,-0.53996927,-2.0051985,0.30078715,-0.28779387,1.3326021,0.7446986,-0.53622705,-0.8378923,0.15053177,1.3428646,1.4912298,-2.1049957,1.4412613,-1.7288761,-0.2504833,-1.2979641,0.32041445,-0.3578317,0.16728455,1.0334113,0.9240915,0.7426659,0.6901668,-0.1892115,-1.080566,-0.53348017,-0.08670041,0.11063933,1.4195626,0.7741962,-1.0086545,1.2222348,-0.37314245,-1.2724898,-0.17967464,-0.5681443,0.29598114,-0.46010202,-0.42911112,-0.8184426,-0.07221341,-0.28392255,1.2370495,-1.5125318,0.96065694,-0.33398545,1.2717885,-1.0882022,-0.37357235,0.8964467,-0.3359283,-0.46613374,0.05976581,-1.0228919,0.8395057,0.7882728,-1.0447857,-0.9961946,0.20444672,-0.71649766,-0.56266564,-0.59524083,-0.9097628,0.2272426,0.9028417,0.13280495,0.96843547,0.77270204,-0.47736576,-2.4902053,-2.8086376,-0.23220679,-0.5690862,0.14581686,-0.18852997,0.22021922,-0.12013576,0.3019177,0.26103187
A09A,0.2058253,-0.5318291,0.32736823,0.93942213,1.2074349,0.87051654,0.23827341,-0.63226336,-0.09910607,-0.9739457,-0.6183801,0.12877049,0.15843113,0.0017410684,0.39398667,0.22124003,-0.1215503,0.020568268,1.010185,-0.048306424,-1.0014464,-0.6529501,-0.37504956,-0.38597226,-0.052246887,0.15000534,0.16085325,0.06017901,1.8863182,-0.6731703,-0.35934147,-0.37027022,0.7567448,0.37774193,1.253931,-0.044252444,-1.7133293,1.3963606,-0.33937165,-0.78207326,-0.24664107,0.87117594,1.3455521,0.5561621,0.68212837,-0.71179885,-0.20089692,0.06860357,-0.6567498,-1.2331221,1.540146,0.77418035,1.2571163,1.0895327,-0.8145423,2.377852,1.1288885,0.26494646,-0.046800893,-1.0594637,0.7337718,-0.42770267,1.2089309,0.053600486,1.0958247,-1.0565405,0.48143744,-0.1844026,0.38762626,0.75944686,1.5786581,-0.93651044,-0.39489904,-0.24343622,0.051529232,0.6926248,0.35700423,-0.37907648,-0.0029852139,-1.3832992,1.4016583,-0.6857665,0.935471,-2.6544166,-0.24914137,1.1490047,0.11529272,0.47997388,1.7272538,0.41636673,-0.36391848,-1.1465167,-0.45460406,0.27400202,-1.386476,0.69606763,-1.1491117,0.93873215,0.6680698,0.47042304,0.34597212,0.1188951,-1.2350259,1.0236425,-0.43157026,1.0947887,-0.15678568,0.06306054,-1.4990432,0.2871209,-0.5058482,0.63168114,1.2317965,0.6130367,0.33762532,1.5167035,0.12186637,0.30934232,0.027284238,-0.50787187,-0.5558334,-0.17634806,-1.6184847,0.147478,-0.7293077,1.07918,-0.09644033,1.4976292
A10A,-1.3604417,0.8808363,-0.13999952,-1.6921366,-0.3108338,-0.033007026,0.2780072,0.18274467,-0.6472794,-0.27532038,0.45382452,-0.19163877,0.7159752,-0.47720113,-0.5899679,-0.68279135,-0.6535849,0.5428017,-1.270756,0.5616267,-1.2145923,-1.6964002,0.87642664,-0.809807,0.32459685,0.78426194,1.4986156,-1.3182714,0.82106584,0.70613617,0.5434483,0.74441785,0.14481954,-0.98680574,0.9137316,0.21569908,-0.66415286,0.4175192,1.5083506,0.6529259,-0.20831469,-1.9012907,-1.1945659,-0.9950557,-0.45917806,1.1797627,-0.5609783,0.098261826,-1.5934807,-0.18301995,-0.98086476,1.35558,0.20311004,-1.0325997,1.2487241,0.6187232,-1.5520487,0.32375804,0.08452737,-1.2328441,-0.501482,1.8487625,1.3559047,1.1313022,-0.22543289,-0.49335188,1.1355258,-0.7620688,0.1700776,-1.3508966,0.7622625,0.9234191,-0.903374,1.5297035,-1.2224829,-0.9034551,0.22067554,-0.90418136,1.0101783,-0.61919606,0.0055801924,0.26791748,-0.30622357,-2.259796,0.5412936,-0.16692896,-1.311397,0.8764036,0.027908055,-0.9391233,1.8425901,1.7519839,-0.7035652,0.26205584,0.89809597,0.43692735,-1.248741,0.1359071,-1.5112122,-1.0192071,1.5770344,0.1338338,-0.5601202,-0.18275557,-0.76597434,1.0552338,0.9502868,0.43964472,0.056042694,-1.2068052,-1.153112,1.5102189,-2.5947592,0.097139,1.6359532,-1.2327349,0.7498296,-1.8117161,0.04256681,-1.3531759,0.28722343,0.39930215,0.8978239,-0.6117876,1.1933842,2.1271462,-1.4477783,-0.727558
A10B,0.56234616,0.8287294,-0.038490362,0.73755103,-0.13226607,-2.104608,0.607668,0.700905,1.4546382,0.6312696,0.014716446,-0.06153664,0.67662954,-0.4715107,-0.6769214,-1.3899744,-1.2836676,2.113972,-0.38851753,1.0510427,-1.8372704,-0.15963845,0.8245676,1.1993309,0.17178127,0.22870824,0.661853,0.27637956,-0.3658463,1.4797626,-1.5495409,-0.7030877,0.38471267,0.005133745,-1.5093888,-0.6025993,0.36033592,-0.6291939,1.1626724,0.6737932,1.1052644,-0.11552415,-1.945322,-2.1667647,-1.1351635,-0.058614552,1.068707,-0.5410653,2.8950882,-2.0121217,-0.18237497,0.9295485,1.1682649,0.3401887,2.0021589,1.4780227,-0.9248187,-0.60796374,0.95536387,-0.007727791,-1.208578,0.19963638,-1.7345126,0.58865005,-0.25948924,-1.2977802,-0.19055091,-1.042625,-0.432824,-0.49780366,-1.3132663,-0.1407015,-0.34528682,-0.66052306,-1.2603439,0.53287786,0.74103874,-1.0669527,1.1714656,-1.3455724,0.594915,-1.397892,0.88351965,0.11201559,-0.16512278,0.55122954,0.6237939,0.7520521,0.18384589,0.50724286,-0.67469835,-2.2859888,-0.8185099,0.48383954,1.9317867,-1.3480748,0.08377914,-1.0250274,-0.6654686,-1.1374278,-0.67959094,-0.94973284,-0.5072668,1.0274577,-0.62454945,1.7675478,-0.28549942,1.2590307,-0.47954652,0.14462797,-1.0608877,0.75642234,-1.0903475,-0.51611245,-2.1801066,0.3279718,-1.2591734,-2.5986743,-0.098585226,0.5710217,-1.4082319,1.073306,-0.0010015332,-0.8405335,-0.6963333,-0.21935119,-0.047339726,0.59254974
A11C,0.5866628,0.82381654,-0.31285205,-0.34041122,0.41723576,-0.18885715,0.85955876,-0.3634566,-0.25186676,0.18753564,-0.7924053,-0.083357945,1.270877,0.57528085,0.11103791,0.4666141,0.18946229,-0.61712486,0.20313916,-0.605417,0.036623396,0.4379717,-0.8183259,0.3346629,-0.7800285,0.7326103,0.56883436,-1.3388189,0.41613826,-1.0940338,-0.838783,0.427423,-0.09960454,-0.83228475,0.52386314,1.6366401,0.55596226,-0.124495715,-1.0395923,2.2397664,-0.21926695,1.8512979,-1.0394564,1.9488133,0.89525026,-1.3785434,0.23009434,-0.5877919,-0.6702524,-0.3678259,-0.68173665,1.0997068,-0.6741237,-1.5803751,-0.6578396,0.0063944976,-0.47958207,-0.112519756,-0.63536924,-2.0705411,-0.08925172,0.1477946,-0.37632394,0.14025944,0.30661136,-0.06169548,0.23862112,-0.12763381,0.6003678,-1.7928358,-1.2972243,0.3824081,0.8443128,0.2905311,0.15947713,0.09642021,-0.39804107,-0.63183224,1.2851492,-0.58773285,-0.11550513,-1.2389975,0.15437144,0.6207935,0.66823786,0.93044174,-0.8120818,-0.37183866,-0.4445835,0.04655922,-0.46041673,0.9499822,2.128413,-0.3391933,-0.8164636,1.293449,0.80436397,-0.1988625,0.01567189,-1.3156437,1.3322778,1.0604402,-0.62183404,0.7957351,-1.4864722,0.58367485,1.2318175,0.49878722,-1.235778,-0.1398216,-1.4447978,0.41731948,1.3544842,0.5155034,-0.33967066,-2.155321,-0.1539379,1.5438195,0.38062748,0.89277226,0.27776766,-1.569571,0.10745531,1.7070756,0.82933867,0.20567486,1.1053653,-1.0516696
A11D,0.42919585,-0.29516202,-0.8896123,-1.1411897,-1.8651665,0.07667225,1.8282771,-0.041799057,0.35415518,-0.71310353,0.68224746,1.1820685,-0.29738376,2.2768028,0.39961186,0.06293737,0.8453279,-0.5300391,-0.55690736,-1.0139272,0.75827086,-1.1444454,-1.5388758,2.1199625,-0.15690385,0.124826536,0.88956016,0.60178417,-0.8130214,1.1340246,0.96348876,-0.1060883,0.24860355,0.72974145,1.6997557,-0.21659324,-0.7697911,1.5823888,1.0890534,-1.78662,-1.3822473,-1.7966533,0.6819643,-1.5205688,-0.2206399,1.3265048,1.4326526,-0.6349689,1.0383794,-0.24167152,1.4921732,0.19640882,-0.761797,-0.39280507,1.2134821,0.5592397,0.070316024,0.2912507,-0.46632814,0.40399307,-1.0359163,1.535675,-0.6733554,-0.31128255,0.48814577,0.7272352,1.755209,0.0055931695,0.09838929,-0.92722833,0.7347516,-0.70070875,-1.9120557,0.2094853,0.49601188,0.17340665,0.59952384,-0.06971816,2.2742367,-1.4949036,-0.09013752,-0.9291857,-1.3429983,0.27344033,0.20628579,0.5168524,-0.09983679,-1.4692688,-0.51242507,1.1810039,0.41120732,0.31656164,0.078384876,-0.19645622,1.7997798,1.1337506,-0.30087596,0.24423091,-1.8999456,-0.829239,-1.223883,-0.5237406,0.8272,-0.47006878,-0.43987876,0.56307703,-0.99477905,0.49494722,0.75085884,-0.40522933,1.0261937,1.1257156,-0.5143227,0.5241144,0.26718888,-0.84886247,1.2389896,-0.23451735,0.5685363,-0.64209145,-1.262001,-0.5243719,0.56511545,-0.19246173,-0.17575592,-0.1039649,-1.5553352,-0.053862892
A11G,-1.9000207,0.018053997,1.5940418,-0.3995585,1.6754701,-0.14779998,-1.4297817,-0.18769397,0.096576914,0.5314344,1.2693741,-0.2598466,0.0066089877,0.584932,-0.5228073,1.8976187,2.3903394,0.26818824,1.5212334,-0.49235678,0.9180266,1.559937,-0.18817699,-0.8297044,0.0863347,-0.32140365,0.84757125,0.034487624,1.1257222,-0.43149194,1.2854805,-0.60893124,-0.37616196,0.25352773,-0.007637682,-0.3404882,-0.25617823,-1.0702348,-0.025318142,-0.12918141,0.4940016,0.2071478,0.5014763,0.96088326,0.15937829,-1.7071253,0.029904317,1.1521847,-0.5771399,1.2969779,-0.11557657,-0.56314486,1.2510482,-1.4502716,0.19277957,-0.28116894,-0.23787993,-0.69847465,0.67689574,0.64178556,0.6062469,-1.016507,0.91175044,-0.7546968,2.2408354,-0.37897328,-0.51419246,-0.120203495,-0.75369424,-0.70808315,-0.5926565,-1.039678,1.563103,-1.0917605,0.89453596,0.20113863,-1.8857838,-0.25408652,-0.9237882,-1.7587019,-0.75858545,0.1433909,-0.05008175,2.3820484,1.6117778,0.019975314,0.075950935,-0.99818593,0.22142285,-0.21768135,0.3761026,-1.9857923,0.5666465,0.439323,0.19764923,-0.43752694,-0.22750092,-0.21238187,-0.72031766,-0.45708203,-0.59885484,0.41885436,-1.4764967,1.5794052,0.24200074,-0.7149542,-0.042920947,1.4833597,1.6960795,-0.69772273,-0.233924,-0.034294236,1.9196895,-1.1409303,0.302058,-0.6476117,0.2922722,0.18044819,0.1653111,-1.3965431,-1.9323835,1.3058718,0.49151295,0.023135468,0.32646945,-1.2578707,0.83631563,0.049157605
A11H,-0.46242738,-0.6499578,0.69120747,-0.28533402,0.028519822,0.13414809,0.14557675,-1.0043548,1.4054031,0.80348474,-0.5574058,-0.93685114,0.12856174,-1.7690768,-0.7747702,0.65245193,-0.95021105,0.6732371,-1.3850976,-0.8142804,-0.6311046,-0.32388672,0.66187716,0.66932917,0.5870246,-0.33219165,-0.24604227,-2.3199039,1.2944112,-1.4055696,0.1308162,-2.1594439,-1.6755457,-0.82538205,1.7945068,0.95991725,0.20024416,0.0150390575,1.0376134,1.5836277,-0.2964344,0.39140007,0.3399338,-0.5391051,0.92837644,0.31413332,-0.41081047,-0.29559988,-0.74848694,-1.0987804,-0.87201077,-1.3636316,-0.012479801,-0.69660586,-1.3790191,0.44167688,-0.19677603,-0.7000604,0.7564413,0.63987166,0.20807269,-0.29864845,0.11145581,0.07928683,-1.7523478,-1.0573772,-0.6789771,-2.2593017,0.21628112,0.21747272,-0.39640543,0.58047485,-2.802441,-0.3339381,1.2424219,-0.22596934,-0.10191108,-0.02653708,-0.95118487,2.1195297,0.80059254,-0.039946772,-0.1952445,0.041501842,0.4650568,0.06168026,0.089396805,0.13426393,-0.8472937,-0.1273305,0.62676877,1.1627564,-0.73859996,2.4465864,0.6273406,2.0234034,-0.7356611,-1.147122,1.323189,0.11961123,0.46028343,2.038704,-0.6525608,0.4882009,-0.95017844,-1.008286,-0.8512522,0.62534505,1.1373498,1.1911961,-0.076550126,0.45786002,-0.27785447,0.06826847,-0.051168304,-1.3694118,-1.2560017,-0.525102,0.7502927,1.1691306,0.7591305,-0.5450343,1.1250501,0.11999995,-0.87067854,-0.23936109,-0.4881803,0.7972374
A12A,0.6393697,-0.8716577,0.11026669,0.67936915,-1.5856359,-0.3612573,-1.262411,-0.54241383,0.9979473,0.92831135,1.2296005,-0.37427485,-0.26542637,0.9095832,-1.2806654,-0.19020876,-0.49415487,0.782148,-1.30875,0.36138585,-1.3215345,-0.12243319,0.47908446,0.015706975,0.29643893,0.19596784,2.308097,0.20724128,1.2205777,-0.79099584,0.8039647,-0.12190242,-0.00094662816,0.1213967,-0.28561962,0.15172721,-1.1570712,0.8176751,1.3582447,0.7042532,-0.70877296,0.6737425,1.4596063,-0.77616084,0.553323,-0.035277486,-0.13548699,-2.0103812,0.83569753,-0.23750879,-1.5454454,-1.2840487,-0.8539363,-0.062354565,0.6111304,0.12221981,-0.29806742,-0.69262546,0.89446646,-0.4268056,0.7681649,-0.42540425,0.945033,-0.4404042,-0.39364985,1.1976072,0.48522988,-0.57475215,1.2977867,-0.82120293,-1.1330371,-1.1478659,-0.6601851,-1.2391005,0.53782547,-1.1784146,0.3133203,-0.089130566,0.67755985,-1.4084003,-0.3210838,-0.5629529,0.9060988,0.9879647,0.05849891,-1.9454827,0.091723084,1.1955291,0.6873557,1.224827,-0.42889762,-1.1881896,-0.44019374,-0.1895868,-0.49697948,-0.6867192,-1.5294282,0.23315902,0.030489031,-0.0804193,-0.2760973,-0.7890954,-1.7115681,0.6946668,-0.25462165,-0.8190046,-0.5114462,0.16567828,0.23765974,-0.32446894,-0.2497932,1.0399745,0.6664257,1.7371461,-0.92675996,-1.1375992,-1.2198071,0.40311977,-0.38051566,0.6372802,1.4394544,0.5517161,-0.69492257,0.11171523,1.557252,0.5707788,0.593621,1.3734685
A12B,-0.30792812,0.8816806,-1.9112444,-2.1832805,0.46268243,-0.6034923,-0.23025407,-0.851858,-0.9113756,-1.2278607,0.20735455,0.2545757,1.4882578,0.5204243,0.388808,-0.67912763,-0.582494,-0.13369583,0.20169228,-1.5101446,-0.80632395,0.37618867,0.28964308,1.176581,1.2412145,2.1479075,0.243726,-0.017693216,-0.3935837,-0.022967186,0.21621554,-0.06701002,0.75023943,0.65419877,0.03103048,0.857634,0.43515095,-0.34725848,-0.16829416,-1.3160547,-0.890925,0.74287,0.53563374,1.3743792,-0.0034913667,-0.94856995,-0.8229538,0.22017305,0.16597755,1.5127807,-1.1988991,1.4877504,-1.0389923,0.26627854,0.31037652,0.73264843,-0.1584561,-0.675892,0.03453224,-0.11025154,-0.7512235,-1.3622199,0.39394417,0.19981197,-1.8788989,-0.16226617,-0.19644225,-0.6376658,0.5718324,1.7902381,0.23157981,0.18041044,0.69732326,0.64536095,1.289821,-0.74937284,0.29119295,0.9073841,-0.1569326,-1.5704883,-0.4637211,-0.21849722,-0.13580658,-0.846869,-0.7711491,-0.8839482,1.2163649,1.0364811,-0.04989289,-1.2165632,0.1766272,-0.5638919,-0.91576356,1.0613606,-0.32641396,-0.23132819,0.991649,0.7099612,2.0492816,0.15095393,-0.6555414,-2.2479599,0.2802837,-0.24115276,-0.9454009,0.11399428,0.85292685,1.039109,-1.2696148,-0.66564626,-0.7508142,-1.0206584,-0.14939041,-0.18297261,1.2712156,0.62493294,-0.03414632,-0.7374894,0.16731425,0.7166051,-0.17696297,-0.58708954,1.118272,0.09202145,0.7002421,0.76465994,1.3211567,0.7250226
A12C,1.5919255,0.09062754,1.4773957,-0.85051787,-1.391198,-1.1319621,1.9314233,0.28040406,-0.6183932,0.35018897,-0.2875062,0.29840407,-1.6684058,0.36464903,-1.6323926,1.0931982,0.29157442,0.8808775,1.7497941,0.71165895,-0.09979161,1.9544414,0.1622126,-0.29451153,1.3449653,1.4584298,-0.22178645,-0.48364553,-1.7711636,-0.36226416,-0.8784929,1.727005,-1.4024428,-0.7536404,-0.24100398,1.1208107,0.26465958,0.9867047,1.1945995,-0.9861363,0.4536449,-0.491872,-0.7649358,0.5725457,0.75694674,1.6676241,-0.6035463,1.2911294,0.0950816,1.2667694,1.4407336,-0.11970126,-0.0080201235,0.670483,-0.71983474,-0.009386823,0.5147558,-0.016355531,-0.47708365,0.26341262,-0.6108415,0.37281984,1.0249872,0.6953602,0.011484814,-1.094658,-0.8366004,-0.69376016,-0.19691265,-0.44856864,0.007699816,0.83890283,0.23226391,-1.6645569,-0.17937118,-0.0004351111,0.5013608,-0.9004439,-0.27637625,1.1077135,1.189237,-0.11861104,0.65339434,-1.373906,0.5737573,1.1960319,0.41537616,-0.2638449,-0.448154,-0.87794805,-0.12408337,0.26900586,0.29399815,0.9683968,0.90655476,0.18412265,0.0032238625,-0.7587084,0.44604343,1.0239611,-0.8804671,0.29066777,0.39853016,-2.1885433,0.1876899,0.70962507,2.0398624,-0.69946724,1.1151805,0.5615969,-0.7048258,-0.94222695,0.13561282,-1.3533678,0.14744616,-0.47381023,-0.080226645,0.091950126,1.3281449,-0.25813788,1.302853,0.2305644,-0.19576219,0.6255034,1.1470023,-0.13975039,0.21114944,-1.0158294
A14A,0.24403052,-0.21223985,-0.79678684,1.456113,-0.8721798,0.281963,1.964655,-0.50753516,-0.43085253,-1.1965307,-1.5569797,-0.98456496,-2.3769817,-0.3680152,-0.6799501,0.040929496,-0.33191445,1.6163563,-0.012706585,-1.6465873,0.8344999,0.25199524,-0.5562407,-0.04457623,-1.1000359,-1.1082083,-0.24282277,0.99321616,0.4369795,-1.2689428,-0.02617631,-1.4050878,1.2875772,0.49181852,0.96676666,0.3667196,-0.03559024,1.8519486,0.584254,0.17503949,-1.8873849,0.023724807,0.44153106,1.6494576,-0.52742386,0.1353735,0.47007725,-0.10586301,-0.87102276,1.3103017,1.0478411,0.0034805113,1.911722,-1.0649229,-1.8143244,1.8016007,0.63510704,1.4242307,-0.11725279,0.40417373,-0.80386907,-0.71112967,-2.026788,-0.08357274,-1.0535306,0.71123743,0.12228013,1.3763114,-0.54762536,-0.75818604,-1.1169713,1.3622948,-0.94769263,0.93671024,0.08377478,-0.6952159,-0.012223852,-0.500819,0.9920124,0.020345947,-0.4559202,1.2875097,0.24348961,0.33325914,1.1394812,0.9175108,0.61741614,2.2538724,-0.019793037,-0.78864557,0.70021695,1.5212698,-1.583754,0.8981477,0.2280134,-0.59294164,-0.31913537,-1.4759426,-0.37499556,-0.16972935,0.2778803,-0.8805943,-1.544087,1.6720551,-0.521274,0.9881394,-1.0784401,-0.5780075,-0.2235118,-2.348885,1.16047,1.7950858,-0.7139351,0.0068276804,0.1719622,1.0505862,-0.24213737,1.2101997,-0.049275283,-0.24818006,-0.20992298,1.4651425,0.7876069,2.7906008,1.6945692,-0.23679988,0.17615592,-0.42505333
A16A,-0.46985778,-1.200454,0.4574943,0.6909525,0.31382257,-0.63629425,0.24778834,0.25627518,-0.14250268,-0.47358584,0.76307684,2.2942438,0.620271,1.0602907,0.66190344,1.0581113,0.518959,0.11711907,2.1955647,-0.9142894,0.9989495,-1.4971881,1.3954017,-1.4865282,-0.8242987,-0.88244694,-1.1400313,0.76947725,-0.6105084,-1.2438325,0.008187148,0.112822086,-0.7095984,1.2085744,-0.65425575,-0.31827036,-0.37843448,-1.8245962,1.0458959,1.0413926,-0.8896802,0.28597867,-0.30907372,0.17647144,1.3971575,0.6498482,1.6311456,0.71687865,-0.90542835,0.75922453,0.50347984,2.2061408,1.444956,-0.89760476,-0.27985469,-1.7027656,0.27685586,-0.10274872,0.19606745,0.73472714,0.43344244,1.3704575,0.16406907,-1.5306813,-0.8083477,-2.2725244,-0.43608108,0.14790858,-1.3566483,-0.718926,0.76755995,-0.31890017,-0.32951012,-0.55976963,0.52950686,0.083465084,1.6459754,-1.0412823,0.9368031,0.050828367,-0.44371352,-0.0854408,-0.047418635,0.34623906,-0.34784293,1.4394909,0.07378051,0.6987518,1.1869828,1.1568547,-1.0175409,-1.3249135,-0.8584096,-1.019547,-0.30442646,0.26686648,0.44459933,-0.9711037,-1.5556105,-0.38269836,-0.7584535,1.5023333,0.92649025,0.27578595,-0.8952623,0.70559657,-2.227355,-0.57189524,0.7796071,-0.1170187,-0.6142619,0.33219895,-0.62542796,0.298731,0.45177954,-0.6363626,-0.42261177,-0.9241801,1.4188682,-0.47111246,0.41932115,-0.31041673,-0.103349306,0.011010335,-0.26649386,1.2815212,0.033274837,-1.1041528
B01A,0.5232558,0.31530616,0.78635895,-0.15812625,1.219066,2.4328203,-1.451644,-0.435625,1.4332737,0.18374543,0.27781558,0.07888891,-1.7973673,0.44982642,-0.14792642,1.7689064,0.7828747,-0.07652983,0.41065222,-0.0139796585,0.9482937,-1.3240204,-0.12102696,-0.030748563,-0.3509611,-0.61133254,-1.0348011,0.60546327,0.6376797,0.032490853,-0.46724063,1.5315032,0.74384415,0.45925364,-0.61257076,-0.36703226,-0.45912802,-0.13651323,0.4894993,0.3597104,-2.1911,-0.9287096,-0.17199153,-1.9731627,0.46745884,-1.2405355,-0.13582775,1.6982187,-0.21892513,-0.6847613,0.9347783,-1.833971,-1.4991726,-0.2948957,0.76137894,-0.9732383,-0.674864,0.75442404,1.0294021,0.80989754,0.40089136,0.78807575,-1.1443465,1.6515424,-0.17794527,0.40006596,0.22852077,-0.00050965155,-0.509549,0.78011763,1.7944729,0.32144478,-0.11686797,-0.28649223,-0.44552892,0.3908504,-0.43321723,-0.20662528,-0.014471648,0.14995626,-1.3118873,-0.19352864,0.078484125,-0.41605613,1.6417862,0.593959,-0.06878255,0.15691538,-0.2859185,-0.86585426,1.9479754,1.0229264,1.7220241,-1.1214291,0.7451614,-0.8161706,-0.3405897,1.504464,-0.4386116,0.64467865,-1.2084906,-0.2865916,1.0816095,1.870838,-0.0058238194,-1.0061885,0.14589004,-0.41054106,-0.6357341,1.7250215,0.702835,0.30883256,-0.14414264,0.5522698,-0.9949007,2.498104,-0.55273426,-0.08601319,0.36095166,0.33823633,0.6878277,1.3331767,-0.8248039,-0.30848294,-1.6350077,0.3295403,-1.1164507,1.4428966
B02A,0.44297093,0.84516376,-1.9947383,0.72291255,1.6701988,-0.9993335,-0.30527738,-0.04204552,0.48062435,0.9449157,0.9356118,0.073033616,-1.5829121,0.29063395,-1.3071165,-0.15975516,-1.2670251,-1.130481,-0.1664789,-0.40772417,0.9535826,0.32905576,1.7914687,1.2739052,-0.3583893,-1.0258006,0.83474207,-1.7108728,-0.39769796,-1.0336368,-1.1622719,1.3670399,-0.30005515,-0.4043649,0.48072168,-0.26777747,-0.3659783,-1.2234606,0.32997784,0.5425028,0.5947692,0.16182807,0.6767862,1.306453,-0.45124367,-1.4318265,-0.7805727,-1.0672319,1.6059781,0.10508123,-0.13614447,-0.09724082,-0.42345798,-0.30577758,-1.6332344,0.12035466,1.2783237,-0.098888986,0.23497938,0.22117347,-0.028640773,1.5072902,0.6862854,0.68697965,1.1308576,-0.53945124,-1.2317348,-0.42676514,-0.56232405,1.350921,0.4667154,-2.2264848,-0.6143753,1.3737754,0.21059957,0.3068009,-1.0467768,-0.36242983,-1.7278123,-0.19331108,0.74836063,-0.16737945,-2.0294874,-1.3457304,-0.5918528,0.156107,0.7040513,-0.5652782,0.3374774,2.0920725,-0.5112016,0.49264616,0.6806843,-1.6889955,1.0061165,-0.67705566,-0.9943483,-0.7470558,-0.48000342,0.74966735,-1.3675098,-1.3853934,0.21751812,-0.99849653,-0.82490194,0.33362442,-1.3823643,0.80598676,0.9164407,0.22320521,-2.0342927,0.02994033,0.6102117,-1.0969495,-1.3703964,-1.5617769,0.9591669,1.4369664,1.5151608,-0.51014,0.88297325,0.48520717,-0.7944969,0.9228906,-1.0758015,-0.9813728,-0.17610079,0.49120837
B02B,0.016570646,1.4215496,-1.1654078,-1.4723351,-0.6377569,1.5623556,-1.2468587,0.08007716,0.63804805,-1.4983006,-2.2843637,0.49910244,-0.8424828,0.7102033,0.35595015,0.45556659,-0.8670239,0.9371967,-2.8963923,-0.6222954,0.34009787,0.6339447,-0.72129565,0.43739438,-0.572845,-0.09773097,-0.57810515,-1.4811889,1.0676916,-0.27170098,-0.32358944,-0.93438673,-1.178548,-0.856649,-0.8497306,0.12710896,-0.6897058,-2.1411476,1.1309634,0.6903559,-0.8613699,1.4227625,0.46200874,-0.82735556,-0.1944755,0.08364372,0.48969758,-1.5415474,-1.5781521,2.24921,-1.4381381,-1.4229538,-0.44949803,0.33420125,0.04244911,-0.49651933,0.17030518,-0.633787,-0.32733417,-0.6894918,0.7434824,-0.7268692,0.3836159,0.9877274,-0.311532,0.088601835,1.2963604,-2.2849536,0.31712365,0.42576975,0.278248,-0.36646307,-0.35880393,0.2415456,0.123347364,1.1413687,0.7459071,0.71062344,0.765987,-0.92084724,1.1451119,0.37341225,0.1324331,-0.8844231,0.82108074,-0.21416435,-0.5506546,-0.5744742,1.1471015,1.7547181,0.6696283,0.17586279,0.07174174,0.12962897,0.8747884,0.9379899,1.6109736,1.0555364,-1.2352891,0.9000342,0.13906164,0.0045774183,-0.047658544,0.49932808,-0.50460625,-0.67717713,-0.4131701,-2.1296766,-1.9530323,-0.4934967,0.5014525,-1.5325626,-0.26561075,-0.6967827,-0.49064222,-0.6354425,-0.0692965,0.21969303,-1.0409751,-0.46868587,-0.69036144,-0.5583786,1.1035964,0.72578067,0.46614227,-0.2220892,0.2218957,0.23930743
B03A,1.2014236,-1.0191833,-0.26995146,0.1158984,-0.5778085,-1.4261572,0.6975987,0.32659903,-0.032922413,0.29706684,-0.3855026,-0.3327763,-0.43685824,-1.2743378,-0.4155849,0.78792006,0.87286305,-0.5912117,-0.5724857,-0.27158225,0.22323655,1.1521801,-0.1985728,-1.5604535,0.82091016,0.44390932,0.486449,0.7185649,1.6177118,0.31662458,0.27413023,0.07696856,-0.091110826,-0.32512313,0.1015356,0.030215787,1.0582246,0.23255274,1.21658,0.5582338,-0.9994314,0.6690633,-0.5963482,-0.95038563,1.1170468,-1.1365923,-1.227127,-0.6705693,-0.4368338,0.6332545,-0.56079745,-0.6064853,0.9261325,-0.10262967,-0.12903471,1.1473211,-0.65820855,-0.76512885,-0.05287306,-0.4278288,0.1346734,-0.3910124,-0.8506945,0.20913304,-0.29324502,-0.95680934,0.56250674,0.1737076,-0.5214792,-0.9536249,-0.25522292,1.3398206,1.4789765,0.6032835,-1.3757151,-0.32119238,0.3724857,-0.024577204,-0.5141358,-0.43194887,-0.34954503,1.3493596,-0.27573234,1.9176952,0.17876185,-0.11000992,0.5160625,1.6789786,-0.3961327,1.2951976,-2.6163285,0.8304086,0.4424671,-0.26695538,1.0780308,-0.28833467,1.3717302,0.55778193,-1.1841408,-0.8235079,0.46875253,-0.36421952,-0.24153592,-1.0163437,-1.0976965,-0.13488072,-0.3523245,-0.7666521,1.2236426,-0.5698087,0.8115745,-1.9453834,-0.35749516,0.1689532,0.22312625,-0.24008453,-0.455684,-0.07274159,0.26785597,0.11541089,0.19433884,-0.0580724,-0.74416155,-1.5985659,-0.2749742,0.26713035,0.030990835,-0.30109075
B03B,0.58038545,1.3585503,0.1989758,0.8180776,0.16775058,0.4473983,0.82800967,0.035977673,-0.1306385,0.70043796,1.5597767,-0.88674253,1.0460423,0.35070145,0.6830418,-0.47134525,1.1188803,1.049309,0.86324644,1.0097272,0.75218254,1.552036,0.7371282,-0.6179179,-0.22927462,-1.0730753,-0.018725958,0.18416153,-0.3073529,-0.109245144,0.8941163,-0.14830457,0.48807,-1.3710625,-1.200277,1.0853034,-0.47875217,0.93111587,-0.87834823,-0.21961851,0.70846754,0.99031234,-0.6878063,0.83492833,-1.6245875,0.21832074,0.83042127,0.54193556,-0.6137391,-1.4408251,-1.7076015,-0.12628807,-0.075105794,0.021704847,0.12039614,-1.5982192,0.77577245,-0.68741184,-1.934051,-0.102679096,0.010213712,-0.6908284,-1.1780733,-0.4290951,0.43702465,-0.79146004,-0.8015688,0.049573712,0.5277409,1.1210167,-0.28258651,-0.31620887,0.28347826,0.13797149,-0.3070342,1.3549279,-0.60080534,0.63111603,1.4023544,0.7042501,-0.02224122,-0.62968665,-0.92353565,0.30500343,-0.6822975,1.3514395,-2.384246,0.7883924,0.6010564,0.4612306,0.5770697,1.3560759,-1.3351249,-0.44591692,-1.587532,-0.23689331,1.1576979,-0.040677786,0.117802456,1.4847344,-0.80527264,0.21378699,1.5277697,0.06473714,-0.015700065,0.09068228,-2.0039341,0.46098372,-0.24509203,-0.82213145,-1.0318562,2.111692,0.49257633,-2.0730956,-0.39245558,0.607658,1.0127077,-1.8164605,-0.89472574,-0.9595964,-0.65319127,0.62684417,-1.6319342,0.4881402,-0.5335748,0.27271968,-0.91913766,0.6389885
B03X,-0.45553643,1.6348503,-1.7482084,-0.50695664,-0.1568655,-0.7725033,0.25336862,0.71237487,-0.31537428,0.5792408,-0.904058,-1.0933561,1.2746568,0.9923128,-0.17952828,-0.81631994,-0.6877782,-0.43133608,0.8194133,-1.7180448,-0.022059143,0.47893605,-0.7410204,0.022821115,-0.2974361,-1.840427,-0.48018613,1.3670686,-0.25167006,-0.5634871,-1.3695011,-0.39253408,-0.3481293,0.18749218,0.76536775,0.33334783,-0.23269738,0.25448117,0.84150475,-0.71581346,0.727581,-0.42442214,2.1535332,0.108020544,1.1877983,-0.4048662,-0.30578333,-0.9925532,-0.1848494,-0.84318364,0.68441284,0.3683934,-1.4930854,0.46691418,-1.2049335,0.5261431,0.59583217,-1.7925104,-1.0675997,-0.865962,-0.44136485,0.9067563,0.9583801,1.7442412,0.4362645,-0.3760655,0.39197293,1.638576,0.13679016,1.9065421,0.45555604,1.4632276,0.24342798,-0.3951306,-1.512387,-0.7377262,-0.509011,1.365497,2.362713,1.7595826,0.098267205,0.5819846,0.81245404,-1.3280323,1.6012273,-0.6951251,-0.10210659,0.5064609,0.12125285,-0.7051746,0.15440068,-0.24613129,0.99795943,-0.29128027,0.03441323,-0.92219436,-1.264376,0.020548372,0.4875592,-0.024706023,2.688813,-0.70057434,-0.7743463,0.5646123,-0.5998799,0.21960966,-0.19017291,1.0672193,1.2316817,1.9024082,0.014221101,0.025108613,-1.3758798,0.22216514,1.0596622,0.03374637,0.45713902,-0.85479224,1.4634348,-0.1134249,0.19043295,-0.28785428,-0.70098436,-0.5256282,0.30667162,0.6803394,1.1632415,-0.39295176
B05A,0.18612748,1.4833835,0.7126977,0.7279402,1.1270132,-0.89806044,1.435973,-0.7484561,-0.8049659,0.21281533,0.46137902,0.77014613,-0.08585344,-2.0070817,2.1487293,-0.62966603,-0.85636556,0.45158583,-0.56537294,0.026821729,1.688861,1.3027959,0.96435374,-0.579399,0.35624224,-0.30191407,0.3826463,0.65308857,-0.23917918,0.91320956,-1.1029422,-0.23865221,0.9675248,-0.40632504,0.76672316,0.12762076,0.43369657,1.4102399,0.786015,0.36797145,-0.44190595,1.030647,1.271386,1.1384143,-0.41460446,-0.2905511,-0.95164603,1.2934089,0.9930811,0.73544204,-0.41526064,1.2700716,-1.4825206,-0.3480824,0.3364978,-0.59713113,0.17754136,-0.58996284,-1.197015,-1.8040662,1.5507039,-0.50532025,0.89281946,-0.57538676,-0.82941884,-0.13882913,-0.4501523,0.2502264,-0.7482866,-0.24139525,2.0692809,-1.4164352,-0.63417256,-0.76978195,-0.6607088,-0.6886469,0.86340946,-1.4975204,-0.005887871,0.23489697,0.3655111,0.57234925,0.64563453,1.3917854,-0.18642236,1.2632916,1.9540074,-2.012157,-1.7798842,0.54907584,0.12975875,-1.0856521,-1.0759072,0.14348842,-0.05094653,-0.33180994,0.6567811,-0.7154226,0.5767963,-1.1060643,-1.1713716,-1.2253534,-0.97999907,0.66055834,0.22549133,-0.51149625,-0.51645565,0.34503525,-0.6618521,0.92809343,0.66190934,0.56701463,-0.7059198,-0.32928216,0.46631765,-0.19143064,-0.605267,-0.3036443,-0.23756765,0.07702285,0.21325983,1.3485981,-0.10073275,-0.549487,0.58006936,0.07942147,-0.7959641,-0.09183699
B05B,-0.70482093,0.07991114,-0.25853366,0.72136104,0.8638314,0.031247051,0.55549616,-0.5703902,1.100691,2.6710863,1.2074904,0.09606801,-1.1247628,0.19836664,0.42273062,-1.8220669,-0.615883,-0.7261951,-1.9159034,0.3564294,-0.48564398,0.13062797,0.03156997,-0.64093685,-0.77954423,-0.5221764,0.6208012,-0.10191238,-0.6400392,0.5530058,-1.686876,-0.41890207,0.9403797,1.0816439,0.60166895,-0.81813556,1.23797,1.4829918,-2.144685,1.7062058,-0.586772,-0.40035465,0.6113331,-0.5233583,-0.17064622,-0.9437156,1.1201576,0.86025476,0.7638471,-1.2527502,0.12824555,0.49816647,-1.5090693,-1.840067,0.17849305,-1.7224914,-0.45547253,1.0956783,-0.3383891,-0.2868496,0.92541164,-0.22489521,0.4851283,-0.6051383,-0.041686505,1.0033641,1.6914529,0.87704396,0.72757816,-1.2308507,-0.36072057,-0.14907825,0.3580288,-1.5428097,-0.69857395,-0.26214638,0.010908582,-0.14494179,-1.0009656,0.48704347,-0.33088398,0.5629466,0.19895062,1.173316,0.48620284,0.56940126,2.2374394,-0.26288098,1.7598095,0.6696743,0.9857313,1.8781592,0.34925738,1.5714262,-0.54243535,1.1077931,0.79642034,-0.9032421,-0.9334948,-0.34719825,0.8275178,-0.6037367,1.0928029,1.2524514,-1.7530118,0.59951866,0.29839495,-0.3557026,1.3925625,-0.22036532,0.25693437,0.7290431,-0.45647952,-0.34959134,-0.48821327,-0.22277698,-1.3052022,0.9960278,0.9002501,0.6200855,-0.9173257,0.12742473,-0.18170057,0.96382684,0.20945717,-0.029067293,-0.24194828,-0.79194915
B05C,-2.5823376,-0.3144846,0.16992325,-0.10708662,-0.015658114,1.742549,0.3159349,0.25775406,-0.043778725,-0.18415068,-0.033004835,0.2832355,1.1473567,-0.403205,0.0051268013,-1.8691406,1.3846797,0.14922994,-0.31278324,2.1015334,-0.7687193,1.1766891,0.43903872,0.15301909,-0.012400728,1.0031703,0.101278886,-0.31876698,0.6622327,-0.03176337,-0.7605732,0.904757,-0.6947428,0.103051625,0.078032136,0.5342053,0.65685135,-0.22013113,1.6202822,1.5439522,0.076947585,1.5693685,-0.0050701285,-0.25876275,-0.101874195,0.43399724,-0.6123317,0.17448026,-1.002503,0.50719774,0.58215654,1.7297457,1.6881868,0.08189325,0.7791334,-1.3914907,0.7992616,0.5020608,0.6369504,0.28556436,1.1038669,0.26736626,-0.2864771,-0.16961338,-0.1818901,0.055587932,0.41102257,0.5636995,1.6589309,-0.47543514,-0.19380207,-0.38962337,-0.19409111,-1.06851,-0.34635803,0.15200962,0.2359072,0.21802746,0.84414226,-0.62782866,-0.5806644,1.2693012,-2.0975647,0.9288398,-0.115273066,-0.6936454,-0.67978734,-0.34700018,0.8475998,0.0014453736,0.25879955,-0.45144597,0.47032788,1.5966337,0.16754648,0.25821295,0.5406262,-0.15794075,0.33341825,-0.35599846,0.41520932,1.0048655,0.9519751,0.3549437,-1.4661933,0.467676,0.2787443,2.1597784,-1.3447926,0.5727768,0.23976542,-0.13855155,0.78762543,-0.04253815,-0.8660378,0.38364974,0.11324799,0.999673,-1.6679435,0.8548261,-1.320613,-0.26820976,0.75362426,-0.42414647,0.156458,-1.7109812,0.14054139,0.82716995
B05X,1.2026824,0.52347386,0.96238667,-0.43887737,-0.7602941,-0.6556388,0.8526638,-0.3323988,0.7666562,-0.054195568,0.03947058,1.0663245,1.2090724,-0.5205052,-0.44698015,0.18486194,0.8663756,0.16460162,-0.15810926,-0.22751456,-0.35277945,-0.16726704,-1.3928344,-0.3960454,0.28919312,-0.59309936,-1.2306267,-1.3698586,-0.21691625,-0.30407324,1.5216774,0.46395433,0.018077936,0.85015714,0.94652575,-0.7676694,-1.489912,-0.887784,0.33474153,0.29959965,-1.0253309,-1.4665916,-0.336641,0.13774438,-0.6569777,1.0554897,0.29448408,-0.3119231,-0.27948144,0.39254245,0.5072402,-0.45119363,0.3272815,0.7661925,-1.2213022,0.72005343,0.115986936,1.1586183,0.58016306,0.13210712,1.8395792,0.9214548,-0.6470571,0.009172669,-0.639905,0.10951395,0.7431086,-0.18562509,-1.7565526,0.24168383,0.409769,-1.0991075,-0.44725862,-1.1623279,0.36776343,1.6953994,0.28520527,0.32232827,-0.37690234,-0.082839705,1.0049928,-0.016015459,1.1150669,0.11953088,0.36260936,-1.9596018,-1.1192129,-0.5250163,0.71599895,0.057573013,1.2119873,0.29712424,-0.03630823,-0.79850894,-2.0614402,-1.0148722,0.21742809,0.6060703,-1.4607165,-1.046404,-0.10954303,1.0006579,0.2058761,1.1341497,1.0836484,-0.7899041,-1.1479087,-0.9831357,1.0368892,0.37349865,0.7271448,0.5360343,-0.3685766,-0.16034143,0.872873,0.3325855,2.141656,0.2483731,-1.6350232,0.61221915,-0.77246475,0.56706256,-0.18539032,-0.8582072,0.32473928,-0.111551136,1.3003248,0.5836162
B06A,0.03425511,1.258289,0.8285894,-1.670855,1.5888228,-0.042173877,-0.7731409,0.18079142,-1.1044605,-0.015036046,-1.7374245,-1.6803495,-0.28319326,0.028343901,0.09891468,1.1614573,0.4081956,-1.1110468,0.5016887,-1.4125737,-0.24779479,0.31080878,-1.7286859,-2.088429,-2.52368,-1.0377727,0.24203113,-1.1970665,0.36240292,0.953279,-0.03167151,-0.4348176,-1.0987289,-1.3536006,1.3277836,-0.3210977,-0.32690996,-1.0389874,0.5949286,0.8987702,-0.58020234,1.6216732,-0.12145104,-2.4922712,1.5596766,0.5034558,-1.409807,0.12917037,0.28605008,-0.49903622,1.2029567,-0.9212281,1.8474808,-0.46583045,1.1521342,-0.09056357,-0.35269377,-1.3674625,1.106599,-0.22332032,-0.82147765,-1.2606083,0.882027,-0.1816039,-0.47484392,1.0758656,0.22233501,0.013224519,-0.11520385,-0.43082172,0.26732635,2.8284507,-0.5660798,-1.9492321,-0.60025996,0.2397421,0.54149014,-0.47490695,-1.241974,2.5323153,1.2920606,-0.13076279,-0.010128825,-0.4518461,0.17743038,0.44254747,0.9644265,0.61487955,0.57783407,-2.620826,-1.3211037,-0.03736916,-2.1319227,0.89615035,-0.43868843,0.6711678,0.44922537,-1.1312405,0.36211863,-1.8581997,0.38685533,0.2768482,1.8116016,-0.7253277,0.4397422,-0.4362217,0.22009283,1.5340673,-1.3817052,-0.7136004,0.59587467,0.9607875,-0.23672797,0.9195331,-1.0527105,0.12995948,-0.53973484,0.014759482,0.2948384,-0.058891743,0.2109176,-0.7762665,0.48488146,-1.7790502,-2.4328125,0.55091906,1.1619184,-0.95249265
C01A,-0.23549461,0.9618645,0.71157044,-1.747006,1.0083096,-0.86352235,0.57284313,0.13674462,-1.2140851,-1.0110365,1.7166114,-0.375112,0.49284142,-0.9978503,1.301747,-0.9051453,-0.32163328,-1.0001073,0.40423003,-0.6681659,-0.76458234,-0.03726379,0.27507627,0.7161826,-0.3264812,-0.78900135,-0.17961201,-0.44191533,-1.015955,-0.45230266,1.121226,0.5327797,-0.036148872,0.51606774,-0.6587718,-0.5007531,-0.7754814,-1.8991369,0.2870912,-0.97743,-0.8442358,-0.375935,0.880233,0.081593245,2.0596545,-0.20429003,-1.6734146,-0.46036097,1.3220233,1.2703078,0.8303593,-1.8126413,-0.93307537,-0.5105778,0.47385576,-0.36582172,-0.47173396,-1.6241273,0.6446678,0.46788082,0.21524996,0.4237577,-1.0021977,1.02727,1.0725375,-0.61809313,1.0153095,0.1621139,0.041221213,0.19325106,-0.3983933,-0.75799954,0.7012965,0.70047575,-0.66360927,1.7713286,0.39646,-0.32205385,-0.6403807,1.641318,0.14094155,1.1404494,-0.32193902,-2.9264646,1.1344295,0.84376144,-0.60094386,0.9471855,1.1929195,0.0629309,1.3599375,-0.6936647,0.8369055,0.21559893,-0.44000328,-1.3679737,1.0231705,0.45160252,-0.6818244,0.17603755,0.4601381,0.5078088,-0.052914597,0.62060606,-0.6901873,-2.5960984,-0.11780674,-0.39163944,0.33937678,-0.3254651,-1.2159994,-0.7130178,2.5858786,-0.86321867,0.28631547,-0.18315682,-0.64990115,1.2661475,1.6431326,-0.5784369,1.7865999,-1.7728688,0.97208184,-0.21688595,-0.43637243,-0.5633299,-0.21571384,2.0116663
C01B,-0.52670777,0.07727774,1.2713555,-0.23646912,0.9441188,-0.22868429,-0.5168999,-0.8049084,-1.0695719,0.96977484,-0.1627474,-0.2943808,-0.4134678,-0.18231791,0.2788901,-0.88443774,-0.37273908,-0.19359605,-1.2955633,1.3813351,0.8939958,1.135034,-1.4270904,-0.7911136,1.3619491,1.6356376,-0.6846256,-0.74757224,-1.1494082,0.621448,0.59197927,0.54769224,0.6326449,-0.2097321,0.30346477,0.43969253,-0.4620831,-0.24092989,-0.5966027,-0.050299875,0.92939997,0.47602656,0.03457028,0.44141787,0.1937708,-1.2603002,0.17485113,-1.4912395,0.08300205,-1.5766159,0.24460433,-0.34315157,1.5800357,0.6161471,0.46914676,-0.25514555,0.018085092,-0.16447869,0.40426213,-0.014913473,0.7139511,0.98771954,0.14322102,0.15816373,-1.4864798,-1.5122553,2.2008996,0.30932057,1.540503,1.9482492,1.5399781,1.0636516,-0.39657107,0.59466934,0.18203996,-0.098575644,-0.016687235,-0.81931114,-0.34276184,1.9006828,-0.28910577,-0.30309975,0.32686913,-0.931836,-0.049019743,0.51455694,1.59983,0.38147527,-0.31751823,-0.6070614,0.7225644,0.23695518,1.222631,1.0798631,0.36260363,0.05641657,-0.8652452,-2.1679947,1.5139705,-0.9060156,1.4899094,0.6246305,-0.4603266,1.2974231,3.5374115,0.75196105,0.42945656,-0.1356104,-0.38226345,-1.1162908,-0.30261722,-0.8550651,-0.3730877,0.5131812,1.4416277,-0.3193747,-0.7197068,0.24016765,-0.79895794,0.1745117,-0.59485745,-1.0440814,-0.38752604,-0.027481956,-0.7409666,0.49064678,0.00628869,-0.40344545
C01C,-0.14439484,-0.6919136,-1.4336365,1.7527236,-1.11215,1.7494441,0.28556624,1.1658802,-0.085841045,-1.7548679,-1.0404624,-0.6040953,-0.26919916,0.09944973,0.3129416,0.033795033,1.0164373,-0.006906515,1.6417034,-1.3214107,-0.9608074,-0.49945232,1.5222566,-0.47849998,-1.0330418,0.2840282,-0.91319644,2.1688159,-0.35360244,-0.644591,0.75325793,-1.8885789,-0.34469914,0.4411772,0.14252436,0.5189444,0.6577166,-1.1139134,-0.60573727,-0.5528286,0.67569196,-0.048862707,-1.0467597,-0.4081654,-0.76427615,1.0704191,-0.33595365,-0.0073774927,-1.8327563,0.7145546,-0.9834605,-0.053945854,1.309857,-1.6389889,0.73881185,0.16119675,0.88892275,-0.09900334,0.50188106,1.9114192,-0.5894078,-0.24995376,-0.5169117,0.34657896,0.1809569,-1.4828261,0.033764318,0.69075,0.64242804,-0.43436015,1.5569825,-1.0659515,0.542276,-0.3152893,0.9726041,0.28745052,-0.384036,-0.028953837,-1.3001416,-0.20082226,-0.7672731,-1.183653,-0.17654076,-0.06564898,0.26937503,-0.33823368,-0.32875365,-0.035713576,-1.6204196,1.7059212,-0.25600207,0.04088116,-0.018678663,0.455123,0.18051435,0.6652166,-0.91455483,-0.8406207,-0.28073433,-0.07367822,0.09319964,-0.36339632,-0.01889999,0.54146475,1.2485743,0.9419278,-0.73385406,-0.41548058,-0.059568588,-0.721467,-0.6288429,-0.86675525,0.09720115,0.71134937,-1.6095757,0.93526006,-0.13004167,0.3836799,0.41097736,-0.61507076,0.17544909,0.001603065,0.5692506,1.9663317,-0.34497,0.98434764,0.24592917,0.14003335
C01D,-1.1659123,-0.54322875,0.44387388,-1.3978552,0.06933885,0.4484319,-0.9835692,-1.85615,-0.3867116,-0.8164689,-0.49506947,-1.5194696,0.11458466,-1.3525271,0.6565537,1.1677231,0.43229356,-1.3715959,1.505922,1.2315392,1.162583,-0.29079717,0.17611088,-0.2877178,-0.23065558,0.62781537,0.7826242,0.3930521,-0.75737613,-0.70660555,-0.53661716,0.2556958,-2.6858332,-3.0405354,-0.95740294,-2.1617773,0.10446258,-0.61791945,1.2342383,-0.012458752,-0.21138196,-0.063670926,-0.93742704,1.485881,0.17141756,0.7432752,1.3754524,1.5131955,0.96295154,0.17009775,0.82581556,-1.667258,1.1740341,-0.693109,-0.9746441,1.8042597,-1.4037886,0.449969,-0.23664626,-0.4645357,-1.2280658,2.3019562,-0.5716292,0.4727103,-1.1379644,-0.13621373,-0.39601606,-1.2585309,1.3790044,-1.016258,-0.33894458,2.265316,1.38757,-0.56571877,0.66593397,-0.6908879,0.5190533,-0.3071787,-0.58731973,1.3186756,0.23500168,0.24146494,0.37131947,-0.7339946,0.55477804,-0.14827394,1.2829376,-0.48654187,0.46537277,-0.7300437,0.74873173,0.23633686,0.04089318,-0.58573294,0.31966442,-0.26899433,-0.9600795,0.18904711,0.45344225,1.2097796,0.1012781,0.28093946,0.09372962,1.7146016,1.4160756,-1.5179715,0.03837596,0.79770535,0.6315548,0.80069125,-0.033014953,-0.7278402,-2.3324778,0.6369504,-0.2843019,0.96697086,0.83067274,-0.98642606,-0.13738145,-0.7014274,0.32772806,1.6112101,-0.14148657,0.9102014,-0.09903256,1.2681994,0.49064946,-1.0747505
C01E,-1.3047196,-1.5815661,0.6007073,-0.19398475,-1.6073923,1.1202903,1.2885236,1.2029419,-0.4865097,0.90058875,-0.20897657,1.3612769,-1.2421223,-0.428138,0.9914377,0.3469132,-0.20945492,-0.5551082,-0.31901962,-0.19883767,-0.6273554,0.17387722,1.2682118,1.1417261,0.21677828,1.5696198,-0.11534859,-0.15517372,-0.4533556,1.4928657,-0.14499098,1.3728013,0.8270825,2.4775794,1.5732734,-0.8279029,1.6202605,-1.2973802,0.52412456,0.25450042,1.4393697,0.65041065,0.9517407,-0.9878629,-0.34260574,-0.67482114,1.455805,-2.3958485,-1.4490337,-0.35387927,-0.4624895,-0.057311848,-2.8431792,-0.24831979,-0.72674453,0.5257591,0.53775704,-0.87106967,-1.4659458,1.0061668,-1.1502218,0.8182484,1.8231345,0.24429107,0.3836963,-0.32907867,-1.3103712,-0.5553741,-1.0846941,-0.4090343,-0.78616285,-0.14361306,0.0011481575,-1.0000738,0.95832,1.603164,-0.8975138,0.6529329,-0.87598807,-0.30300665,-1.7420764,-0.23473209,0.26464337,2.0568814,0.16890587,-0.913805,-1.6673473,2.1184847,-1.2214705,0.02163118,0.295038,-1.14668,1.223338,1.0606016,-1.1576463,-0.7452039,-2.0601654,0.726429,-1.3715001,0.74983245,0.9900681,-2.7325783,-0.90322167,-0.4008396,0.8798991,0.1857095,-0.5861905,-1.5585054,-1.3336394,-0.31565976,-0.5833619,-0.9374495,-0.45619455,0.69847643,0.21203333,-0.98455334,-0.9870793,0.012011882,-1.3099687,0.8436378,-0.13909306,-1.9032177,-0.3208549,-1.7815887,0.7021141,-0.48581842,-0.22487096,-0.098918386
C02A,-1.3407911,-1.0212116,-1.7887758,1.1125768,-0.32446226,-2.0305276,-0.1213924,-0.33979726,1.678462,-0.72249085,-0.09365439,-0.76591897,0.3875614,0.75849754,-0.9266863,2.5351849,-1.0035044,-1.0368885,0.8704996,0.39391965,0.4610733,-0.5579233,-0.090811245,1.0701785,0.39216623,-0.8107114,1.8256066,-0.010446693,-0.3566805,-0.08647022,0.6748656,-0.21517232,-0.89928055,-1.0690898,0.88378286,0.32046416,0.57773966,1.5984737,-0.9004452,-0.48517257,-0.3418183,-0.46789792,-0.7356873,-0.37104872,0.40642673,0.7818607,1.8523952,-0.30957597,-1.3749417,-1.5096492,1.6142511,-0.6760659,-0.96795094,0.17625827,1.0338944,1.1121932,-0.030065034,0.80670285,0.7713367,0.14543518,0.9727094,-0.5100352,1.8523195,0.3251807,-1.6826522,0.19813052,-0.6812053,-1.1262873,0.41321334,0.9457385,0.9785684,-0.51522434,-0.8735147,0.46121037,-0.58039105,-0.2868771,-0.67957664,1.7046255,-0.5379882,-0.7275644,-0.9684401,0.31459966,-1.7287425,0.23156787,-2.2297804,-0.18295068,-0.92703646,0.10430533,1.140233,-0.6598053,0.26754364,0.50732666,-0.24625593,-0.91370326,0.08731224,-0.29794684,1.1867043,-0.59287107,-0.9299843,0.5920468,-0.40821674,-0.25516072,0.89758795,0.25123164,0.6083917,-0.23001322,2.0393665,1.6802893,-0.39731708,-0.657013,-0.65631604,0.1698079,0.24448986,-0.86856246,-0.7397158,-0.16806296,-1.6369393,0.15386024,-1.5699009,-0.38191745,1.274498,0.59592444,0.897191,-0.6863712,0.70804995,1.3605771,1.7069355,0.51486284
C02C,1.6886628,0.40643224,-1.1348978,0.98390895,-0.6771666,0.15425566,-0.6805894,0.40769565,-0.71512693,1.3167645,-0.5966701,-0.10942846,0.027979488,0.20624079,0.14101484,-0.6871542,-0.7145108,0.087386355,0.05977401,0.045702986,-0.003711515,0.43639365,-0.33103657,0.4835315,0.667336,0.50144297,1.155567,-0.3855355,0.094076335,-1.1419935,-0.90342325,0.49466628,0.23197816,0.88831276,-0.14265399,-2.261742,1.6833521,0.5082646,1.969805,0.52345866,-0.01756261,-0.121754035,-0.3166895,2.1575124,-0.29108337,-1.5699404,-1.6572489,-0.25772572,-0.7474536,-0.92871153,1.9091069,-1.6320053,-0.77066225,-1.7148492,2.4379518,0.17488925,-1.2838833,-1.1500028,-1.5365878,-0.76053804,0.71139383,0.59553057,0.369572,-0.47491956,0.878268,0.27998465,-0.43974826,1.371856,-0.26348296,2.1149704,-1.5810828,-0.06827251,1.3420554,0.93744236,0.55082065,-0.3020335,1.2252736,0.5260061,1.1833986,0.6915062,1.1919204,-0.3669978,-0.67736095,1.5396858,1.5219862,-1.5131853,1.0583233,0.5950351,-0.9997502,-0.23504649,0.60140777,0.97206974,0.252446,-0.48166105,-0.6076384,0.40076584,0.91053283,-0.091173515,-0.82529336,-0.8366423,0.76026946,0.7405965,0.32485527,0.7528918,0.5787287,0.9772177,0.66880864,-0.707985,-0.4433444,-0.32644525,-0.38990912,-0.13910018,-0.48037717,1.5093905,-0.21142662,0.27597645,0.36073482,-0.072322786,0.24875961,0.6717517,-0.027338075,0.5095064,1.3506223,-0.070604414,-0.306343,-1.5901912,1.1625826,1.0220379
C02D,1.2944506,-0.07772183,-0.7865266,-0.5440961,-0.059066188,1.1693661,0.8379875,0.40552765,-1.7147487,0.36123398,0.5931023,-0.02863903,-1.2102708,0.24684003,-1.2525833,-2.0204282,1.2093129,-1.0421417,-1.027459,-0.16564782,-0.18373851,-0.077223934,-0.36362287,0.051878955,0.31387419,0.44142437,0.80216753,1.2809991,-1.2025568,-1.4799498,-0.30867195,-0.036011163,0.13519198,-0.09547439,-0.19167733,-0.01356667,-0.6291466,1.002572,-1.6085101,-0.8382537,0.037157938,0.6334851,-0.43227008,-0.2676312,1.1415297,0.0675209,0.23967949,-0.80614996,-1.5934741,0.58510727,-0.9510686,-0.17235635,0.5400968,-0.2340206,0.8967065,1.263726,-1.450023,-0.5936777,-1.2210001,-0.03130797,1.6840153,0.50065374,0.03265933,-1.5918776,0.24933222,0.74006504,0.011185268,-0.36595234,-1.2540106,1.3528855,0.4795607,-0.14348663,-0.16157585,0.07297059,0.97848433,-0.00898644,0.5800433,-0.27553442,-1.4456013,0.6566081,0.38454315,-0.7459025,1.311456,-0.25753242,0.77625054,-0.43932268,1.1658777,0.34178686,1.8457936,0.8855902,-0.06723852,1.4274205,-0.79078794,-1.2360337,-1.1791084,1.5147657,-0.20419861,-1.0048671,-0.2834081,0.10267973,-0.2289534,-0.46723938,0.24532764,1.0302777,0.832663,0.23274232,-0.19893643,0.31258184,0.71257335,0.673373,0.26587036,-0.13208319,-0.6768105,0.07112744,0.80149716,-0.89880073,0.56333953,0.92045563,0.6756508,-0.7176648,0.49152735,0.10656388,0.71882796,0.6725345,-0.76757395,-1.0143944,-0.30059183,-1.4488736
C02L,0.33261627,-0.24538721,-1.0104812,1.7912618,0.8710256,0.70913947,-1.6428775,-1.1521295,0.8046888,1.2706658,0.65026253,-0.81975687,0.7152835,-2.0737941,1.9008607,-1.0932164,-1.8743942,1.1281515,-0.91285795,-0.22805147,0.6329963,1.7645158,-1.0401441,0.61462635,0.0519149,1.5834589,-0.47888985,0.28235617,-0.5331357,1.1658783,0.66595024,-0.797377,-0.446175,-0.8055116,0.6318519,-0.549214,-0.5287367,0.31979123,1.1130314,-0.4384752,-0.89163023,0.041941904,-0.42301714,-0.109275036,-0.9984781,-1.369361,-0.22528857,0.0021514986,-1.7874197,0.5024522,0.63655955,0.2875891,-1.0770125,1.0666575,-1.6902752,0.95160455,1.3362931,-0.9107022,-0.49824435,0.29573703,-1.1672177,-0.75342435,-0.105696596,-1.1084635,-1.8159387,-1.109699,1.6813142,-1.2997018,0.9556094,-0.87204075,0.62063557,0.6348161,-1.2856942,-1.8333362,2.566598,0.38236138,0.73572224,0.39390126,0.80062276,-0.7139589,0.0021136159,0.1931236,2.0660686,0.07860187,-2.2136416,-0.85245836,-1.6354779,-0.38773742,-1.2067751,-0.6341187,-1.129958,0.27826723,-0.51694894,-0.9679556,0.9985298,0.49769345,-1.2127771,-0.8646887,-0.340962,0.17799014,0.3465472,0.037369914,-0.99721944,0.942187,-0.2900047,1.1339439,1.095735,1.7428441,-1.3889084,0.6863464,1.9107718,-0.4499206,0.21002984,-0.037587833,0.6172368,1.236142,0.5483982,0.1359679,0.98200107,-0.56344956,-0.73126316,0.09322342,-0.37712184,0.3491695,-0.13246977,-0.6820938,1.5603887,0.6036542
C03A,0.0017804358,0.58477134,0.4902117,-0.58111167,-0.4162067,0.4406888,-0.3482203,-0.9464883,-0.93153,-1.8509814,-0.0063385097,-1.7600782,1.8693259,0.40995815,0.091808766,0.6448292,0.5400557,-1.180472,0.43296024,0.4691628,0.2831673,0.531707,-1.3847744,0.91988975,0.60322833,0.7752944,-0.88665384,-1.1438684,0.5345689,0.06299246,-1.3633121,-0.45493868,-0.3412722,1.2117944,-0.81835866,-0.26907778,1.0403975,3.3592153,-1.1941236,-0.4397854,0.7865053,-0.9214532,-1.6886402,-0.32135788,-0.46343464,0.0057075378,0.12810741,0.20312275,-0.26148298,1.1831182,0.27252087,1.0963444,0.7672336,-0.39963907,-0.04116776,0.89642245,0.23977487,-0.5701098,-0.7788394,1.2064333,-1.7238286,-0.94632137,0.6504744,-0.17931582,1.2475414,0.1772137,-1.1832049,-1.3453654,-1.2231585,0.5762115,1.3967088,-0.46039772,1.3358288,2.5190353,0.032733783,-0.7381231,0.14300649,-0.7115863,-1.2051629,-0.39931816,0.5927098,1.0420971,0.3670961,1.1665249,-0.5947178,0.7505366,-1.3659362,-0.080104135,0.4041462,0.27958518,-0.29035744,1.2666162,-0.19590662,2.455387,-0.7781487,-0.3298964,-0.5417719,-2.031917,-0.84228516,-1.0704991,1.2312847,-0.80702925,1.087613,0.40406075,-0.31517902,0.43608406,-0.7470444,0.17415458,0.42400748,0.51836133,-0.20007358,-0.59729797,-0.62418944,0.03344866,-0.6156073,0.57404023,-1.092202,0.21565878,-0.0068862895,0.78074473,0.14835212,0.6670791,0.0344284,0.8777912,-0.029654378,0.48954985,-1.8771951,0.6156081
C03B,-0.8365086,-0.15612666,0.10902273,-1.3369834,-0.00029489538,0.025555145,0.8133013,0.15717888,-0.7032258,1.2340899,-0.5872903,-0.49460515,-2.2474306,-0.72658575,-0.78181803,-0.3744592,0.23339228,0.05553031,-0.48326945,-2.436503,0.79338187,-2.1707635,-1.1948314,1.0782188,0.9277049,0.8145877,0.9085589,1.1122773,-0.2631617,-0.37663606,0.28650585,-0.5211932,-0.3271315,-1.7219069,-0.43806225,-0.092898935,-0.48494142,-0.7080209,-0.16993351,-1.156715,-0.8432753,-0.17011072,-0.13795146,1.2013493,-1.5481231,-0.46338904,-1.1710048,0.23194401,0.56962365,0.21069285,-0.4423754,-0.44970247,-0.11423306,0.22087947,0.43020764,-0.8354409,-0.71777713,-0.35262436,1.0893866,-0.46070683,1.057181,-0.5516574,0.8329887,-1.0208416,0.77564424,-0.03741246,-0.22841053,0.3421487,0.21401858,0.9869665,0.367029,0.80724233,0.18727721,-0.0907698,0.79150325,-0.6187712,-0.13869753,-1.1610733,-0.10794666,1.4358126,-1.4983017,1.5646231,-0.77309394,1.1989986,0.29086697,1.9208308,-0.06687429,0.15417393,0.06888378,1.2231333,0.79312897,0.88523924,-1.0315062,-0.24162692,1.2109332,-0.63565457,0.8685228,1.4859571,-0.25784776,0.14591175,0.49470827,0.35338703,0.6620766,0.26316026,0.41853917,0.23991825,-0.08984052,0.6279688,-0.16001618,-0.6968469,-0.12649745,1.1285179,-0.21137865,-0.7965506,-0.33943743,1.8940669,0.036064804,-0.03762661,0.23495594,-0.29267508,-0.53483224,1.2820177,2.317479,-1.084076,-0.10862195,-0.71715075,0.6012931,0.046058416
C03C,-0.1575948,-0.20963447,-1.2292973,-1.4641502,-0.48021758,1.079432,-1.1176978,-0.6343693,-0.028856708,0.14230527,-0.19416171,-0.21351947,0.26907063,0.69856375,-0.27042827,0.89353675,0.94188964,1.9006325,0.744994,-0.6252782,-1.2501377,0.2745579,0.8768316,0.46411487,-0.121187314,-0.0293428,1.160519,2.1650996,-0.3522275,0.17357984,1.1367002,1.7378243,-0.5428977,0.66064304,1.3014303,0.55409724,0.47796276,0.35819215,-1.1798396,0.7915937,1.3366287,-0.55732054,-0.2316708,1.720062,1.0367756,-0.75798005,0.18907136,0.25464842,0.006886296,-0.29918712,-1.5502434,-0.70202786,0.17177746,0.036662158,-1.4270948,0.72105646,-0.60623205,0.8114011,-0.4545147,0.17826848,0.09168266,0.5847996,-0.77499723,-1.2216898,0.5770877,-0.78736645,0.79266083,-0.103651606,0.19682613,-1.7407675,-0.35183117,-1.0646778,-0.93444633,0.7920904,-0.21145932,0.90790904,-1.1790651,-0.8169757,-0.686749,-0.098716244,1.3296262,-1.5350177,0.7746834,-0.68429,-0.63553876,-0.18989484,0.22957912,-3.2274842,-0.43123734,0.25511903,-0.03465025,0.871681,0.16533183,1.0302346,0.2719423,-0.36197585,-0.31358197,-1.3976017,-0.021263167,-1.3840129,-0.14707471,-1.103779,0.09850862,-0.17360298,0.32001618,-0.5392996,-0.11672217,1.0793031,0.4132062,-0.098005615,0.3866898,-1.8232986,-0.7212379,-0.1976723,0.5213746,-0.40331733,-1.3093276,-0.4662147,0.28422308,-0.92459196,0.63811564,1.2160271,-0.8735345,1.3247154,0.6047585,0.38713077,0.4833904,1.3203944
C03D,0.6483358,-1.4792473,1.0093309,-1.815817,-0.030408017,-2.1556587,-1.1834738,0.45865017,-2.265973,-0.55895364,-0.9213244,0.7292146,0.9535042,1.0993004,-1.6654681,0.7539013,-0.40627593,-0.25837445,0.75479907,-1.2143016,-0.04165309,-1.7590476,-0.544248,-1.0154852,-1.7877412,-0.45433006,-1.1528102,-0.15282662,-0.43536416,0.2440122,-2.0927138,-0.5457994,0.19591501,0.014060545,-0.96304923,-0.6297629,-2.984325,-0.5384972,1.5311154,0.85079694,0.31917143,0.19086143,0.81674886,-0.6851413,0.5418591,-0.6414573,-0.17126226,0.082808085,0.19799422,0.2590279,-0.32180926,0.13718785,0.47884083,-0.38080233,-0.004927936,-1.2423139,-0.43860495,0.183606,0.6594485,-0.91154814,0.0012944068,-1.060242,-0.7950691,-0.7616796,-0.26747203,-0.21499991,-0.71012366,-1.6156683,1.8439671,-0.7075135,0.76834476,-1.4886756,0.6353499,-1.2972409,0.54189813,0.7079491,-0.9097728,-1.3254443,-0.32336378,2.0096395,0.1304689,-1.5022589,0.06686601,-1.7884576,-1.8694993,0.08282216,0.37519956,-1.237805,-0.646219,0.7418098,0.75859255,0.995721,1.1725438,0.8105686,-0.8848774,-0.59126264,-0.48879766,1.4765302,-0.7029103,-1.8112764,1.6819872,1.4453282,0.46085,0.86297864,-0.8248324,-0.8485833,0.92337346,0.47949213,-0.9527967,0.19789799,-0.30439472,0.569273,0.35487524,-0.4230751,-0.035484463,-1.048937,0.6690568,0.15821952,1.1196778,-0.18427625,-0.2696348,0.1354289,0.9461174,-1.1790248,-1.2913327,0.30945018,0.6809938,-0.281584
C03E,-0.2584329,0.72244865,0.3197644,-0.43750295,-0.3619989,-0.00017258669,0.49254826,-0.049119066,0.44202518,0.28226683,-0.61240983,-1.6337923,0.8186401,0.9797952,1.2109622,1.9742749,-0.012043847,-0.7171447,-0.78863555,-1.5431056,0.10426644,0.5869805,-0.25201723,0.53215516,-0.19468442,-0.24993908,-0.18321355,0.71064067,1.535724,-0.22034946,-1.1900043,-0.101052105,1.1979303,-1.7860893,0.12981045,-1.1648697,-0.46831718,0.10314985,2.1446295,-0.24885137,-0.6495176,-0.54827166,0.35848668,-0.15871112,0.4583948,-0.11138863,0.73881924,-0.3771187,-1.3680028,-0.5679348,-1.8420726,-0.9595959,0.06522437,0.043758307,-1.7036335,1.2571307,0.025502216,-1.4213492,-0.011011439,-0.4028741,-0.41183,-0.24473085,1.0108683,-1.3808464,-0.116669044,-0.6668327,-1.0853232,2.3632393,0.6862703,0.9136155,0.284303,-1.1614438,-0.78759784,1.1945508,-0.7089045,0.72717714,-1.2456424,0.27549955,0.13396986,0.44050494,-0.15673514,-0.24259913,-1.7178036,-1.3180004,0.014422267,0.07950134,-0.39320797,0.8227015,1.0489603,0.8789172,-0.08443448,0.016551204,-1.1265206,3.2383065,1.3607445,-0.056218956,0.05657415,-0.08666872,1.5963149,0.31230414,-0.38086468,0.5344379,1.8295673,-1.1853892,0.13866603,1.7895977,0.11525938,0.030941578,-0.17821677,-0.04625728,-0.66941637,0.5205205,-0.39867073,1.1982658,0.602236,0.42975184,-0.9944271,-0.6079387,0.42064577,-0.22963378,-0.019592863,-0.42323235,0.5344611,-1.2526436,-0.30287936,0.16688395,-0.15906529,1.2129077
C03X,-0.81328744,-1.0490227,-0.2881131,0.6261025,-1.0489123,0.6322153,0.32462576,-0.53617066,1.2350842,1.6640882,-0.46165937,0.56443334,1.810818,-0.28898862,-1.3683393,-0.9473466,-0.31231228,-0.85141176,1.189858,0.5047976,1.0253172,1.7798119,-0.07076547,1.3361454,-0.6187868,-0.5491362,-1.9114166,0.89279836,-0.6684759,0.52675724,-1.0750172,-0.915329,-0.10318003,0.8148962,0.12042872,-1.313193,0.7906126,0.88373595,-0.58747536,0.8279124,0.4280265,0.29725304,0.675098,1.1343192,0.6145679,-0.14052624,0.40697455,-1.2301631,-0.1062085,-0.26479283,0.5737239,2.1368246,0.5099146,1.0115225,-0.1851807,-0.32363883,-0.20635702,-1.0180277,2.2187371,-0.19957553,-1.0630907,0.20201513,-0.93091863,0.94949687,1.3038259,1.607208,-2.1355526,0.6253516,-0.36009696,-0.77182263,1.9807742,-1.8418975,0.26343295,-0.6649406,-0.6648327,-1.3106112,0.538343,-1.647042,-0.5599718,-1.6614106,-0.95956814,0.36988556,0.8175778,1.0663656,-0.8746097,1.0167619,0.4560013,0.9219918,-0.7029535,-0.2414079,2.897034,0.11326504,1.1785289,0.05029776,-1.8008163,-0.60982513,-1.1115725,1.7123393,0.9167708,1.5013523,-1.7066833,-0.07605922,0.84675044,0.13232824,1.8167938,1.7548336,-0.8071501,0.005723819,-1.6877594,-0.73534876,-0.32650703,1.313369,-0.74792826,-0.9769954,1.0215615,0.6278702,-2.5888886,0.16491318,1.4074999,-0.59035605,0.6988716,0.10404801,-0.9497273,-0.39127257,0.24182516,-1.005485,1.2702626,-1.4796352
C04A,-2.6453,0.36021692,0.39675936,2.9161267,-1.3841658,-0.2923074,0.16803609,-0.12709743,-0.12437957,0.4251301,0.0693335,-0.867459,-0.6771909,0.033572473,-0.52648896,-0.5782475,-2.5860279,-0.21834642,-1.9806883,-1.8620903,-0.20109197,0.54377824,0.2863285,0.23761567,0.9680139,0.21855968,0.026733117,-1.7354046,0.22532652,0.44710428,-0.6002975,-0.19734302,2.0883634,1.6541634,-1.3043377,0.11781481,-3.482119,1.0119764,-0.035450164,0.38787454,2.4114568,-0.6117227,-0.84948367,0.038630977,-0.052855384,-0.7752802,-0.1928419,-1.3266256,-0.07540882,1.5398706,-0.41022432,1.7435043,-0.79332685,-1.7886795,0.61453766,0.3876646,-1.1340337,-0.5578451,-0.6453977,0.7539857,-0.92231846,1.63157,0.24079038,1.0013963,1.281006,-0.3093119,0.066789374,-0.7796996,-2.0737936,1.4152488,0.09026863,0.8837353,0.6647844,-0.18891224,1.5015409,-0.56571096,0.5697605,-1.6651895,-1.3552876,0.45426118,-0.28755385,-1.0075743,-1.1704781,0.92822963,-0.56140643,2.2856681,-0.12658565,1.0173315,-0.5218069,-0.768755,-0.059439585,-0.90827376,-0.99742645,0.14879885,-0.18050967,-1.0624948,1.8879565,0.70582193,0.5066698,0.8018409,1.0342779,-0.84417367,0.35186484,0.6394917,0.24767408,1.0796696,-0.048884265,0.17568259,0.68346864,0.16175573,-0.5967087,1.3817058,-0.53850865,-0.060155094,0.815094,-0.42499802,0.43343183,0.060724627,2.4557273,1.4826539,0.85347956,0.47827968,0.5324473,0.41610673,-1.1440164,-0.40970135,-1.4852934,0.75868237
C05A,-0.17908087,-0.8129561,0.39038914,-0.29939914,0.4156826,1.8594731,-0.64634734,-0.6839588,0.43808565,0.6660729,-2.1514966,-1.295385,-0.34128287,-0.11020773,-1.3672259,-0.12142726,-0.7521895,-0.4714135,-1.0085193,1.059916,0.22356255,-1.0470263,0.09885549,-1.2394431,-0.37675148,0.6025452,-0.66470176,0.14643073,-1.0382063,-0.35957554,-1.4767646,-1.123892,-0.86483854,0.89144987,-1.5581669,-0.028682735,-0.10261536,0.6287456,-0.25720716,0.18104614,-1.0881287,-0.23551087,0.3198084,0.4672248,-0.21108869,0.0770486,-0.0523792,-0.7675797,0.75303555,-1.1359272,-0.70818263,0.5679104,-1.9198294,-1.0969833,0.2514177,-0.23280099,0.117870755,-0.09958449,0.47515532,-1.0648687,-1.6505499,1.4394498,1.0108856,1.1718879,0.78761005,0.13326848,2.006636,0.21701537,-1.1447847,-0.13321893,1.723689,1.4719254,1.1202931,-1.831764,-1.1169891,0.35163552,-0.10775774,-1.9237235,1.1198609,1.0464994,-2.0006754,-2.7643406,-0.27316743,1.080848,-0.5657353,0.27481738,0.36135077,0.98341614,0.8477871,-1.2416321,0.4394712,-0.91414624,0.11606067,-0.48913652,0.12016541,0.7160042,-1.0753206,0.61532354,0.9123895,0.15986675,0.33838066,-0.07801012,0.18245198,-1.490655,1.5868323,-0.7519938,-0.8549086,-0.80165434,0.75888723,-0.5547695,-0.98473275,0.26081735,-0.97281617,-0.050815634,-0.052621003,0.074878044,0.587217,-0.57171625,0.37638038,-1.6804783,0.5318888,0.024706509,0.15187034,0.40157825,0.32111153,-0.6933704,-0.9658083,0.56733704
C05B,-0.6341124,0.15870932,-0.5646717,0.21388316,-0.76626676,0.69904244,-0.093137935,1.3728893,0.94620776,1.7003052,0.777489,0.23830895,1.6913584,0.60432196,-0.67180336,0.8869968,0.5369474,-1.5053442,-0.11258243,-0.079124086,0.1116283,-0.4485869,0.010232881,-0.66846573,0.61734885,-0.06110513,0.6475628,1.0106843,0.4302413,-1.1618686,-1.6459303,-0.8166666,0.553513,-1.0863205,1.2953235,0.80187714,-0.44541606,-1.8515049,2.1339169,-0.40366268,-0.4686728,0.6298987,-1.1990573,0.3477246,1.2641935,-0.34886903,-1.0598043,1.4237281,-1.4255934,-0.20587045,0.41618633,-1.5785553,0.14954004,1.5081435,1.0099872,-0.46687382,0.81622905,-0.20321429,0.6572546,0.20787008,0.47719514,-0.36108762,-1.3207383,0.47234356,-0.15977281,0.010640429,-0.8972384,0.33130652,1.119872,2.3535762,-2.1894827,-0.2572327,-0.7646073,0.2328215,-0.49392357,0.6196246,0.074484035,0.9274051,0.3688808,-1.1746993,-0.46113217,0.5865034,0.7144502,-0.41409922,-0.33164957,-0.2562636,1.298451,-0.04654093,-2.98167,-1.6506901,0.08602764,-0.42481843,-1.2928147,-0.67856663,-1.2892444,-0.26142782,-0.5591344,-0.51181155,-0.018238483,0.96898276,1.3225832,0.80512327,0.69364256,-2.5815344,0.72751206,0.7604386,0.5944826,1.2451091,-0.14066456,-1.0913953,0.20465153,0.68825984,0.076316044,-0.2335254,1.8607512,-1.2251107,1.1039355,-1.3376418,-0.8193613,-0.7451199,-0.38090968,-0.6585257,0.025772844,-2.1224663,1.4337555,0.46900398,1.4273844,-0.7093536
C05C,-0.30150265,0.34588054,0.083439864,-0.28295,0.8958656,-0.02758237,0.600893,0.46349558,-0.35766602,0.48980302,1.0359586,-1.3001645,-1.370054,0.4777983,-1.1062642,-0.91057104,0.19286938,0.72560614,0.9370225,-1.1773586,2.0720818,0.3519309,-0.09977057,-0.68446887,-1.1947843,-0.76103044,1.8997474,1.0446626,-0.1507668,0.11057477,0.8605826,-1.0406922,-0.633409,1.8460875,0.58903915,1.6008788,-0.8213339,-0.3122473,-1.6380318,0.46944225,0.61008304,-0.7576868,-0.2769333,-0.096528076,0.5361231,-0.41328093,-0.66949844,-0.544584,1.0509549,-0.82405806,-0.57520443,-0.1251835,1.5585426,-0.6231843,-1.2163901,1.2587466,0.22351919,0.35051626,0.34168455,-0.6738639,-0.028674262,0.14699902,-0.5935957,1.081088,-0.2371647,0.73683745,0.57699406,1.1170611,-0.8405037,-0.2612477,0.46796864,-2.0095253,1.1581006,-0.873532,-0.59993464,-1.0364398,1.4427042,-1.3460778,0.88294965,-0.079154365,0.079680435,0.04111693,0.16546048,-0.03287048,-0.79190105,-0.260668,0.034813773,1.169401,-0.380987,-1.1619142,0.008869249,-0.22120813,-1.2160211,-1.092584,0.58836687,0.19500904,1.0983378,-0.6975638,-0.9117837,-0.80221707,-0.53861237,-2.0902624,0.56204,-0.22724451,0.51085746,-0.66783786,0.43998054,1.0684922,0.012198874,0.32660195,0.13036934,2.3782985,-0.7878478,-0.050895244,0.1250359,0.7757247,0.3171636,0.492719,0.8442708,0.00905178,-0.66702026,0.2901215,1.4333557,-0.13829502,-0.41235253,-2.3542047,-1.6378722,0.44427007
C07A,1.2255523,-0.23712252,0.19127806,0.63513994,0.059500623,-0.8203802,-0.27020782,0.87703884,-0.9203375,-0.7116615,0.9060699,0.74323165,0.045981638,1.1875477,-0.5181255,0.6973946,0.1655384,0.66563076,0.54119486,-0.4123875,0.36652666,-0.04851719,-1.9470555,-1.7250913,-1.0897176,0.6873798,0.5279672,-0.9964576,-0.6226269,-0.20412177,-1.7750523,-0.7550375,-0.6542427,0.14236252,0.19946466,-1.4160845,-0.41455835,-0.5926305,-1.2605581,0.30089593,0.9001779,0.40939018,1.9598373,-0.8405461,-0.5999513,1.0283407,-0.7683952,0.70220995,-1.4855534,0.26017743,-0.60021204,0.8413405,0.4190114,-0.20617944,-0.42284986,-0.5181615,0.41887137,-0.949443,-0.43198967,-0.96185035,-0.17379667,0.35448104,-0.6787956,1.0023011,-0.31085113,-0.44076648,-1.2239517,0.41358235,0.8759171,1.6326165,-1.366741,1.9624641,-0.4872532,1.3658397,-0.9830961,-1.4662727,0.3686102,0.1868255,-0.4080875,1.8416181,-0.056977168,-0.6421847,-2.2639582,0.41147664,-0.0976804,0.18510424,0.055934116,0.34210566,1.0165501,-1.0026351,0.34725523,-0.6806139,-1.5606803,-0.22785686,-1.9462011,-0.06466723,-2.2423444,-0.8724751,-0.40375966,0.22277156,1.5173409,-1.568378,-0.43115994,0.31320265,0.22547388,-0.24931109,0.079483986,-2.068171,-0.87868756,0.4096894,0.45449474,-0.7531055,1.4410027,-0.77247334,1.4646084,0.13725111,0.46369094,-2.0102968,0.35282564,1.0319624,1.4807056,0.40942553,0.590536,-0.2766992,-0.43714318,-0.25289634,-1.1385533,-0.055711716
C08C,-2.093985,-0.15657966,0.10796748,1.7216305,0.74880105,1.6607137,1.0240995,-0.36953992,0.700816,-0.52839345,0.291787,-0.5620085,0.34338543,-0.294509,0.44860286,-0.94695485,-2.0687344,-0.60964996,-0.3822331,-1.5672429,-0.052639544,2.7898984,-0.74982303,-0.23343585,-0.4884439,-0.4930735,0.35442623,-0.27330709,0.7702845,0.1331168,0.19727361,-0.78871715,0.2487361,0.17144275,-0.8850606,0.8519609,2.2026744,0.84869814,0.8855151,0.2542856,-0.8909689,0.95636463,0.3542598,0.4786718,1.0378767,-0.5051357,-0.9349787,0.3290751,0.10850035,0.0004750446,-0.0331853,-0.83751935,-0.25537407,0.07718311,-0.09565139,-1.1770066,0.31124115,-0.7972566,-0.9483303,0.7691448,0.95128876,0.99774706,0.45790398,1.1519359,-0.6920488,-1.1221213,0.34726816,-1.0199797,0.35746413,-0.7276082,0.54399157,0.025574718,0.600785,1.386119,0.83590305,-0.44947252,0.15178381,-1.0262644,0.43142602,-0.009790533,1.6628501,-0.6993237,-0.12675709,0.94221777,-0.90015256,0.42019066,-0.1089299,-1.0330942,0.57371855,1.1417079,-0.55022824,1.0549916,-0.51307946,-0.36058533,-1.0343131,-0.467725,-0.19588804,-0.13138872,0.75119275,0.3579117,-1.046136,-0.29614753,-0.46515208,-0.17174019,-0.77188754,-0.38914555,1.0952159,1.2970384,0.88129383,-0.1788982,1.1794151,0.42890492,-0.9432971,0.1634678,0.5364384,-2.0262809,0.595411,0.57123286,0.7407608,-0.040146343,0.9814818,-0.2934726,-2.5955389,-1.365305,1.3408816,-0.17553608,0.2929021,0.48645467
C08D,1.5743319,-0.82824117,-0.47111338,-0.20610698,-2.6426136,-0.6467314,-1.0466565,-0.70704913,0.49199367,-1.3317248,0.77605385,1.5939468,-0.58880866,0.34080744,-1.0994767,0.38978875,-0.036434554,-0.8402875,-1.146708,-0.2288336,-0.42958003,-0.13009162,-0.0251151,1.5398196,1.9162537,0.029287972,0.7372921,0.379168,0.9427464,0.10995489,-1.129525,0.89885616,-0.91659915,-0.7355429,0.43647522,0.46248868,1.2215283,0.05734357,-0.29170364,0.37461525,0.37396166,-0.07167019,0.6024109,0.7849292,0.27763796,0.46000686,-0.911357,0.9608721,0.227427,0.27657878,-0.15413368,-1.2385237,0.13795817,-0.5491965,-0.49617445,-1.3158594,2.4008603,-0.040520124,-0.427977,-2.438443,-0.5680471,0.24223793,-1.8103718,0.51091766,1.3088444,-1.1316934,0.594179,0.5615075,0.56018,-0.32100484,1.094245,2.065757,0.028039923,-0.9193511,0.82396257,0.7648694,0.039132237,-0.3700899,-0.60246307,0.8522579,0.60066503,2.4740698,-2.3657963,-0.44240323,0.7614622,0.39821753,-0.6448211,0.2411925,1.2870898,-0.09176024,0.76536626,0.28385642,1.1252066,-1.3289562,-1.2628766,1.0607756,1.4551601,0.089199275,-0.955562,0.039312612,0.66330594,0.16496453,0.52288604,0.5604276,0.67035514,0.9166655,-0.80693185,-1.2078792,-0.4360714,1.2551758,0.647364,0.58380884,-0.9706604,0.0043293675,0.6077394,-0.5910787,-0.9021645,-1.3274931,-0.88566947,2.113616,0.0073770834,0.014404199,0.07232028,2.606737,-0.19758706,0.262276,0.29690123,0.09709424
C09A,0.26149735,-0.5376371,4.675511e-05,1.7854533,-0.44441006,-0.12321809,1.7699851,1.852731,0.59446365,0.859554,0.2622638,0.25529036,-1.9398353,-0.46880913,-0.37120825,-0.696828,-2.2633076,-0.25148556,-0.24299595,0.54218626,0.61886823,0.47848883,-0.55152386,0.64817095,-1.1608827,0.94218975,0.32488146,0.06292184,-0.37595978,1.1635973,0.8474347,-0.53028166,-0.69940925,-0.38103887,-0.0029077546,-1.361826,1.0140283,0.7625503,0.267426,-0.65767527,-0.69909173,-0.024079174,-1.4205631,0.64675504,-1.2184274,0.41031706,-0.5011925,0.27137834,0.9079865,0.5350076,-1.0119473,-0.97789794,0.10582721,-0.48821685,0.83789676,1.4823581,-0.0039043205,-2.808305,0.43153098,0.5225677,0.0057572485,0.5132057,-1.177033,-0.8513273,1.4923637,1.0119078,2.5686007,-0.63877773,-0.83932906,1.9540116,-1.5880139,-0.08316802,0.40351823,-0.062420152,-0.17548193,-0.25556472,-0.68928355,-0.16949984,-0.7638304,-1.7295169,-0.3755961,-0.5750024,0.021413352,0.6287487,0.21848217,-0.40820062,-1.2651457,-0.7978375,-0.24969018,1.0917486,0.2168058,1.583006,1.3852944,-1.0084189,0.44953594,0.49435684,0.16322806,-2.2196753,0.012848961,1.1653303,-0.81862605,-0.6129265,-1.5188688,1.0054605,1.1616172,0.9553405,-0.3989916,0.5653967,-0.5487205,0.4439373,-0.4209507,0.9575079,-0.6343831,-0.083678976,-0.044884164,0.24229169,1.4759936,2.0038128,0.6387239,-0.30742267,-0.55517894,-2.2876117,-1.840335,-1.2143229,2.3483865,0.96084327,0.070958644,0.41146705
C09C,-0.9061671,-0.39947104,-1.1407214,1.1440791,-0.8283777,-0.837694,-0.42496848,-0.32020524,1.1357427,-0.5568267,-1.643713,0.8115188,-0.016614951,1.4176792,-0.7574907,-0.8855911,-0.68107134,0.447309,0.713224,-0.9092474,0.7057955,0.021614581,0.48749554,0.15567887,0.6782238,-0.454235,1.2568576,-0.11793934,-0.9523493,0.6317882,-0.8983958,-1.969497,1.4194955,0.068054706,1.0817969,-0.20333268,0.8525909,-0.9745016,-1.9919674,0.31556833,-2.010742,-0.25330612,-0.29429904,-1.0476654,0.6464969,-0.5826932,0.34241554,-0.48778468,0.2062122,0.63808525,0.10768073,-0.7475502,0.9044803,-0.43010557,-1.7007157,0.14566526,-0.911647,0.46050343,-0.4880432,1.3754095,-1.309602,0.36166453,0.9754511,1.8797646,1.1196947,0.01790224,0.18057264,-1.3979173,-0.7035155,0.29107195,0.40204072,-1.0064968,0.6526444,1.2489223,0.6201828,1.0352318,0.4660453,-0.017515894,-0.32685,-1.0115395,1.2508651,0.14479578,0.48626867,-1.520766,-1.2528229,-0.85756594,1.4245821,0.14317457,-0.4160324,-0.12272534,-0.571107,1.0267824,2.1348858,1.6592288,-1.119008,-0.30213988,-0.51413256,-0.32192788,1.2319021,0.62774664,-0.32355538,-0.08295696,-0.6672015,1.8640734,0.35576123,0.4036837,-0.96432495,-0.34988514,-0.2143326,0.26194817,-0.62152654,0.8901851,-0.37371692,2.4525435,-0.09309379,-1.1610539,0.72771657,0.7515296,-1.5393267,-0.4492089,0.059196472,-0.86239934,-0.20954876,-1.5877461,1.5601175,-0.22762415,0.3404649,-0.4888442
C09X,-1.1443803,0.99856544,0.5534286,0.16393301,0.90463436,0.09350954,-0.3283275,-0.2945189,-1.2254095,-0.2011541,0.732311,-0.24779671,-1.6043795,-0.9996209,0.5974095,-1.4361669,2.178255,1.1203332,-1.3341228,-0.51683164,0.8188891,-1.2604101,0.10450586,-0.28203657,0.5368287,1.6322354,0.42217365,0.21219921,-0.80299836,-0.514929,0.2505418,-1.2967398,-0.81906444,-1.4067401,1.295598,-0.045360472,-0.62874424,0.6672722,-0.18616986,2.2921603,-0.28340426,0.059446473,-1.1563184,-1.5665392,-1.5020493,-0.79716945,-0.4073416,-0.29721868,-1.2009935,0.8989116,-0.57116455,0.8276163,1.33528,-0.12831245,0.28139478,0.009151692,-0.7661423,1.0667113,0.44697788,-0.7179799,-0.19044714,-0.20554417,-1.5098511,-0.10683009,1.5505617,-0.04119263,-0.93223083,-0.36801615,-2.4299383,-0.56207657,-0.5062517,0.16595356,-1.4368181,0.68968743,0.0070962165,1.7227589,0.5892442,-1.0693989,-0.92526263,0.12689923,0.37341696,0.7941831,1.3892566,1.4931928,-1.1884804,0.87590945,-0.39026922,-0.29074812,0.5262083,-1.4419793,-0.34939542,0.30949897,-1.6679442,0.69924843,0.21135056,0.77168053,1.854212,0.4154116,-0.72563696,-1.0008852,0.89259446,-0.80297154,0.27946123,1.0725912,-0.20185393,-2.0813386,-0.15523475,1.1257622,0.1321005,-0.012191699,0.9118039,1.6705098,-0.4262436,0.3144138,0.59250623,-1.5826616,-1.1533877,0.9926296,-0.37629572,-1.0657207,0.18837771,-2.4718497,-1.5475718,-0.35993233,-0.60296476,0.27243727,0.46039155,-1.3572898
C10A,-1.7972152,-0.085216984,0.79555684,-0.7955991,0.22413662,1.4016778,-0.71487725,-0.11839918,-0.19095849,0.37773547,-1.2898258,0.8549929,-0.05184908,-0.14472103,0.45434383,0.045822706,0.516523,0.6080529,-1.230125,1.2314534,-0.24912773,-0.6201811,0.48088777,0.28297582,-1.5884057,-2.1710727,-0.21515597,-0.7916718,-0.63536847,-0.76773185,0.34135032,-0.09028869,-0.66244435,-0.7872379,0.30055448,-0.46886188,-0.68297845,0.27117836,-0.45809582,1.0444329,0.6318395,-0.6852011,-0.8185637,-0.06438925,-0.13958636,-0.49031934,0.8352047,0.45867428,-0.12574284,-0.40694046,-0.05029067,0.18977743,-0.11636408,0.9652493,-0.36151072,1.7511363,-0.1616151,0.7179376,-0.5612091,1.8481907,2.3716059,-1.46935,1.0623572,-0.24940622,-0.29497412,1.3089026,0.10032767,1.426022,-1.3096628,-1.4434403,0.5337891,-0.75723726,0.4343421,-0.48303044,1.1143776,-0.4496725,0.65333444,-1.310525,0.60187304,-0.22229633,0.3754837,0.39908567,-0.23068303,-0.07188722,-0.16493037,-1.0424136,-0.59407634,-1.1387155,0.40480056,-0.20547654,-1.0354186,-0.015358688,1.0978706,0.65642,-0.24731357,-0.57075566,0.59593594,0.14460045,-0.18125074,-0.09798001,-0.2891945,0.3015467,-1.2495899,-0.31311938,-0.59203327,-0.57195866,-0.28187603,-1.3858389,-0.656007,-0.621988,-1.6351031,-0.6249783,-0.89616436,-0.12109556,-0.9767369,-0.0691491,-0.2555928,-0.83515614,-1.7139971,0.038333427,0.105063766,-1.7164159,1.3465399,0.061923534,0.5307348,-1.5137041,0.89642334,0.53983414
D01A,1.078261,-1.4599253,-0.43364242,-0.28349712,-1.0311855,0.94899195,0.13673086,-0.0064463215,1.2599128,0.4086502,-0.18746386,0.72599876,-1.140518,1.9183758,-1.065569,-0.36043248,-0.02828121,-1.8865314,-0.2521074,-1.090797,-2.666727,0.49888897,0.815639,-0.35263935,3.1168687,-0.25200787,-1.0211147,-0.38848695,0.6199068,-0.47554174,-0.36297908,-0.35922298,-1.0404019,0.9895065,0.8110319,-2.0474806,0.064582326,-1.9764866,-0.5693245,-0.2552706,2.0530887,0.17496973,-0.7579349,0.50254935,-1.2297939,-0.37959388,-0.12815751,0.45909458,-1.4297222,-0.42189398,0.45983425,-1.2511907,0.3902389,1.0555803,0.43372256,-0.55743116,-1.000954,0.54713315,-2.3452065,-0.4210086,2.046384,1.7231642,0.22311896,-0.3829109,0.82702065,0.50725037,-1.710361,0.7435779,-1.3390058,0.24912107,0.20636067,0.11792514,0.0027052066,0.09280097,-0.39244753,0.351516,-1.5406435,-0.61485696,0.93702173,-0.04631853,-1.0087097,-0.2484437,-0.4343685,0.19246617,-0.5880529,0.81213343,0.678163,-0.1320606,-1.9966623,1.1291339,-0.68288505,0.28575367,-0.94219774,-0.19635639,1.3058757,-0.23081115,0.17691678,-0.7715017,1.1707021,-0.65948385,0.09015688,-0.4457444,0.8449215,0.10892467,-1.0679971,-1.4714471,0.7166988,0.6153568,-0.66187507,0.55877423,-2.566144,-0.75839156,1.5232619,-0.46183074,0.37423116,1.5518708,1.5909358,-0.1025443,0.38950965,0.7598232,0.36625922,-0.095572114,-0.46944436,-0.23889354,0.30177656,-0.3290377,0.35910708,-0.2916693
D01B,0.26993045,0.048981305,0.50818616,-0.85610104,-1.366506,0.34120607,0.40050784,1.9226233,1.2906383,0.2982408,1.1427404,-0.08339122,-0.4272351,-1.0271157,-1.0220292,-0.21935743,0.10544661,-0.40380466,-2.2420988,0.026361587,0.7790895,-0.24689971,0.08609907,-0.032249466,-0.6291397,-0.14962819,0.18787,-0.30998588,-0.698418,0.68632036,-0.69439304,0.28303117,2.0097291,-0.10754176,1.6438968,0.5632006,0.7918022,0.89178044,-0.52926695,-0.2881592,0.038844295,-0.03916297,0.65867466,-0.8735033,1.2168216,0.49872375,-0.11863144,-0.38234556,1.6658164,-0.06126365,-0.49358097,-0.7107946,0.6414911,0.05734503,-0.7787511,0.39465523,1.8154116,1.6583977,1.5131781,1.5247341,-1.1831448,-1.6336011,0.5145266,-0.58330053,0.7045517,0.5237195,1.046921,-0.47114083,0.009866035,0.7014051,-1.1160507,0.62042326,1.0374866,1.8872316,-0.8144234,1.7031968,-0.83645105,0.006225115,-1.721605,-2.5629885,-1.0370383,-1.512893,-0.5444363,0.2947191,-0.6348761,-0.4883968,0.64757025,2.2500582,-0.65797985,-1.6170764,0.28985667,0.15281066,-0.34334522,0.5913327,-0.41649693,0.36615345,-0.9548851,0.7852468,1.3275436,-0.10790795,1.5868013,0.66717994,0.19326556,0.40080413,0.15649298,-0.104933076,-0.32996532,-2.4625056,0.90983295,0.13964882,0.019292006,-1.3762927,1.0368568,-0.96288455,-1.3367403,-0.52915955,0.19520748,2.57522,2.545829,-0.8458654,0.73246473,-0.91950387,1.1149669,0.48255968,-0.5549281,-0.86635584,-1.6542423,0.098333575
D02A,-0.41025257,-0.5166101,0.5894669,-1.6293736,1.1356636,-0.79306847,0.066377565,-0.49620807,-0.44169828,-0.42173603,0.4141011,0.3359044,1.446298,1.2823156,-0.1987902,0.12209996,-0.051306315,-0.611157,-0.41703486,0.7221387,0.8433937,1.1935267,-0.5313971,1.3494831,-0.79920745,-0.9567418,-0.45436183,0.8905934,1.011015,2.5697577,-0.10327063,-0.9490002,-0.10967917,-0.20610082,-0.56178105,0.8245681,-1.2622478,0.7425813,0.60191953,0.97534424,-0.09208448,-0.8653135,-0.7353452,-0.95586944,-2.0087383,-0.6399642,-0.1268381,1.6711117,-1.493634,-0.24233273,-1.1997126,0.076526694,1.3583556,0.25981236,2.2360075,0.8375247,-0.33035976,-0.3625362,-0.1031619,-1.1903034,-1.1036179,1.1070362,1.2929,-1.1306808,-0.13574444,-0.12906949,-0.62667096,0.42556077,-1.0500164,-1.0662894,-0.38562265,1.3715919,-0.19653021,-0.5715392,-1.7935385,-0.47332796,-2.0165136,-0.17670865,-0.37843227,-1.4530193,0.7991338,1.3951559,-0.46972674,-1.3068199,0.20452912,-0.45771074,-1.7415683,1.6325915,-1.128395,0.98636395,-1.314563,-1.2918522,-0.86797005,0.27512938,-0.88219976,1.6841424,-0.27085665,-0.31802765,-0.9249649,-0.17510366,-1.4349384,0.88016343,-0.8501667,-0.83984864,-1.489349,1.4274843,-1.9166492,1.1853182,-2.3051178,-0.51027906,-0.4763231,-2.2565272,0.84745455,2.2514045,1.079243,-2.0594172,-9.543797e-05,1.7716044,-0.13739626,0.2724392,0.44658923,0.3429413,-1.9561046,0.3706713,-0.91136026,-0.34794423,-0.010532376,-0.87559474
D03A,-0.43291172,0.2468972,0.06662456,0.059233133,1.6678637,1.0479811,0.35050997,-0.544198,-0.30779904,0.9962066,-0.18736802,1.1386741,-0.12967692,-0.7727758,1.8655206,2.6536813,-0.94649804,-0.50109977,-0.54658324,-0.24417989,-0.74601495,1.3479154,0.6641524,-0.9688623,-0.5927099,-0.2910126,-0.98644316,-0.38430145,0.98951095,-1.0364858,-1.1846557,-0.23959178,0.7695555,-1.7423437,1.3958077,-2.4490519,-1.3588123,-1.5110707,-1.5173805,-0.42152134,-1.145303,-0.13920394,0.16997962,0.5564386,0.16437641,0.33524376,-0.9911231,1.0922257,1.1380394,-1.1979079,-0.86675966,2.0931177,0.24808857,0.20172594,0.32262072,-0.9966766,-1.0879843,0.41440925,0.70805854,-1.6771349,2.649476,-0.2340301,0.85066825,0.9017184,1.4837055,-0.6090567,0.27660316,-0.005278754,0.09275231,0.24922165,0.5674219,0.32191423,-0.7184645,0.114750035,-0.7300252,-2.0018265,-0.8936273,1.6250967,-1.3685169,0.4338269,-0.33056825,0.30270538,-1.443381,0.4535253,0.64507407,1.0720387,-0.34187007,-1.6101658,-0.01157482,-1.0960068,1.0299476,-0.57717955,0.26565295,-0.21929672,-0.011103382,0.75091237,1.4892272,-1.0304165,1.703375,0.110102296,0.11850009,1.0022546,0.1779209,-0.80958945,1.2286298,0.930854,-0.8683371,-0.6030276,0.31027874,0.76599336,1.5478358,0.5855203,1.9176241,-1.1579458,0.07462857,-1.2970468,0.15588664,0.36434203,1.3827461,-0.6113603,-0.17484161,1.302791,0.8533588,-0.50859344,0.29332852,-1.3764771,1.4498158,1.394992
D03B,-1.2553929,0.475435,-1.0101166,-0.7501101,-1.6001163,-0.5556742,-1.6181073,-2.0236173,0.58469266,-0.09945311,0.53784996,0.24802034,0.9886841,0.87559533,-0.4355686,-1.3366047,0.5110125,1.786244,-0.6184446,-0.6392778,0.48497844,0.62639487,-0.35311693,-2.1159303,-1.8808947,0.8640147,-0.3817302,0.09806706,1.171656,-0.41598785,-0.12275112,0.6039871,-0.12784949,-1.0708615,-0.49313247,1.1964169,0.96731085,-1.7229798,-0.006035738,0.31643343,0.4072373,-0.3959152,0.5871056,1.0914128,-0.10096984,0.612792,-0.009360995,-0.6040678,0.20943996,0.6354743,2.2951627,0.9195608,-0.68156123,0.23480776,-0.5840502,0.27211824,-1.3456963,0.56641567,-0.013842968,-0.6476132,0.45176843,-1.0623336,-0.5078013,-1.0853791,0.0018161277,0.5458731,2.8185332,1.7791705,-0.28399014,-0.1006705,-0.2278848,0.9319767,1.2798505,-1.0167158,1.3323954,0.3518578,0.65002733,-0.85457635,-0.29201663,-0.8343205,-1.5379764,-0.115104094,-0.13780971,-0.72346896,-0.0740132,0.8269533,-0.6763249,0.29182017,-1.7122982,-0.8662942,-1.6981925,-1.1413665,-0.6040796,1.4904219,-0.9727361,-0.94713795,-1.0175494,-0.21219832,-1.433925,2.091356,-0.18833067,-0.20462961,-0.008203643,-0.18618871,0.54165107,-1.2040477,-0.5516893,0.27031288,-0.12132887,-0.443973,0.29806253,-0.4102691,-0.12623402,1.2811056,0.948603,0.81807464,0.40659598,-0.95150834,-0.07723167,0.13865958,0.039838254,-1.8219856,-1.7347926,-0.1658431,-0.37447017,-0.9908383,0.19654138,-0.49886027
D04A,1.0690877,1.1009382,-0.32611614,-1.5749258,0.07936369,0.72718674,1.8526272,0.31640297,0.40203002,-0.4319245,1.1953461,-0.011788059,0.8324312,0.22872293,0.5242035,0.49473742,0.4749188,0.35208735,-0.28192413,-0.6649214,0.3542986,0.9228801,1.2077624,0.50457484,-0.628831,-0.014947748,0.4141068,-0.022567974,0.9757015,-0.06131779,0.21539268,0.3224927,-0.23420183,-0.5912673,0.16370378,-0.3109262,0.30019715,-0.47647202,-0.06830727,-0.061399583,0.6344747,-1.0993869,-0.89072806,-1.930053,-2.6934555,-0.026069986,0.5480876,-1.458961,0.7168058,-0.49777007,-0.13270514,-0.07969783,0.5830121,-0.22024322,0.22059982,1.9412395,-0.64791965,-0.20966479,1.1278183,-0.23350908,0.25962463,-0.5416659,-0.25211516,-1.9538023,0.38755494,1.853093,-0.11244833,1.3427274,-0.616256,0.9964135,0.16520378,-0.29986814,1.2572689,-1.7937852,-0.5811786,0.6983134,1.5225201,2.2167387,-1.5274291,-1.1458755,1.9451236,0.6776058,-0.182205,-1.2862937,-0.40387142,-0.88146263,-0.230206,-0.12089837,-0.5338468,-0.34250146,-0.29808667,-0.9194453,-1.7609767,-0.45285743,0.23479863,0.11237211,1.1148803,-0.54861504,-0.8850186,2.034942,0.3499171,-0.73324406,-0.41587096,1.383191,-1.3313395,-0.12387783,0.1420103,0.6112833,-0.1169164,-1.2016633,0.13295144,-0.18818009,-0.9816077,-0.5795511,-0.018350603,0.9463468,-0.9217836,0.98090047,-0.25709146,0.032129362,0.18114696,0.027163902,-3.1915035,-0.4857654,1.7230412,-1.5684297,0.91061825,1.1626551
D05A,-0.8031972,-1.19786,1.9342484,0.18484631,-0.023128018,-0.501532,0.57134235,0.3410621,0.30875266,-0.5680755,-1.7429478,0.69547313,1.1245303,0.8723926,1.5649214,-0.5672539,0.2209066,0.067181,0.32735404,-2.1853762,1.5910215,-1.3198594,1.3940609,1.118791,-0.8649447,-1.1858481,0.04691041,-0.3718815,-0.5592951,0.6192234,-0.93658483,-0.40455395,1.1409009,1.059317,0.6184304,1.0848284,-0.040643036,-0.9315328,1.0737283,0.5124952,0.09342261,-0.67100036,0.5433397,0.958655,0.6461454,1.0333805,0.041346494,-0.18333036,-0.048246797,0.4297314,2.275641,-0.60002995,0.4948312,1.0024862,-1.0481858,-0.99392444,0.14088011,0.13862836,0.40976763,2.495103,-1.4836682,1.1084259,-0.14361787,-2.0642402,1.2749866,0.45072538,-0.49239355,1.042535,1.3333002,-0.25340372,0.8440532,0.40427405,-0.25694114,-0.7383074,0.6753185,0.4100346,0.8347537,-1.0597824,1.0489004,0.054528993,1.2187108,-1.6071609,0.9247646,0.30622151,0.71168655,0.6183474,-0.568922,-0.88445073,0.27196884,0.052082565,-1.2899004,0.7319082,0.87468064,1.6329182,-0.64615065,-0.72109073,2.2972682,-0.78946304,1.7439904,0.5153059,-0.06884147,0.1845031,0.28778177,1.7175562,-0.77102196,-0.3337629,-0.6792383,-1.0925444,0.0275234,0.11169476,-1.0211782,0.31887367,-1.4406955,1.327165,-0.28441414,-1.4912679,-0.17241845,-1.2480544,0.66546655,0.47402874,-0.40830347,1.3921837,-0.16393341,1.3140113,-0.5501757,0.9616177,0.09123404,0.32288834
D05B,-1.2241032,0.7478724,0.03921914,0.41741163,-0.8941175,-0.8424829,-1.7000146,1.1045865,-0.5506118,0.05010994,-0.4658448,1.4635595,-0.94383603,-0.19117838,0.13547553,0.7538583,-0.23091131,-0.23336405,0.9536956,0.09963136,-0.070543066,0.9185544,-0.2345993,1.3467888,0.32006404,-0.50981104,-0.80167735,-0.47969866,-0.16858362,0.64276516,-0.4350294,0.44111025,-1.084023,-1.0421131,0.9932793,-0.29936144,0.5438747,-2.1998386,-0.26126567,-0.56775117,0.8794204,-1.494985,-1.306274,0.7858765,-0.37627524,0.2974274,0.5036487,1.2066528,1.8802902,-0.84710944,0.54067725,-0.87663984,-1.1820714,-2.875027,-0.6380515,-0.2628044,1.3371912,-1.100877,1.972516,-0.39168742,-0.3095533,-0.5254501,-1.7840337,-1.108215,-0.63435787,0.42888835,0.1992413,0.071254686,0.59513825,0.42590684,0.28894386,-2.617957,-0.692515,-1.9031037,0.96606165,0.5333529,-1.5640305,-1.2972741,0.06184007,0.9893376,0.33836856,-0.56349605,-0.28033206,-0.602406,1.2110109,1.5347198,-1.8428298,-1.0156792,0.9725978,-0.6009592,-0.46187776,-0.3523001,-0.53203714,-0.4467395,0.3040582,1.3684267,-0.6775411,1.5182865,-0.11383438,-0.20961392,-0.34733203,2.0995219,-0.30111268,-0.18833716,-0.11359467,1.0181633,0.79378843,-0.50290054,-1.9435838,0.94781727,1.513474,1.3695487,-0.9689628,-0.4110967,0.789722,1.5931606,0.1947339,2.178932,0.73708683,-0.16816007,0.003026524,0.4671493,-1.7008823,0.910649,-0.7582196,-0.8437681,-0.63295454,0.6729477
D06A,-0.649612,0.67625165,0.44153768,-1.0491698,-1.6482975,-0.6986236,-0.117240466,0.671296,0.49150842,-0.25746897,0.24876341,-0.56653583,-0.95642716,-1.0046144,0.6390708,-0.9204155,-0.51354474,0.28482828,0.818409,-0.65011024,0.16488217,-0.060633875,-0.2126588,1.7739857,0.17377192,1.5990798,0.26711777,1.5940262,-0.72837025,0.3137801,1.6323224,2.0382388,1.4240711,0.19646789,0.71779865,-0.85007757,0.015048302,-0.4430581,1.0187864,-0.2699305,-0.91150004,0.32161963,0.121056296,0.6048031,-1.3492702,-1.1335346,-2.6076272,0.2532203,0.7824534,1.4635172,-0.61076915,1.0273448,0.2783035,-0.28496385,0.33281696,0.14253935,0.20772697,-0.033852365,1.7949135,-0.5683795,0.42661723,1.1688511,0.8965548,-0.55225223,-0.63711447,-0.8296199,-0.69219506,0.08458873,1.1417928,-0.15735543,1.6270647,1.0829943,0.04422911,-0.7341699,0.39720535,0.061255988,0.04117979,1.6457039,0.25518176,-0.82888776,-1.3358725,0.8431626,-1.9025607,0.77915573,-0.65068173,0.35632923,-0.9963365,1.0831797,0.10205516,-0.6142147,-1.1249251,-0.035160013,-0.85985017,-0.8439367,0.35288608,0.65458304,1.2954391,0.008095332,0.90876204,1.5185547,-0.34063053,-0.2192128,-0.1691064,1.4404972,1.6721318,0.58423597,-0.7938871,1.0734731,0.79346514,0.2309914,1.4095916,0.8288904,-0.21005346,0.7354961,-0.8032171,-1.9477459,-0.7951131,0.78723204,1.2760379,-0.31070557,-1.823459,0.74550676,1.137694,1.5067481,1.1963704,-1.5654972,-0.66098166,0.12588373
D06B,-0.58635867,1.2910998,-0.31542662,-1.6567324,0.4032174,-1.3166909,0.29923618,0.28128216,-1.2380228,0.7705471,-0.39150947,1.1388295,1.0948762,-0.1789329,2.2672403,1.2714008,-0.8015074,-0.76053834,-1.5484424,0.022682369,0.29273352,-0.13344395,0.87827337,1.2992939,-0.31158847,0.48820096,1.4639024,1.0297337,-0.6739737,1.8027756,-0.6528488,-0.23037104,0.3562623,0.7470469,0.6418826,0.9424806,-0.90818375,-1.3678834,-0.92953587,0.84995407,1.0184497,0.500416,1.3613315,0.85150856,0.6525525,-0.29045686,-0.67263705,0.61911446,1.2040834,0.018643133,-0.13478799,0.24309129,1.7155472,1.0928538,0.1689879,1.3455145,0.08523831,0.4554832,-0.8477638,-1.1409845,0.045256127,-0.33315822,-0.063449405,-0.1366215,1.2455559,-0.5185748,-0.57353467,-0.36158824,-0.87205786,-1.1894677,-0.6487982,0.8184577,0.32552794,1.4763203,1.572999,0.04463654,-0.0050970027,-0.14252788,-0.073152214,-1.2672447,-0.36401868,-1.1516423,0.610964,0.45389718,0.14493774,0.13830465,-0.015385046,1.1277639,0.47128466,1.3348596,0.27419776,-0.19451001,1.0592685,1.4007413,-0.20600799,-1.0921912,0.2818273,1.0334612,-0.107304655,-0.46152243,1.0556909,2.8019528,0.23357429,-0.198748,-0.17263938,-0.32023835,1.9974654,-0.52013385,0.023303395,1.7521076,-1.3031175,-0.01696163,-0.9732403,0.39217472,-0.47514707,0.77695304,0.44223806,-0.23564202,1.7545094,0.22990115,0.27686447,0.932931,-0.90481865,-0.9433587,-0.09967946,-0.73119223,-0.9288855,-0.4449226
D07A,0.4883676,-0.032163326,0.4782309,-0.3913858,-0.2542664,-0.841404,1.1809953,-0.27877933,-0.87168163,0.49231043,0.8762661,1.128656,-0.10909995,1.8773786,0.505112,-0.69527304,-0.4915073,0.8118627,0.10002285,-0.3037229,-1.0021858,-0.35564688,-0.57533026,-0.40546158,0.46596444,1.4326963,-1.516649,0.5372637,0.7194189,0.12026607,0.305211,-2.0442207,0.38486984,-0.3678404,-0.75764704,-0.003395828,-2.0620477,-1.5087438,-0.35025746,-1.2699245,-2.2418664,0.23659049,0.5168692,-0.21617201,1.0944903,-0.098251194,-1.2916337,0.091517396,-0.03673558,0.548972,-0.67668706,-1.8154069,-1.7967997,-0.15388949,-0.34577444,0.7859912,-0.03830759,0.38720173,0.22008793,0.5752027,-0.4114128,0.093060836,0.6205533,-1.0384015,0.49486804,-0.013813044,-0.60857886,1.6686763,0.9726852,0.8891973,1.064667,0.5761218,0.52634543,0.006134146,-0.41464657,-0.8210692,-0.10901325,0.4809608,0.83818364,-0.8312063,0.9962164,0.42252892,0.4851777,-0.60515857,-1.1846682,-1.3327924,-0.9423197,-0.2090318,-1.1141909,-0.28024772,-0.90285563,1.2258394,-0.0098252725,1.1197494,1.0705243,0.8919402,-0.46554884,-0.1215689,0.22598127,1.1062562,-0.9810981,-0.17776522,0.4864449,-1.1609424,-0.24225722,-0.18424574,1.3901694,-1.9133945,-0.9299618,-0.60666305,0.18677033,-1.2208763,-0.18694559,-0.094007574,-0.43025902,-0.26695424,-0.53653955,-0.2398832,0.41819412,0.05556694,1.9847642,0.9573348,0.595896,-0.00801151,-0.881713,0.17051423,-1.390611,-1.1155864
D07C,1.2475269,-0.32014665,0.44660145,-0.104508124,-0.02136806,-0.16505659,-0.47167432,-1.041783,-0.31175542,0.39165494,-1.4647816,-0.21886192,-1.2002118,-0.25326222,1.4477403,-1.2887031,1.0179539,0.20220552,1.4633604,-1.2049482,-0.06697803,1.5244526,-0.66649306,-2.277657,-0.13688745,0.58141893,-1.013823,-0.34111685,2.0413926,-0.5912653,-1.2974138,-1.1007141,-0.66095257,1.0530353,-1.3577796,0.40202424,-1.0682487,0.23042591,-0.86817837,0.5292084,0.20363568,0.505347,0.38525972,-1.1060673,-1.5560266,-0.19432591,1.240641,-0.39364,0.28773847,-0.15938854,-0.022805814,-0.9083228,0.70746684,1.6615604,1.5520754,1.2213323,-0.4474826,-0.23981535,-0.57041234,1.0508939,0.92326707,1.2762309,-0.28011113,-0.47517058,-0.6667292,-1.3205856,-2.0932052,-0.2603426,0.47636032,1.4268448,0.057751313,0.08224389,-0.45208168,0.11039753,-1.3894105,-2.0914187,-0.02678925,-0.7299574,-0.04506982,1.1977301,-0.7258155,-1.1598288,-0.7104579,0.5037112,1.317469,0.9051765,0.52069527,-1.7445581,-1.635959,-0.50772476,0.52280957,0.28320098,-0.14514942,-0.037446953,-0.98813856,-0.7889757,0.96541977,0.42757252,1.3479581,-0.45927852,-0.9339639,0.89436585,0.6182388,0.37166402,0.63351476,-0.008978406,-0.12676124,-0.6502569,1.4281354,0.038357288,-0.6899424,0.26859656,1.4076113,-1.1484779,-1.1241739,-0.37151358,-0.0047769,-0.13953023,-1.0366194,-0.9054554,0.99562865,0.5906945,-0.7687147,0.10346677,0.89157414,1.0149934,-1.1036668,0.46711755
D07X,-0.21542756,-0.23146816,0.93901867,0.6887656,0.36527207,1.1041987,-0.6901268,-1.4223782,-0.9833318,0.307477,-0.2550415,0.20310773,0.99024844,0.9060743,0.5194209,0.02194989,-0.5217987,1.8562762,-0.17909388,0.1758637,0.69343114,0.5845424,-0.97968465,-1.1137922,-1.1179569,0.767665,-0.30337363,0.0102710165,0.0060705915,1.1093192,0.7973139,-0.16823597,-0.42820024,1.6345183,0.8012534,2.2149043,0.52603,1.0519965,1.8074851,-1.6410903,-0.6241966,-1.1938579,-1.3479561,-0.8349268,-0.018572535,0.76475483,0.9351304,-1.1408697,-0.80875397,1.0047389,1.083396,-0.7856566,1.5168303,0.89049196,0.12875,0.1071936,0.73962915,0.83973837,-1.2602348,-1.7951611,1.3220004,-0.53610325,0.57921517,0.08319286,2.1958125,0.14431395,-0.81368166,0.12048776,-0.73823553,1.7655487,-1.1292806,0.13689908,0.4090678,0.9359828,0.49811026,0.68983996,-0.42923772,0.41722396,-0.03858249,-0.98422194,-0.022245644,1.7530695,0.8997928,-0.6691359,-1.2391897,0.03769285,1.3359514,-1.026476,1.105606,2.278712,0.5469137,-0.5226286,-0.46168268,-0.31241128,0.38767302,-1.5255419,0.37642294,0.660535,1.311357,0.04521808,-0.28966504,0.46480444,0.028778689,-1.6769536,-0.4249445,0.46463275,-0.5467488,-0.112070836,-0.2243138,0.75024825,0.08804239,0.42851177,0.09023167,-0.20600007,-0.16498318,-0.123416625,0.14783667,-0.43224365,1.0906148,2.1058173,0.66485435,0.0661485,-1.105974,0.3258527,-0.0029411651,0.47820845,-0.49511653,-0.782147
D08A,-0.09821971,-0.1113848,-0.17076935,1.2470315,0.7372906,-0.2377484,1.2258335,0.8433237,-1.7067851,1.5417454,0.2525301,1.5708035,0.71210206,-2.0036316,0.9794021,1.612215,0.7606454,-1.1886874,-0.07730779,0.025431672,-0.7172875,-0.1557572,-1.0554234,0.09576541,0.52540016,0.7093478,0.8078862,-0.52355,0.2282467,1.605345,0.32547355,0.8971247,-0.18240887,-0.9295423,0.3960146,1.8816584,-1.6930021,-0.30967352,0.7166106,-0.28821868,0.4463062,-0.81515175,0.7290819,1.2356608,-0.30777842,-1.0065452,0.929337,-2.2647336,-1.7882129,-0.74634504,0.16855538,0.9824812,-1.2946582,0.6913606,-0.21062002,-0.03529107,0.28992882,-0.21492574,-0.2063821,-0.117420726,0.84112173,-1.2926816,-0.8521567,0.46278125,0.26832795,-1.5531645,0.53795564,0.3548482,-0.89568996,0.6810401,1.3612609,-0.10651145,-0.060354576,0.22333038,0.83977085,-1.3146174,1.19463,1.9446422,0.56119365,-1.6028202,-0.05963504,-2.1797218,-0.44336236,-1.1464657,-0.14460213,0.3114581,0.52154386,-0.5734856,0.50624204,0.8554579,1.7094831,1.1152804,1.224623,-1.0482813,0.14748195,0.122342736,-0.062131118,-2.257642,0.41309798,0.3085739,-0.5162855,0.3900942,0.2277198,0.050885215,1.0681458,-0.7823849,0.5638869,0.04651774,-1.1998017,0.098705724,0.27611905,0.025061,-0.30941904,0.9658682,0.48379803,-1.1091362,-1.4307947,0.6680525,-0.24178725,1.699287,0.69963264,1.6290687,-0.4812882,0.31603032,0.16447815,-0.31472653,-0.3152548,0.3413523
D09A,0.9990029,0.23957503,-1.1047142,1.173988,0.24258526,-1.6071602,-1.9934082,1.6971068,-0.42377898,-0.63335323,-0.81401926,1.4169838,-0.48556614,1.1368064,-0.19352308,0.3575478,-0.9044661,-1.1441607,1.3468108,0.6337432,0.20817815,-0.18518393,0.9558702,0.019954376,0.13735007,1.0124621,0.8342014,0.2227911,-0.48521617,0.41217452,-1.3496888,1.3635256,-0.009406806,0.67203754,-1.1110448,-0.84653664,-0.55131614,-0.4114751,-0.13819256,2.164084,-0.67467004,1.1005857,0.57554156,-0.19830613,1.5965482,-0.28968203,0.31373143,1.9476784,0.71286005,0.3219828,1.0412391,-0.16552977,0.8516168,-1.1361297,0.016476337,-0.85283047,0.93849903,0.28529805,-0.258066,0.6752694,1.2956016,-1.6105888,0.052449882,0.979491,1.1083715,1.7185771,-0.67892665,-2.0187004,0.013311494,0.062297657,-0.15620524,1.8791308,1.0488846,-0.062323526,-0.66059583,-0.65082175,-1.2916511,0.55673444,0.91100705,2.4030967,0.10989844,-0.6996612,2.318672,2.387035,-1.1103032,-1.122629,1.052589,-0.9532006,1.1862348,0.20974638,1.1764394,0.43439505,0.09881882,-0.47064894,-0.35265845,0.7050458,-1.184322,0.29651055,0.5156208,-0.024864916,0.20060755,1.1915969,-1.618286,-0.6805468,-0.33985388,0.33023927,0.9839019,1.0095729,-0.6561607,-0.15420686,1.4382124,0.19246013,0.31781873,-0.93028,-1.7349268,0.1884592,0.33953014,-0.04757705,0.53787327,-0.056693576,-0.39270237,-0.24577937,-0.244683,-1.2635802,0.31740865,0.7528442,0.45569655,0.43407875
D10A,-0.2733536,-2.0917041,1.3005424,-2.189733,-0.48003992,0.8511267,1.8163775,-0.4728275,-0.4520551,-0.3789588,0.9764945,0.46666756,-0.09856727,1.2793394,0.29533407,-0.7504457,0.75543183,0.5349098,1.0460784,-1.2529273,-0.5367626,0.66842675,0.12902114,-1.100462,0.033038452,-0.6964238,1.0846475,-0.7669745,0.6639454,1.0371836,0.51353914,-1.2289811,1.3922702,-1.9381368,0.76144063,0.66419953,-0.5886789,1.3074269,0.58749723,-1.2031548,-0.67354506,-0.30069572,0.5866245,-1.8282027,-0.0037305893,-2.5575192,1.6546984,0.24743758,0.22558944,1.1089429,-0.093590856,-0.9662418,2.0627067,1.161248,-1.3352422,1.952593,0.5158708,1.0646534,1.6126071,0.08435728,1.2143407,0.2818225,-0.5266302,0.20028196,-0.26254416,-1.9903361,1.0286306,-0.28541857,0.62476164,-0.89585143,-1.929222,0.5661902,1.0727509,0.37864318,1.2620002,1.2750757,0.3822769,-0.35454717,-0.4631736,-0.884736,-0.76452947,-0.7094835,-2.1178045,1.8576071,-0.4347233,0.81081593,-1.5870392,3.050347,-0.18895535,-0.05135355,0.8546117,1.0979023,-1.4966183,1.2073168,0.941705,-1.118812,0.65756065,1.0220163,-0.89253944,0.4215903,0.24533267,0.8941899,-3.0045145,1.5634036,2.8662777,-0.043929778,-1.3490852,-0.21803029,1.2994555,-0.37735114,-0.18684551,-0.77164245,-0.23925218,0.56090736,2.407809,-1.0333298,0.26179323,0.2363685,1.365662,0.14236043,0.02252565,-0.9929568,-0.83347005,-2.1132514,-0.06973498,1.3729075,-0.4825603,1.1769487
D11A,-1.0829109,-0.90366906,0.07207684,-0.1461866,-0.6192063,-0.2515074,0.6822101,-1.5064179,-1.9754907,-1.8737022,0.23388653,0.5573826,-0.3229823,-0.11758074,1.3229995,0.6504761,0.19463153,1.155316,1.1518626,-0.62717944,-1.0213038,-1.3977923,-0.05281856,1.0716065,0.43495616,-0.707331,-0.38280216,-0.1352836,-0.9519586,-0.45538858,0.13886605,0.3735845,0.08621418,-0.9432738,0.4203412,-0.99394476,-1.6154487,-0.30127895,-0.14784889,1.5960069,0.5667334,-0.6521255,0.2582823,-2.0405915,1.0565875,1.1869452,-0.9364146,-0.64520395,-0.90376115,-1.4250057,0.18639347,0.8193491,0.06595832,0.2068186,1.4589424,-0.22289033,1.3849654,-0.19412562,-0.60896635,-1.4875256,-0.18302481,1.6129918,0.07573818,0.29514945,0.5163314,0.6525165,0.11464084,0.945521,0.5022846,-0.46862143,-0.3614763,1.2847202,-0.42021587,0.9806874,0.69760406,0.04251636,-0.21957608,-0.3471406,0.5101277,1.1189564,-0.7838598,-0.005892617,-0.5715453,-1.2438278,1.4931809,-1.8203213,-0.35267895,1.110053,0.1892017,-1.0794289,0.45533195,-0.7854752,2.62266,0.81157583,0.030967569,0.2191512,0.3100901,1.072221,2.3218424,-1.0553557,-0.5152187,-0.55014956,-0.5834633,-0.5325601,0.51808155,1.8096807,0.43527132,-1.142281,1.8439877,1.4854256,-1.1357512,-0.41192824,0.0068369647,0.18346977,-0.11924475,-1.1773093,-0.034733716,-1.1521842,-0.1489335,-1.0264332,-1.9435862,-2.2101352,0.3355014,0.6031969,0.03436541,-0.32264072,0.4467077,-1.440014
G01A,0.6764953,0.37167245,-0.14700049,-0.2790599,1.7549423,-0.10738447,-2.4396386,-0.27034432,-0.29180408,0.44764942,-0.47214645,-0.7503457,-1.1754539,-0.63698727,-1.5609751,0.40967727,-0.33852407,0.7985904,0.39820334,0.19119932,1.5280594,-0.039849143,1.4198294,0.47811538,0.24896832,0.25454792,-3.0159214,-0.33817184,-0.30253345,-0.45543367,0.4610818,-0.6858055,-1.2256238,-1.3277793,0.8491735,-0.38406357,-0.18605876,-0.498719,0.35503095,-0.911207,-0.50052977,0.8924282,-0.5786441,1.1808192,1.3393456,0.6961489,0.46079445,1.0709076,0.6953354,0.1259146,0.58650446,-0.79188627,0.03408384,0.020189067,-0.4829838,-0.1684809,-0.18953688,-0.73085487,-0.6928413,-1.0680867,-0.9627909,0.83698326,1.1988337,0.9920241,0.44766048,-0.27381337,0.5977827,0.8432459,2.129832,1.0532418,0.018788403,-1.8749583,0.57160914,0.76000494,0.22895393,-0.26841387,1.2794152,0.4681452,-0.4016342,0.16377687,-0.02670252,-1.3822169,0.6712248,0.21855064,-1.5340782,0.066634655,-0.35612088,-0.073290415,-0.20238346,0.1302685,0.11667111,0.20010684,0.82737154,-0.65220577,0.17713365,1.5239595,0.86727583,-0.75337046,-0.14332044,-1.6043937,-0.51952094,0.03335829,-0.11189507,-0.07479618,-1.5888753,-0.6190485,-0.3995684,-0.26356938,0.11002342,1.5880831,-1.081515,-0.76055026,-0.87280947,-0.45013165,0.010125602,-2.463708,0.019568024,0.083486505,1.0154271,1.6435875,0.5558338,-0.29813793,0.5280869,1.1723033,0.75915164,-1.4794006,-1.2384734,0.040527936
G02C,0.9516515,-1.4018515,0.50590396,-0.48491505,0.7031505,-0.8648768,-1.1599212,0.22503425,1.0652027,0.5178623,0.06351739,-0.54576963,-0.9937967,-0.62741566,-0.22055522,-0.49970412,-0.279614,-0.5037818,0.40923363,-0.80807704,-1.6519362,0.21143396,1.1072638,0.959952,-0.18674938,1.0983979,0.25252667,-0.03561479,-0.12202003,0.06733059,1.0144323,-0.92630404,0.81664807,1.108872,1.353539,0.4829449,1.7925171,-0.33239192,-1.0352167,0.6935689,0.7327504,0.22634758,0.37502012,-2.0160522,-0.9598763,0.6361861,0.9413545,-0.45820433,1.0193188,1.3617942,0.14076886,-0.3507162,-0.39017472,1.7330784,-1.6978856,1.2144833,-1.101451,-0.12741101,0.008871343,0.21696006,0.7613551,0.13705248,0.11459425,-0.81185544,0.587097,-0.037317146,0.7850569,0.5887094,-1.0171814,-0.2568816,0.7460313,0.97463113,-0.3902621,-0.22676624,1.3135047,-1.034914,-0.34576273,0.5816051,0.7094844,-0.5624886,-0.27776715,0.06835876,-0.44183385,-1.0461719,-1.4870567,-0.48104432,-0.70221144,0.207838,0.8465397,-1.1685913,1.5017841,0.8119441,-0.8834422,-1.053583,0.49312472,0.83804345,-0.3760967,-2.7043486,0.44984832,0.2005137,1.3268052,-1.0544305,-0.57628876,0.7039065,0.026939757,0.43654716,0.76871854,0.14814627,1.5004745,-1.0071583,0.9971527,0.8747832,0.8567625,0.08909291,-0.23366524,2.105932,0.40705743,1.5632888,-0.6180776,-0.594617,-2.085527,0.25684598,0.8461805,0.007970866,0.31905684,-0.07195715,2.4719868,-0.19275372
G03A,-1.7534826,-0.24953645,0.9602945,-0.9985117,-0.9559854,-0.5514553,-0.6208879,1.2713814,0.3510201,-0.56221807,0.28636461,0.46864125,0.5972601,1.2538878,2.509354,0.48778325,-1.2185475,-0.1138741,0.4166581,0.20185754,-1.1337645,-0.72951335,0.8514337,0.061566472,-0.20827977,-0.011743946,0.056508668,0.20254584,0.65933067,-0.46894202,2.918395,0.89594704,0.32043904,0.7741025,0.7253317,-1.2814617,0.50298065,-0.089385256,-1.4626952,-0.9934692,2.5051756,0.79150313,-2.22666,-0.04825759,0.9819932,0.7093863,-0.3992773,-0.043627396,-0.6411103,0.20540163,-0.5905322,-0.82267326,-1.2485967,-1.2172158,-1.254852,-0.26118124,-0.16696827,-0.08962122,0.01970306,-0.030383263,-0.10875599,-1.0534252,1.1457877,0.20612079,2.6740878,1.6216707,1.3765984,-0.07382408,0.46419233,0.698711,1.4849067,-1.1190748,0.73334527,1.1277761,-0.26499635,-0.24734412,-0.65920293,0.5880016,-1.3266008,-0.80741334,2.1595166,-1.230258,-0.061620902,0.9978936,0.4442703,-0.64191246,0.131772,-0.037308663,-0.9078569,-0.4104861,0.05334934,0.2660201,0.98841196,-0.53869164,0.88130474,-0.17123047,-0.07493945,1.326024,0.008611511,-2.8462477,1.7637725,-0.973485,-0.48901346,0.5722746,-0.8532511,0.9323449,-0.30157188,-1.2422988,-0.39853132,0.86757004,-2.31465,0.85580397,-0.90964794,-0.75462914,0.30205026,1.0762197,-0.41259092,-0.8326753,0.4947382,1.5125949,0.2609117,-0.17285836,-0.1719315,-1.1804658,-0.7097081,-0.06734191,0.38761038,-0.9452326
G03B,-1.8018372,-0.14234805,-0.37121856,0.7607667,1.3138261,-0.24137075,0.26091158,-0.30900264,-0.5431086,0.9694124,0.7059763,0.19110814,-0.024284313,1.411619,-0.19354893,0.25420812,-0.41637695,2.2418945,0.0816918,0.51155,-0.6012379,1.8064413,-0.17544289,0.1221172,-0.6793671,-0.42037222,-1.3973458,-0.61592007,0.85541725,0.43222326,1.0914004,0.38776004,0.09510057,-0.6872738,0.41985282,0.2125191,-2.1686418,-1.2591848,-0.7723176,1.1041359,2.3386793,0.4421888,-0.9581013,-0.5858027,1.150345,0.60083145,0.5932385,1.426603,-0.62045896,-0.19356462,1.9815907,2.1421595,0.79239154,0.4457141,0.82844687,0.7841172,-0.31343576,0.56976587,-2.119406,-0.8244376,1.0980856,-0.46706367,-0.82168365,-0.8903182,-1.5872352,-0.80672634,-0.96304524,0.2848909,0.06893783,-0.39127386,-0.84271604,-0.68604237,-1.0344622,0.34567708,0.1130879,-0.21506754,0.15659356,1.284854,-2.1479418,0.091157675,1.0884672,-0.79297537,-0.8867597,0.4121809,0.7612462,1.0658185,0.89369774,0.003776617,1.0599304,0.87567997,0.15031615,0.41444245,0.8055943,-0.29207173,0.14966896,2.9145787,-0.13936423,-0.044526197,1.9294533,-0.6368756,-0.02479288,0.8717446,1.8210171,-0.21694782,1.7968307,-1.0531548,-1.0464116,1.4821568,1.0871798,0.1174601,-0.13866557,0.07825358,-0.31071165,-0.84013736,-0.87584025,-2.1489196,0.5288554,0.71402913,1.0282034,1.4922428,-0.58264977,-1.6714805,0.7360043,0.52037585,-0.64937925,-0.51948154,0.88004893,1.1787642
G03C,1.1326495,0.44257456,-0.94580173,0.1604406,1.1892751,0.31923518,0.1617684,0.68114144,-2.654291,-0.6206306,1.4699131,-0.036780283,-0.8246269,-1.3335867,0.84370816,-1.0546693,-0.4903664,1.4423852,-0.3519538,-0.32928577,-0.30430934,0.7607448,0.68826014,0.7596635,1.0150937,-0.9958317,0.0912697,-0.3129698,-1.0955893,-0.5304755,0.14450002,-0.32648006,0.8817755,0.14439562,0.87729114,-0.31862384,0.10861869,-0.624057,1.1244142,0.8109337,-0.020689366,-0.16956581,-1.7773837,-0.80844694,1.7193353,-0.40246305,1.3363022,-0.913373,2.6934328,2.128818,-0.909803,0.89721745,-0.65196365,-0.4352297,-0.99431527,-0.11188338,-0.0012753637,-0.073725276,-1.2332921,-0.06309179,-0.19077961,0.85766184,-0.7629999,0.65971243,1.1430715,0.30688694,0.53142625,0.87953436,-0.33547768,2.3766353,-0.027954115,-0.19179566,1.0336326,-1.1328888,-2.0900712,-0.18570745,-1.6250223,0.17453912,1.8231367,-0.93914527,0.2285148,-1.6033976,-1.3239521,-0.053442676,0.7130631,0.76635414,0.0663668,0.1600641,0.9708027,-1.6026826,-2.1773083,1.4971727,1.1770443,-0.9507623,-0.009890625,-1.4993056,0.9855257,-0.19753024,0.9485924,-1.0695493,1.4801356,-0.23449013,-0.40501323,-0.020826085,0.13646328,-0.7301648,-0.16644247,-1.2436558,-0.20819433,-1.591594,0.12740327,-1.2027732,-0.49614084,-0.3529571,1.1619656,0.5458717,-1.7864782,-0.20142844,0.37889478,1.0295525,2.7356684,0.74588346,-1.8131992,0.72544914,-1.5800202,0.34571105,0.78677255,-1.4740429
G03D,1.1150837,-1.0381583,1.8910995,-0.9409606,0.47822815,1.222281,0.11330978,1.0399109,-0.2526847,1.9281306,-0.18409067,1.4292903,1.8927252,-0.4097303,-0.38539252,0.7928934,0.6119715,-1.7180812,0.14194827,0.124712706,-0.26175722,1.486145,1.2526823,-1.2540221,0.44961053,1.075274,0.7385132,-1.5482244,0.3262841,0.3432075,-0.40852904,0.1666695,-1.0561717,-0.9737322,-0.3376331,-1.7115012,-0.32078674,-0.75060517,-0.120126545,0.08138852,1.4656465,0.6406777,-0.111475475,-1.0990316,0.3692027,0.7076498,0.28742266,-0.90272605,-1.8454912,-1.290865,1.0391617,-0.5416695,0.3084962,-1.2806457,0.12934855,-1.2410252,-0.21518235,-0.6637565,-0.55437887,0.015279697,1.1751045,0.49506825,1.264151,0.811545,0.4585096,-0.38406458,0.43222076,0.8567953,0.1439582,1.2453203,0.77646786,-0.192588,-0.26336744,-0.5827763,-0.19094627,-0.4460106,0.7500445,0.53018624,0.7233504,-1.2154623,-0.30559984,-1.198617,1.6183978,0.23555847,-0.63567287,0.406557,0.9186137,-0.60614914,-0.9919131,-0.5984874,-0.6465231,0.610295,0.18690784,-0.27092093,0.01619113,-0.15903352,-0.6032651,-0.72528416,2.2555065,-0.016206603,-0.063956514,-0.57179505,1.8984293,-0.8897826,0.3420698,-0.49779734,-2.121234,0.6162308,-1.1820647,-2.0325196,-0.29934153,0.26856926,-0.039708868,-0.7401737,2.6522233,-0.13462052,-0.36030385,1.3574355,0.6533187,0.29489058,0.8582052,-0.7248823,1.0293199,0.4605469,-2.0754352,3.4188638,0.5415679,-0.2891864
G03E,-1.0870765,-1.3523166,-1.1645789,0.22770141,-1.020441,0.72495514,0.44600698,-0.0898437,-0.4306662,0.26683408,-0.9705059,0.2636728,-0.46771008,-0.91617167,-0.49520546,1.6520847,-0.011448145,2.7541115,0.31793016,2.4651754,2.2394378,-0.55572563,-0.8474317,-0.5430344,-0.22592577,-0.16158052,-0.9832279,-2.1156125,0.3599625,1.4561949,0.2877224,0.3262938,-0.20608239,-0.7329117,-1.2498183,-0.05442395,0.8106807,-0.44092676,0.9476832,1.3383927,1.3848721,0.4718776,0.4324484,0.5917696,-0.87482816,-0.81390786,1.1593015,-0.034835983,-0.043138754,-1.6184245,-1.1827613,0.836153,1.0354424,1.7912015,-1.2925175,-1.0337868,0.53764576,-1.1678947,-2.0536125,-0.048674338,0.03266201,1.1807549,0.41779098,-0.63445014,0.005927119,0.6828733,0.24120682,-0.2104272,1.0288203,0.93130344,0.4030286,-0.37090668,0.13705567,-0.2149441,1.0530803,0.09092492,-1.2939107,0.6722925,0.7552384,2.053958,1.4383761,-0.16141278,0.67766285,-0.005501438,0.99957347,-0.94392216,-0.16176552,-1.9651011,-0.2041427,-0.1634212,1.0758324,-1.9159255,0.2340908,0.5158695,0.9101485,-0.74701434,-0.06189956,-1.16364,-1.0166416,-1.1013507,1.7558559,-1.5658479,0.27930215,0.81373054,-1.3034894,-0.030452562,-0.50087255,1.1913439,0.34905797,0.21492504,-0.449337,-0.8035329,-1.8347492,0.102301136,0.4322417,1.8029692,0.6212241,0.77185386,0.68448925,0.76267976,0.84721327,1.3193103,-0.62340426,0.91865325,0.17907155,-0.81631106,0.26351073,0.2745147
G03F,0.108162016,-0.46269968,0.5814862,-0.63964665,-0.6560109,0.776926,-1.8743346,-1.1484343,0.5135023,1.8332297,-1.3223898,0.92907387,0.374614,-0.6194037,-0.49213934,0.71731186,1.0100756,0.40758368,0.86030203,0.8558849,-0.7635468,-1.6311373,1.4487021,-0.761884,-2.808663,0.60274684,0.6105545,0.7434643,1.7069969,-0.32535774,-0.42749426,0.6892402,1.3401694,0.49805114,-1.1341506,0.20912582,0.28804997,0.48755172,0.16928709,0.16114995,0.5626401,0.89957803,0.9664779,0.42276993,-1.3339036,-1.3116086,1.2496921,-0.35753152,0.9242484,-1.1022094,-0.08062081,-1.5321047,-0.10021955,0.21124038,0.37284914,-1.271448,-0.1388112,-0.82559663,-0.34947613,-0.025600094,0.90947324,-1.338941,1.4223005,-0.23883879,0.055641945,0.1573522,-0.13359062,-0.16891868,0.13917743,-0.558199,0.52992076,0.16041273,1.1762551,0.17830715,-0.52054083,0.24406613,-0.8102969,-0.22392672,0.43567047,0.98249733,0.2975809,-1.3978724,0.6421491,1.361597,0.8579497,-0.18458863,-0.07036905,-0.19485493,0.6710503,0.59322023,-0.25902113,0.25891834,0.47485954,0.8795651,-0.4374632,-2.3432875,0.84628415,0.9241785,1.0358945,0.6340359,-0.67793846,-0.96570843,-1.0151259,-0.028822713,0.7041369,0.9827252,-1.4446065,0.3106354,1.0538552,-0.17039093,-0.85092497,-1.2579066,-1.1187944,0.95443344,-1.1035537,-0.08116229,0.61700726,0.8850422,1.6023899,-0.42820048,-0.16205321,0.38322377,-0.040604793,0.8625138,-0.47572917,0.48656955,0.4377563,-0.29342952
G03G,0.19350964,0.3289682,0.79840004,0.5130666,-0.17079899,-0.23246418,0.2627891,-0.80664676,-0.101282366,0.13213982,-1.9516077,0.8820274,0.59381706,0.88503987,0.75239986,-0.37715906,0.570757,1.6498903,0.86116564,-0.52524006,-0.026477208,-1.1215233,1.6857762,-1.3395725,1.2814505,0.24183436,-0.14873631,1.8456186,0.6181431,-0.17052956,-1.8364813,0.4271669,1.5767014,-0.26919615,0.41320583,-0.44369912,1.4228457,0.8494207,1.6681987,0.3137808,-0.7227816,-0.234623,0.7806111,1.9659584,-0.005385849,0.79461086,-0.40783036,1.2991776,1.4938031,1.2459211,-0.6735799,0.64945596,0.9162993,0.28800875,0.47533944,1.5567205,-2.152061,-0.28950125,-1.6592808,-0.7727053,-0.6673872,0.15537411,-0.76500005,-0.8130989,0.8581104,-1.1010141,0.76422775,-0.75886583,-1.2682116,0.55797887,-1.158915,0.8343483,1.8862938,0.066803746,-1.1886404,-2.5716536,0.3623486,-2.1758199,-0.53485626,-1.3418361,0.59275,-0.49308795,0.66645867,-0.064977236,0.8314324,-0.23407945,0.8047559,0.9783368,-0.1717125,-0.9029472,0.11349579,0.25466967,0.20249352,0.869969,1.8945969,-0.10839205,0.52587026,1.8093517,-1.1583196,0.00085952046,-1.1515821,-2.2742882,0.58794945,-0.40355197,1.5972666,-0.72321975,0.28571045,0.74955493,-0.06671224,0.59734935,0.7803189,-0.07320263,-1.2293901,1.7347872,-1.2211844,-0.62729293,1.8422595,-0.5045321,1.0898604,-1.0528519,-0.006821606,0.663416,0.5697872,0.073511906,0.16405614,-1.0922652,0.38813096,0.65277314
G03X,-0.5916523,1.7040887,0.25570077,0.83119255,-0.41246533,-0.28688776,-0.060055792,-0.04216666,0.9668013,-1.4671583,-1.7514942,-0.52957374,0.17515777,0.12249486,0.15722279,-0.2999932,0.5627126,0.24586828,0.034418073,0.6689675,0.14199513,0.22244309,0.08381916,0.5079364,0.8282304,-0.78737545,-0.1594043,-0.2181956,-0.41135043,1.2005757,-0.94883484,1.0829852,0.9186041,-0.9368136,-0.27190903,0.29765382,0.15487844,-2.017448,0.4575638,0.80302596,3.1475465,-0.4458173,-1.3117679,1.3355724,-0.015935846,-0.07386363,-1.7765793,-0.2988837,0.26787433,-0.13112171,1.1848536,0.25733232,-1.7004105,-0.91082233,-0.8944861,-0.06080041,-1.120561,-1.4251634,1.4263563,0.41138154,-0.9223579,0.75300235,-2.0197175,1.9732277,0.3726606,1.0303832,-0.259095,0.0028420875,1.303513,0.93419677,0.17314465,0.15812266,0.06733708,1.3497112,0.95815706,1.5225763,0.6151389,1.3845167,0.16662507,-0.12647508,-0.40664092,-0.9569226,0.7938809,-1.9479202,-0.2263999,0.6099224,0.11344531,0.2527278,0.059033096,-1.2122626,0.36205974,0.4866582,0.055450063,-1.2874054,0.74866426,-0.83872724,0.9414935,-0.454957,0.898748,0.084088154,-1.8557774,-0.22491507,-0.976426,-0.35907364,-0.7486549,0.35467383,1.3709573,1.6542978,-0.5999813,-1.2578834,-1.1330328,-1.2604585,1.0104594,2.140818,-1.2027276,0.57555175,-1.199946,0.4618598,-0.31445304,0.5168126,0.21556662,-0.36087334,-0.64157647,1.9082834,1.1783319,-0.77435035,-0.71907806,-1.642695
G04B,-0.22292867,-0.6951972,1.1562142,1.1271452,1.195465,0.11836364,-0.7747533,-0.03189601,0.4743033,-0.00320843,-0.2980288,1.3409448,-0.057235457,-0.0026634787,-0.17761742,-0.16896392,-0.1473172,0.26027894,0.86066157,0.5013862,2.2801383,0.42845258,-0.05739533,0.251005,1.3178242,0.5219848,0.9286032,-0.316141,0.82891655,-1.1074193,0.15788653,2.2244494,-0.3223794,0.040617604,-0.23375295,-0.28412974,-0.10831658,-0.7128728,-1.90763,-1.5413277,1.6225913,0.46065915,0.38952407,-1.0446495,-1.9037403,0.08029904,0.6304287,0.8196829,0.6269127,-0.24604382,-0.51078284,0.59959006,0.7082742,-0.9732944,1.1354586,-1.2141577,0.047886733,0.8695216,0.09980693,-1.1736994,-1.3109505,-1.2144625,0.665805,0.33389792,1.0324328,0.4822816,1.5009332,0.17612465,-0.90771705,-0.018221801,-2.1781845,0.6673917,-0.4588901,0.1280645,-0.6161162,0.5153398,-1.005451,-0.507055,0.16983204,0.88706625,0.40521497,-1.1691942,-0.11799878,-1.3318279,0.7543192,1.2068615,0.66880584,-0.5188949,-0.48692122,0.6806452,0.68077034,0.6082402,-0.13542445,-0.7261183,1.4518214,1.1731465,-0.12100885,0.727935,0.3958385,-1.7917439,-1.0067829,-0.78750914,0.7433898,0.44602346,0.59059334,1.055385,0.10549089,-2.055675,1.0239532,1.3441589,0.24965382,-1.5942401,0.9413393,0.43319646,0.343891,-1.530874,-0.30547857,-0.27769557,-0.9206532,-0.9272585,2.2152228,0.5089001,0.8841894,-0.62791926,0.62675834,0.6425971,0.48480943,0.23883028
G04C,-2.1713042,1.1668335,-1.7097327,1.0769454,-0.83203954,-0.07917939,-0.2652216,-0.33944166,2.6290867,-0.1385962,-0.8037042,-0.3096707,2.4317396,-0.335207,0.82513344,0.9424788,0.3301605,-0.44968882,0.6234467,-0.34646386,2.1734297,-1.7796723,0.02359662,-0.18299146,0.9084771,-0.97749513,0.6574446,0.42862752,-1.3311753,-0.02532636,-0.39955685,-0.92318684,1.3037767,0.09844468,-0.23726961,-0.22114307,0.50363624,0.45904955,-0.35249,-0.08690823,-0.6899288,1.376705,0.20075177,0.7025639,-0.61898184,1.2925065,-0.14141579,0.3238876,-2.3926182,-0.34264916,1.0159116,0.033602756,1.2187246,0.4010122,1.5229919,-0.52922493,-0.5651092,-1.2528766,0.21574472,1.0107254,-0.28205413,0.37049407,0.8624023,-3.3477585,1.5071765,-0.54695904,-1.6359508,2.2681046,-0.7947371,1.3131665,-0.13894828,-0.9935026,-0.32936993,-1.1034606,0.19082165,0.5999644,0.8005959,0.08826704,-0.092714384,-0.3119943,-0.5293784,0.70658034,0.5450602,1.4225988,-0.18975866,0.38907698,1.0035493,0.823861,0.061480556,0.718351,0.24942116,-1.4674163,-1.1078969,1.346569,1.593724,-0.21313922,0.1013521,-0.44411975,1.0347309,-1.8754438,-2.8776143,-0.15237786,-1.4288224,1.7707655,-2.5326588,1.162328,2.472311,0.8746949,-1.8309877,-0.18439126,0.40636158,-0.1160057,-0.8651857,-0.23652251,0.99870956,-0.29196241,-0.26790982,-0.22043377,-0.21128426,-0.16807841,1.1133215,0.48474237,-0.652905,-1.3718258,-0.8157009,-0.013738649,-1.0252769,0.7156958
H01A,1.2524942,-0.03965256,1.6804005,-0.23853292,-0.89862907,-0.7403829,-0.6019355,0.56203526,0.37607765,1.3899366,0.7258496,0.15236759,-0.25737506,1.2302225,0.70645237,-1.3031843,0.64810556,0.16002499,-0.101427674,0.18999884,1.5581156,-0.34166425,0.6268994,-0.5366466,-1.9272017,0.42068473,-1.2748476,-0.2451961,1.8914127,-0.83519936,-0.5011147,-0.6190891,1.7520392,0.52212113,1.2455195,0.21670768,1.1155963,-0.65730095,1.0025134,0.73073024,-1.1745154,-0.1874905,-1.8204098,0.8542938,-0.60649985,0.63935703,0.5951842,-0.23334347,-0.26840022,-0.6304883,2.317725,-0.7459521,0.35808602,0.067815945,0.42759278,1.593051,0.13777159,0.3400139,-1.9700515,-1.0885713,0.79003835,0.060417876,1.3836303,0.35402948,-1.4058533,-1.6828676,0.138409,0.43409997,0.036836475,0.60826385,-1.3593442,2.1025,-0.33867702,-0.7184193,-1.5872017,-1.0654911,-0.5414744,1.5994537,-2.279201,0.7506729,-0.0439287,-1.3946035,1.3577926,0.11098851,-1.1443843,0.119797744,-0.22130224,-0.60405254,0.023761127,0.2851647,-1.0688288,-1.2083133,1.1039292,0.38163224,0.6671264,1.7383989,1.6305788,-0.4110022,-0.5810512,-0.6319418,0.72831887,-0.32476008,-0.097922936,0.21558338,-0.66565937,0.6971362,-0.46705303,1.8445895,0.6034349,0.8059223,0.32102448,2.1410825,1.4283541,1.1248103,-0.44577095,-0.24184334,-0.80935013,0.9717645,0.12359299,2.4027839,0.45955315,-1.0824667,0.7643555,-0.16239266,0.51678747,-0.3738391,-1.6254361,-1.6241144
H01B,-0.98032427,0.07558412,0.34737304,0.29945883,0.27024847,0.2850869,-0.28461573,-0.9930399,0.77791065,0.8312327,0.22179434,0.6945757,0.29328957,-0.31833974,-0.5247831,-0.19891694,-0.10324082,-0.28518847,0.8640142,-2.1972039,-0.32929906,0.048034802,1.0922732,-0.13255298,-0.04831904,1.4827756,-0.31843543,-0.4569045,-1.8524598,1.871554,0.67792124,-1.5909661,0.14456846,0.19897535,-1.1377264,1.1659377,0.4753182,1.3826778,0.7059497,0.82585984,0.81333214,-0.8315195,-0.6818611,0.28089288,0.311968,-0.30817476,-0.3629784,-0.03788269,0.3901075,2.122313,0.6511416,0.63930976,2.8229957,2.115681,0.85277677,-0.30029657,-0.5581175,0.26064757,-0.28203383,0.4913117,0.38301003,1.2813728,0.35936362,-0.5865292,-1.4318751,-0.80119646,-0.19978128,1.7488004,0.2328389,2.108874,1.46945,1.029795,0.40774593,0.68879855,-0.115480006,1.0224324,-0.7812776,-1.1352011,-0.19345333,0.7858691,-1.7858043,-0.90747255,1.540377,-1.3374853,-0.6710037,-0.005531831,-0.31190795,-0.9881528,-0.5373847,-0.205272,-1.0303345,1.0903134,0.67749274,-1.0151172,1.0752916,0.2593945,1.5380306,-0.9701793,-0.43926552,1.1886649,0.23427786,0.4386345,0.26256418,1.598879,0.12837796,-0.052424174,0.6611331,-0.13587835,-1.7797847,0.90815693,1.7968858,1.2019513,-0.304839,1.3573077,0.578108,-1.6190318,-0.09690198,2.2791853,-2.7516549,-1.1252372,-1.374873,-0.31747517,0.27272117,0.24138607,-0.037005585,1.4882275,-0.55588096,-0.26380748
H01C,-0.29099736,1.5300597,0.39801866,1.7273053,1.0581964,-0.612206,-0.7044828,-0.296323,0.41418695,-0.97481316,0.7808073,-0.4439879,-1.142981,1.0630438,1.0049798,-1.4278344,-0.16156659,-0.89077896,-1.4013335,-0.5768319,1.440669,-0.93890417,-1.2206005,0.29840863,0.13635713,0.9475739,-0.393018,0.8473735,-2.0231733,1.2488134,0.8182387,-0.26883316,0.59257907,-1.3245342,1.1513598,-1.5031977,0.08364108,-0.8716753,0.4960918,-0.58530664,2.1057224,-0.30881298,0.9111945,-0.8473946,-0.15226567,0.12909469,0.7746373,1.76293,0.6126733,-2.2973602,1.0415034,-1.3409836,-0.43771353,-0.0010848427,-0.70195496,-0.8748118,0.37388906,0.12210997,1.9040303,1.4473271,-1.4715067,0.097312145,0.7969291,1.2964838,-0.3886038,1.3524611,-0.4520238,-1.08701,-0.8854925,-0.53068876,-0.1176876,1.1651093,-0.19482137,-0.51314265,-0.34754714,0.9398657,-1.4451445,0.20232531,-0.7083137,0.6711741,1.5902578,-0.55556273,1.0588892,1.6605418,1.3406614,0.26292405,-0.43454638,1.0118288,-0.58682585,0.32017034,0.6771167,1.1858034,0.48794162,-1.7790916,-0.8750413,-0.6383874,-0.8224402,2.2205782,-0.19248515,-0.83195394,-1.5096525,-0.08481626,0.6972825,-0.91308546,-0.83321095,-0.19895841,1.4122214,0.74650663,-1.1343284,-0.89357007,1.3926573,-0.88847107,-0.94209653,0.03446419,-0.7098558,-0.8762094,0.6300401,0.14039055,0.77343917,1.8085512,-1.1020795,-1.3873731,-0.008212167,-0.8019034,0.348702,1.1803863,0.29710642,-0.84303105
H02A,0.6282193,-1.497959,-0.60805386,0.20450503,0.37093526,-1.5483083,-0.7766295,0.57785016,-0.53423756,-1.1398733,-2.461446,-1.2750982,-0.2693125,-1.8423734,0.9131182,-0.04466648,-1.2466217,0.602808,1.0682447,0.7375957,2.3233473,-0.25674948,1.2931521,-0.6602406,-2.4512963,0.38757542,0.2868135,-1.1507809,-0.384048,-0.5545627,-0.902469,-1.172038,0.9342182,1.532327,-1.3317105,0.37491828,-0.53103495,-0.98033196,-1.1685638,1.4362737,-0.8731993,-0.14657825,-1.4555677,0.6025929,1.7900751,-0.63387096,-0.4264646,-0.5486921,0.96780866,-0.22009093,-0.6164955,-0.40003827,1.4073753,1.1791662,0.4076504,0.2694483,0.64819336,0.6592229,-1.6025639,-0.9798967,-0.8825583,-1.9386632,0.25930908,2.060338,-1.3017424,-2.2760363,0.5369311,1.8769886,-0.7984666,-0.7571201,1.2211373,0.89765555,0.3752789,1.5382406,-0.15800743,0.34759098,-0.5956944,-0.11218809,-0.26657096,-0.037517022,0.3907849,2.0035043,-1.1997472,-0.60388553,0.5600217,0.2817363,-1.4921142,0.15639082,-0.59280765,-0.79714674,-0.540439,-0.81052953,0.4199018,0.20722307,1.6821853,-0.1682748,0.20492987,0.54935277,-0.6907393,-0.26118064,0.3015391,-0.18360472,1.1162524,-0.39674696,0.8963853,-2.3986244,1.5883381,0.33167925,-1.1983166,0.44375467,-0.68571466,-0.24863285,-1.6549237,-0.99929124,0.0676823,0.76888454,-1.1985946,1.1147298,1.5614152,0.5204698,0.13135555,0.2869851,-0.15559764,1.1814421,2.197591,-0.3534943,-0.39919037,-0.09315973
H02C,-0.8954553,-1.365571,-0.5350024,-1.1749156,0.22105514,0.94514084,-1.6493675,0.53475523,0.2014738,-0.4915116,0.588955,-0.42506897,-0.14239168,-0.32445323,-0.61785066,-0.1702441,-0.43561077,0.9841009,-0.59249324,-0.069356985,0.012697294,0.2699393,-0.19750895,-0.70964056,-0.14673992,0.5057977,-1.7844831,-1.8197143,-0.75889343,-1.4419826,1.9067829,0.77985454,-0.14049302,0.0039750985,0.29854098,-0.32888138,0.7364451,-1.1713645,1.468279,-1.5696625,-0.51739246,0.39362478,-0.69857925,-0.4115163,-1.8656545,-0.0018951419,-0.73446876,0.56719774,-0.42833918,0.68970525,-2.0521016,-0.6964204,0.21892332,-0.04363279,-0.79785544,-1.4223524,-0.24640702,0.5832283,1.4522904,0.06991963,0.5859957,-0.5069223,1.6140442,-1.6337246,1.0123476,0.5397202,0.6268417,1.257377,0.42361832,-0.7243957,-2.7082606e-05,-0.55378854,-0.47545055,-1.7982603,0.12072352,-1.1999195,-0.73579955,-0.11105918,-0.39309236,0.9595195,-1.1038575,0.32696414,2.7124946,0.6516412,-0.37008518,1.0100946,-1.2792693,-0.2857768,1.1512123,0.28104854,1.9441799,0.8332045,0.20095728,0.79251856,0.97948724,-0.53609836,-0.115648925,-1.255349,0.48538435,-0.31407362,0.5785015,0.021642257,-1.3023975,-0.92450696,-2.3634796,0.20515192,1.3195609,1.592429,-0.6835909,1.2911568,-1.6025853,1.3577737,2.2118485,0.19386348,-0.17779338,0.27388498,1.3468635,-0.054594018,0.3295886,0.77396476,1.3195691,0.71435016,-0.3446959,0.42136002,-0.5844665,0.07748518,-0.5911121,0.46498606
H03A,-0.29112715,-1.2137123,-0.4576631,-0.26227492,0.5487302,-1.6662827,-0.82603955,1.7325065,1.871956,-0.8218245,-1.7997385,-0.3397056,-0.1299455,0.23425595,0.01436205,1.1033595,-0.9153675,-1.5346041,0.8602463,-1.4313563,0.80721974,-0.32601687,0.35602406,-0.51113874,0.4704889,1.1556184,-2.3217123,-1.4997963,-0.16828667,0.9603174,0.7471216,0.76729697,1.0992101,-1.9154661,-1.0655307,0.2867617,1.828781,0.4690724,-2.0407412,-0.37430558,1.453038,-0.2645886,1.1518468,-0.16960038,-1.8413465,2.3846807,0.18009657,-0.7713651,0.109314725,-0.40032774,-1.7642456,-0.33429906,-1.6334853,1.7635838,0.11732327,0.52882016,-0.18921562,-0.36141637,0.25189504,-0.1969071,0.4582699,1.4507033,-0.40172386,-1.0680405,0.061867416,-0.22695126,0.6465066,0.13356394,0.9206745,-0.037703857,-0.33731323,1.0313661,-1.0486206,-1.2883168,-1.3572751,0.8508727,-0.6565105,0.72362006,0.047186762,0.22807561,1.5328333,0.63349617,0.74224377,0.85282874,1.8135315,-0.57560533,0.03411921,-0.78393906,-1.0196574,0.17703041,-0.2240297,-1.9831789,-0.5437417,1.2575945,-0.2635828,-1.904692,0.8814122,-0.9559504,0.30178696,0.22909175,0.2583354,0.28390118,0.33004394,-0.20916784,1.1589422,-1.4500846,0.53545046,0.2632682,-0.19064987,-1.6855627,-1.0393195,0.63630885,-1.9347336,1.9848047,-1.0601671,0.124193005,1.5578834,-1.536227,-0.98110825,2.7481709,-1.8891346,-1.210355,0.2079771,0.13207382,0.1639166,0.7562976,0.7295581,-1.1104854
H03B,0.80372936,-0.88265616,-0.75908965,-2.0333025,-0.8457029,1.9918876,0.14994004,0.50668013,2.5836318,-2.2608728,0.029683243,-0.35019046,0.46895355,-0.006022723,-0.35498682,-0.36062297,1.2784858,-0.8609623,-1.2975535,-1.46763,0.10879397,1.2046261,-0.30417725,-0.18896961,-0.3991341,-1.2878208,-1.0219718,0.006687549,-1.3926914,3.6418211,0.5239941,1.3875136,1.0781516,0.7575418,-1.1413351,-0.9284741,1.2556208,1.4788849,-2.0734158,-0.1957412,1.0584074,0.5284581,1.5555102,2.1916509,-1.963948,1.4553839,1.0351671,-0.88849336,-0.57012147,-0.034164157,-0.7234113,0.6303399,0.43609658,1.2356554,-0.25285816,0.5520257,-0.724267,-0.9666344,0.5046916,1.6090837,0.2671611,0.33732343,0.5734973,-0.23878019,1.0198069,-0.6552141,0.9907281,-0.03443424,-0.65271664,-1.1191905,-0.19453418,1.158237,0.8802883,0.881286,-0.24814978,1.191404,-0.61778206,-0.7315875,-0.2286166,0.6032643,0.70845103,1.1767752,-0.23355915,0.9556368,0.5577954,-0.3191059,1.5080212,-0.9249428,-0.3137744,0.11038826,1.1083912,-1.0273169,0.6568166,1.0379329,1.4468517,-0.2838563,-1.3776568,0.73273754,0.3754968,0.48364887,0.3387626,-0.21136007,1.6335317,0.99752915,0.97639585,0.12532441,0.52753574,0.7320412,0.25182486,-0.78795177,0.270645,-0.95025903,-1.4806303,1.4028782,-0.6467574,-2.0344787,1.0109283,-0.32437548,0.7169006,0.19287127,-0.08691547,-2.4586713,1.043677,1.201518,0.9948696,0.3738035,-0.10326742,-1.0214076
H04A,-1.3179764,0.97404253,2.6433878,-0.26782277,-0.96734023,0.601203,-0.302065,-0.25299168,-0.9853253,0.4903886,0.19561452,1.4106762,0.3447761,0.8626196,0.0076291305,0.17158563,0.19854629,-0.2152357,0.33995143,-0.52083194,-0.2701869,-0.2993258,0.26722038,-0.25634408,-0.18445654,-0.09367933,-0.1198074,-0.40687346,-0.06786881,-0.204302,-1.2299039,-0.44797075,0.0017967824,-0.36733702,-0.05650774,0.76451343,-0.36642662,0.16263683,0.4142766,-0.35874575,-0.16477177,0.6086985,-0.63071483,0.40876046,-0.85560524,0.8318123,0.89856267,0.13953644,0.49950156,-0.60867524,-1.7581514,-1.7848289,-0.97887313,0.75316316,-0.3611408,0.55930245,0.37258264,1.4768807,1.3359586,-1.0706441,0.20214893,-0.81316805,-0.69031864,-0.067378476,0.42171246,-0.6031989,-0.9817793,-0.22147016,-0.21257663,-0.66306144,0.56314415,2.2383928,0.0541789,1.5615127,1.1299362,0.688991,1.6400518,1.4773046,-1.0747577,0.7601741,1.6281769,-0.5288916,-0.7630918,-0.34055844,0.007239359,0.30862042,-1.1404824,-0.47551647,-1.9068292,-0.74307525,-0.9194435,0.8455179,-1.9510555,1.6265118,0.07537289,0.17449407,-2.045361,-1.0005293,0.41178423,0.30994532,0.2099302,-1.8340303,0.49990773,-0.86867553,-0.76096225,0.106122814,-1.5844078,-0.15165709,-0.6441186,0.3814296,0.6635935,2.3417118,-0.31451768,-1.3175122,2.0432472,-0.50770175,-1.7393197,-0.29446563,-0.44987696,-0.32436374,-0.7195482,-0.23450442,-1.4273304,0.1542529,0.31447658,-1.0069091,-0.56097704,0.38951468
H05A,-0.39531398,0.4983071,0.30458117,0.5994606,-1.381677,-0.157167,0.68663734,0.1382847,0.14395505,-0.99364036,-0.50560147,0.23516884,-0.36943835,-0.23612013,-1.7818654,0.14248875,0.5216284,-0.56966764,0.58700603,0.8696299,-1.324894,1.7812032,-0.9996228,1.104893,0.39991692,0.33866537,-0.19043425,-0.17040767,-1.2887431,-0.5339331,0.76708853,-0.19743213,-2.1926394,-0.7539731,0.6767295,1.3752838,-1.4476935,2.0069456,1.1851921,-1.2886388,-0.6581603,-0.20112884,0.9061165,-1.9871509,-1.1776158,0.36764586,0.3901463,0.80897915,-1.0699018,0.67313874,-0.17710483,0.99063104,-0.36272967,-1.788072,-0.38070866,1.9837956,1.650491,0.03693036,-0.29360688,-0.30228326,2.4362602,-2.3645415,-0.29944596,-0.5242236,0.50495416,0.16797468,0.1106242,2.4717538,0.66144824,0.13732445,0.048478253,0.31401995,-0.99228555,0.7288008,-0.41238108,2.132134,0.46910182,1.1187699,-1.2361875,-0.00026223718,1.2407019,-1.4298857,-1.1243634,0.59678906,-0.3464959,-1.0020653,0.83403236,1.1560352,-1.3152739,-0.8388567,0.19322832,-0.0006993088,1.159684,-0.036095146,0.10871237,-1.2649044,-0.66121656,-1.5950301,-0.4641097,-1.196471,0.48867813,-0.7436247,1.0064865,-0.76324564,0.0357644,0.82288146,0.6404489,-0.16458051,-0.11488479,-0.35843775,-0.15236358,-1.4884846,0.81681967,0.3110715,0.14462066,1.6904097,0.7687547,-0.77582544,-0.06750752,0.06456413,1.5041593,-0.20557392,-1.911453,0.007700297,-0.2588816,0.70311,0.019539086,-2.375213
H05B,-1.7174958,-0.7474055,-0.19447953,0.041765366,-0.5937792,0.28709972,-1.2284867,1.7695955,-1.0615408,0.70496315,0.7377413,1.3334258,-0.17524803,-0.9139382,-0.31431913,0.41988268,0.48800334,-1.1613545,0.16522993,-2.888793,0.4924145,-1.4426179,1.2696196,-0.16267289,0.7989729,-2.100277,0.5476062,-0.8483131,-2.0354753,1.079263,-1.8435405,-0.6845882,0.28431922,1.7182469,0.37004158,-0.90538496,-0.40173653,-0.46002302,0.44771883,1.7980473,-1.652532,0.40704063,-0.6162638,0.75901985,-0.5226958,0.24166088,-0.13148996,-1.3803376,0.14433229,-0.19373149,1.8674423,2.392287,0.26744658,0.23357865,-0.44983622,0.30090243,0.06587196,0.09458932,-0.079028085,-0.9655025,-0.4000273,0.12485074,-0.9341125,0.4317723,-1.168154,-0.62770873,1.4965129,0.62452143,0.73931116,0.009918153,1.7651802,-0.2687648,0.51789576,0.355911,-0.4081464,0.73817074,0.49565262,0.30380994,0.2729936,0.6134255,-1.3264632,-0.22345708,-0.5474278,-0.49581054,-1.0245358,0.023200575,-1.3390533,-1.0807657,0.035309397,-0.42601433,-1.3867433,-0.22544415,-1.3060684,1.3875622,-0.23858906,0.31452742,1.2754937,1.3318225,-0.3930695,-0.7321055,-0.9665742,-1.086854,-0.3118378,-0.61238265,0.35078403,0.76125646,-0.11846283,-0.089242056,-1.6378903,0.6618561,-1.0378487,0.55577135,1.1435169,0.56475985,2.2523587,0.42070737,-1.3402364,0.2860058,-0.489296,-1.1199299,-0.09505371,0.6790242,-0.5715165,1.6394917,-0.46044543,0.24652612,-0.71862507,-2.2568758
J01A,0.5705676,-1.8432522,-0.74733055,-0.8831667,1.0241141,0.93450046,-1.5413325,-0.026219424,-0.9735427,0.8404238,-0.63838476,-0.71981597,0.48080483,0.87994075,-0.4776088,0.79291636,-0.90448487,-0.00065978407,-0.55819416,-1.0075895,-0.17631738,-0.15547806,0.08350188,-0.5694283,-0.12130715,-1.4364703,-1.0304329,-0.9580128,-1.0995135,-0.60279375,-1.1863508,-0.010056984,-0.7628647,1.3078405,0.71482384,-1.301802,1.6227705,2.4431908,1.0114713,0.7753653,-1.1566488,-0.15910344,-0.42778394,-0.28044486,-1.5906843,-1.2601243,1.0211611,1.050741,-0.78358746,0.07410619,0.85343623,-0.099934556,-0.72917974,1.0163442,1.3497312,1.9472528,-0.47445023,1.3057882,-0.36778173,-0.19722655,-0.12833382,-0.72156495,-1.0389385,0.35746673,-0.47736436,-0.7528781,-0.87170684,0.4469531,-1.0380613,-0.80745775,-0.30659154,-2.0191438,1.6531705,0.07138951,-0.41465178,-1.162953,-0.5430251,0.37766188,0.31363288,-0.8099645,0.09512801,-0.805659,-0.06559838,0.7761133,-1.5115914,0.20881787,-1.7363052,0.759495,0.5766369,1.4693192,-0.9228736,0.15731189,-1.2131184,-1.0843667,0.45089364,0.9788483,-1.0543814,1.4100387,0.6700264,0.43418366,0.3379475,0.9642859,0.20261523,0.44032016,1.632876,0.04582449,0.10480834,-1.3278857,-0.35571063,-0.573628,0.25669223,-0.13710764,1.0458627,1.3264418,0.7402183,1.0261257,1.116288,0.4033835,-0.4915417,-1.3992578,-0.35694778,1.1802609,-0.26436538,0.40707037,1.124484,-0.123235546,1.4169219,-0.6330083
J01C,-0.2562142,-0.66889596,-1.8138299,-0.5835022,0.5441332,0.25443894,0.08085522,0.029030522,-1.7640847,0.26129624,1.6940676,-0.88298845,0.101776294,-1.5414661,0.33971635,1.7668939,-1.4321231,1.6080414,-0.033297274,1.3403795,-1.919304,0.14192043,0.28795615,0.61967134,0.9425058,-0.0151850395,-1.3515929,0.6793611,-0.28738806,2.083911,1.3771214,0.08712624,0.0028213125,-0.7108648,-1.3423102,-0.048534892,-1.7034081,0.31174368,-0.42114776,-0.31097287,-0.9644908,-1.0373946,0.38084224,-0.3178901,2.1940496,-1.2765585,-0.8937993,-0.12817763,0.8125212,-1.166616,0.2509652,-0.8968349,0.3246473,0.0031964316,-2.097109,0.33108178,0.9990872,-1.0108589,0.80384743,-0.17079493,0.017954646,0.17479035,0.8572246,0.10003031,-1.9847269,0.6689325,-0.32087845,-0.24243812,0.7594039,0.083685316,-0.9995626,0.222259,1.1324215,0.16881324,-1.0085672,-0.019801699,0.68165886,-0.658996,-0.9737969,0.13852288,-0.23376265,-0.36887166,0.6077903,-1.4470533,0.8524122,-0.21708296,0.63965845,0.81730753,-1.0472885,-0.46107915,0.08999647,-1.1527035,-1.3429853,0.86807585,1.4495076,0.64739555,1.1395334,2.546869,-0.09441152,0.10635898,-1.1030209,-1.181603,0.30229053,-0.41970196,0.93474597,-0.37429428,-1.2606528,-1.4272957,-0.104005426,-0.3593388,0.39278734,1.724443,-0.36604846,1.0256232,-0.7512536,0.4891068,0.32450986,0.15848918,-0.51255155,-1.5987852,0.3212689,-1.6066035,-0.1769084,1.0936991,0.7651511,-1.167937,-0.18162352,-1.4884444
J01D,-0.026028298,-0.33155164,0.25680616,0.0031029917,0.861652,-0.6072541,0.62960654,-0.19877379,0.91268927,1.7112538,1.3549098,-0.9757232,-1.1356701,-0.4842611,-0.9065732,1.121667,0.0974163,1.1992383,-0.52278244,-0.41558123,0.7406703,-0.24695252,-0.44136694,1.2832621,0.025710551,-0.30662027,-0.4027189,-0.32358882,1.6202781,-1.6802448,0.5619228,-0.59937584,-0.117314324,0.9869744,-1.2193929,-0.99235654,-0.9796113,1.5510392,1.0563613,-0.6233745,-0.517914,0.768031,0.26047483,0.43355992,-0.4923484,-0.82098556,0.8317835,-0.30967924,0.46389925,-0.67097205,1.8411744,-1.2866094,0.42344338,-0.683456,0.61594033,-2.892299,-0.42005765,-2.042943,-0.3101494,-0.72062904,0.15279847,-1.0607231,-0.06454327,0.05805599,-0.3561505,-0.21673624,0.3786488,0.4854844,-1.5199983,-0.008715604,-0.27985722,-1.6459773,0.14067562,-0.08467606,-1.1392648,1.2375793,-1.3421813,-0.22395787,-0.13590604,0.3140146,-1.0924572,-0.21779348,-0.34997657,-0.37819642,0.4354977,0.92761874,-0.093239516,-0.30191287,1.6922228,-0.5682667,-1.6928109,-1.3717324,-0.9700145,0.6366685,0.022989245,-2.2747838,-0.33948457,-1.6742179,-0.22553127,0.4705738,-0.30259332,1.2679862,0.9369898,-0.72685707,0.41713807,0.9111451,0.034857236,-0.7408382,0.7455418,-0.2304507,0.070156716,0.40900195,-0.012339435,1.0159293,-0.32796833,-0.83308697,0.2598407,-0.08885293,-1.5902356,-0.17172275,-0.7947116,0.3019445,-0.41646746,1.0981717,0.6069568,0.81208104,0.30249408,1.1116078
J01E,-0.7133295,-1.4029337,0.37040478,-1.2261953,0.45971426,-0.16742432,-1.3154898,-1.6467288,0.38374874,-2.0655642,-0.09990468,-0.3578577,-0.4190942,-1.4756668,-0.49923405,0.37318987,-0.14785564,-0.59829944,0.17499523,-1.8179251,0.7948617,-0.784066,-0.95227784,-0.864034,-0.18342032,0.17748155,0.7154272,-0.33417824,-1.0555304,2.096066,-1.0157869,-1.1228839,-0.17184229,0.17106919,0.745781,-2.5891135,-0.038443957,-0.088796206,-0.5647098,-2.0851128,-0.51243764,0.41268742,0.3142636,-1.2403607,-1.8118365,-0.010956361,-0.06534269,1.4763733,0.22720687,-0.7413696,-0.17903401,0.16878083,-0.94219846,-0.20770466,0.6917687,0.70909387,1.1795791,0.60445577,-1.0116401,2.0841742,0.7182949,-0.7633549,0.21439211,1.2243024,0.83141106,0.08059679,0.99883866,-0.8127793,-0.03292837,0.09874312,-1.1317259,0.29382017,-0.020883331,-2.5735629,-0.19254158,-0.42441437,-1.4486723,1.0375143,-0.27967212,0.25891936,-1.375258,0.5947312,-0.42522874,-0.9263538,-0.26024336,0.28520626,-0.1128556,1.3883651,0.14151259,-0.042626105,-0.6982348,0.08869279,-0.13859293,-0.54748505,-0.44531155,-0.2499112,-0.5540026,0.87430394,0.63269347,-0.23735133,-1.6301018,-0.54527855,-0.28569615,-0.42929173,-2.115394,-1.0659046,-0.01589808,0.2233239,0.1131654,-1.2891601,0.4909695,0.34637076,1.5647454,0.101898,0.51481503,-1.3035922,-0.031079937,0.8363373,0.22315347,0.8322622,-2.29765,-0.10339625,2.1226828,0.012559,-0.45111218,-0.15586077,-1.1925002,0.16491942
J01F,0.7235217,0.7888165,0.66712093,0.8517109,-1.80126,0.42266163,0.55004233,-0.40551037,0.7970201,0.7818761,-0.89616174,1.079655,0.30545297,0.9412063,-1.0910616,-0.2472343,1.1016833,-0.78493917,0.19960114,-0.37391725,1.9434332,-0.66033083,0.17528768,0.898138,1.1655408,-0.06168271,0.94211143,0.367334,0.40721717,-0.19741696,0.09195204,0.14914279,-0.26120552,-1.689201,-0.9215132,0.503181,-0.37161162,0.75043535,0.180046,-0.012590445,1.5065376,-1.0252577,0.79361767,-0.0059207645,-0.36914605,0.8029861,0.12813297,0.19906713,0.56664026,1.2755853,0.7361674,0.9691945,-0.32234612,-0.37182984,0.49062982,-0.24425432,-0.88684464,-2.0099475,-1.6465963,1.7459207,0.03371818,0.8467291,-0.12156583,0.21191625,0.28266156,-0.8422822,0.63827306,-1.0252352,-0.84241015,1.1233679,0.026681595,2.2056322,-0.30155998,0.37456128,-0.4401624,0.53997725,0.9816751,1.3456442,-1.2193465,0.9276854,0.7372946,0.6222741,-0.105993725,0.76223654,-0.31204572,-0.013738726,0.5228347,1.2652701,0.74411243,-0.40517443,1.1317534,-1.6634445,-0.30578384,-0.598967,1.1334407,-0.7798504,-1.4589882,-1.2033688,1.0180507,0.33072254,0.26032898,-0.8610235,-1.261879,-0.17242192,0.66176873,-0.34134105,0.15410274,0.92918044,-0.8112515,-0.039369617,-0.65198344,0.18836768,-0.6304354,0.3100989,-0.029595163,1.7972039,-1.890869,0.74047285,0.438081,-0.7216935,-0.20484065,-0.429891,-0.030859502,2.1195104,-0.84692144,-0.7444183,0.8007139,-0.41666895
J01G,0.45936397,-0.8282536,-0.8794679,-1.0637131,1.575387,0.034337446,0.1451377,0.7896873,0.22705474,-0.5428227,0.10729084,-0.2700602,0.5438239,-1.1324583,2.0957093,1.6186495,-0.84707296,0.8162339,-0.3022855,0.5624659,1.0256726,-1.5101315,1.2112663,-0.45601532,-0.2582938,1.0320268,1.1741414,0.41136125,-0.19981499,0.58581316,-1.8313801,1.1421119,-1.2705851,0.32833293,-0.7206878,1.6148936,1.135767,0.8982826,-0.082866356,0.77536917,-0.7666632,0.010863728,0.014457049,0.04400274,0.9210511,1.2497154,-0.6852848,1.3556311,-0.64056563,2.2148778,1.281036,0.23072608,0.041824438,2.0398166,0.7979219,0.17164347,-1.1918714,-0.81740224,-0.079234526,1.1867288,0.05288253,-0.88821507,-0.9110815,-0.65700465,0.6796053,-0.47228524,-0.5770602,0.144153,-1.6729466,-0.95883375,-0.25970936,0.19445449,-1.6782262,-1.6508828,0.07189123,-0.28610694,0.5363111,-0.84900516,0.3173654,-0.2477273,0.581526,-1.3581219,1.6181523,-0.48633352,-0.2017788,-0.30164018,0.9132639,0.997164,1.0774926,0.22344323,1.95751,-0.48037735,-1.1017895,1.307098,0.17077987,0.36132213,0.13997088,-0.84245336,-0.944546,-0.14611639,0.15521914,0.6896382,-0.6459191,0.45482698,1.3647164,-1.3711833,0.9486639,0.0454275,0.28441292,2.8414867,1.0363649,0.49507934,0.28570658,0.053094894,-0.09513382,0.7305475,-0.08169864,-0.1814068,-0.43768108,-0.7980665,0.90813094,1.9475652,-1.3507038,1.7500466,0.29978,-0.21727522,0.10804383,-1.5764122
J01M,0.33466482,-1.3809954,0.6653638,-0.68477184,0.47395146,-0.436687,0.88983595,0.9038877,-0.112967394,-0.805445,0.3427489,-0.6168726,-0.7730361,0.25143397,-0.16895752,-0.9290375,-0.19508855,-1.2498668,1.1545639,-1.1527561,-0.63092536,1.2684592,1.2759827,-1.1645927,0.7687601,0.3022339,-0.3924661,0.054803513,0.7238136,-0.64917994,-1.0271622,0.7865431,0.95523745,0.60573,-1.0989704,0.80356956,-0.246927,0.5936915,0.47414136,0.095921576,0.8408883,0.11091992,0.24052979,0.7711129,-0.93740493,-0.6443755,0.82515323,0.35884517,0.44942418,-1.0953221,0.39335406,-1.344062,-1.1654735,0.8655381,-0.15248305,0.90828073,0.5431737,-0.72970694,0.12150833,-0.19893233,-0.6503056,-0.9653312,0.1941197,1.0780019,-1.4359876,-0.94006276,-0.6615189,-0.94702786,-0.7779566,-0.77981395,0.76939476,-2.1722758,-1.893528,0.27689707,1.9511595,-0.4606871,-0.03343134,0.16629925,0.76098025,0.3665197,-0.2126866,-0.16518083,-0.33512676,1.8297335,-0.06363471,-0.1763708,0.5892808,-0.15455183,1.053449,-0.4142128,0.7957777,-0.13746068,-0.473731,-0.9525347,0.033834137,0.82223564,-0.5300356,-1.0208213,0.1680912,-0.5571078,0.6540543,0.5247245,0.8487588,0.06656835,-1.9364597,-0.6227027,-2.7863996,0.81807476,0.5737076,-0.23169841,0.61316305,-0.30734414,0.17268103,-0.19009307,0.2626845,-1.6109128,1.9779259,-0.09559527,-1.86472,-0.58110267,1.5894334,0.13477519,1.0885116,0.026648317,-0.5444742,-0.61983544,-0.5268078,0.17534916
J01X,0.31052816,1.2462227,-1.0256422,-1.2895889,-0.42530927,-0.74861974,-0.18847904,0.32634303,1.2985798,-0.46194807,-1.0756334,1.0059761,1.66627,-1.5132344,0.54167914,-0.8162637,-1.7942237,-1.470124,0.40822306,2.7525427,-0.72372895,-0.27157733,-0.83959115,-0.34019095,0.37644324,-1.6558073,0.13158111,0.10885015,-1.125321,0.67013925,-0.19698611,-0.7499135,0.31588075,-0.10984014,-0.7619861,-1.8124956,-0.31816444,0.7982851,-0.3644122,-1.0152663,0.56924593,-0.2572863,0.50822777,0.7459905,-1.2621076,0.32831272,-0.4995986,1.6627088,-0.904577,1.8204213,0.72857803,0.12004411,-0.666296,0.6301645,-0.26006964,0.22426338,1.7454978,0.011516613,-0.24173369,-0.90758115,0.45917112,-0.6968956,-2.3358443,-0.019225584,0.27851996,0.48192826,-0.5670793,-0.93420255,1.4144505,-0.9986507,-0.14647107,0.5426476,0.6803637,0.23439705,0.36025092,-0.542742,0.26966065,0.20662555,-0.28209758,0.86898226,0.2415771,2.3686228,0.63905185,0.34906045,-0.89711213,0.9393248,-0.0801917,1.2455617,-1.7752709,0.26158848,0.1514171,-0.06288361,0.9695411,-1.1532145,-0.108199045,0.15806827,-0.22589675,0.15313642,0.45180243,0.41960165,0.07816861,0.30462807,-0.011823702,-0.6837659,-0.4039132,1.7426609,-0.8684929,-0.4708666,0.6993676,0.11625989,0.48544577,0.16757591,1.3254703,-0.16069731,0.41344115,-0.8085059,0.75387764,-0.8323046,1.5468984,0.4780438,1.3766131,-0.84110427,0.75762314,-1.7914637,-1.8592114,-0.34152174,-0.5046517,-0.40652356
J02A,-0.7260075,1.7793902,-0.7197553,0.51686954,1.3783021,-0.6714522,-1.1545318,-0.7814853,-0.26895767,0.5870658,1.2965835,0.47414383,-0.26213303,-1.3714664,-1.3147149,-0.4666156,-1.6074709,-0.005427767,0.3546774,-0.6131977,-0.7520486,-0.43150175,-0.18926436,1.9004961,0.35020983,-0.73475695,-1.4169636,1.531858,2.2810197,-2.000226,0.95617485,-1.1220789,0.19151907,-0.3043736,-0.78026885,0.16921388,-0.15374665,-0.37497988,-0.6024676,0.47136107,0.51033413,-1.5914912,-0.2760696,-1.4417715,-0.8550249,-0.5301814,-0.3305977,0.26521352,0.9911743,0.08717503,-0.2055815,0.95357656,0.6364799,2.133349,0.33071727,0.7605973,-1.2250056,-0.5307099,-0.112524614,-1.7201668,-0.07906652,0.65246385,-0.16474612,1.0055329,0.12721157,-0.20742545,1.8706477,-0.20708323,-0.12964621,-0.36039633,-1.6757011,-1.3963696,-0.26102427,-0.90974945,-1.3542666,0.61471957,0.018339634,-1.7108734,-0.15985401,0.7234322,0.3771552,0.21780053,-0.057478253,1.1341789,-0.64446336,0.17069457,1.8706437,0.8729322,1.1259558,0.103177704,0.16608779,0.806435,0.5983996,-0.039568253,-1.8344539,0.57988507,-1.0369376,-0.5727817,1.610885,-0.36848244,-0.8774449,0.08064323,1.2381756,-0.23102966,0.64549124,-0.6495102,-0.81344527,0.004742467,-0.10922272,-1.0741509,-1.0684896,-2.4077108,-0.37877098,-0.8717221,-0.6736131,-0.00014831689,-0.057349734,0.8992266,-0.66668546,1.4862875,-0.8622827,0.076929085,0.8025926,0.72203,-0.37292624,0.56348807,1.1380992,0.0055211587
J04A,1.4187367,-0.7241888,0.12678841,0.32172152,0.8573708,0.7664984,-1.5746517,0.46799192,-0.8749383,0.69835716,-0.44524965,-1.8814639,-0.048980433,0.97922146,1.3591548,0.81583756,-1.6341019,0.51661116,0.4087444,-0.049727783,0.5076014,-0.12133322,1.2611197,0.5581207,-0.15204817,-0.15521684,-0.32439384,-0.37252665,-0.6350313,-1.5168446,0.5847239,-0.35693178,-0.6972312,-0.87872386,0.9009193,-1.3474604,-0.5043941,-0.08394305,0.47854748,0.15866613,1.5795419,-0.075009696,-0.47812122,0.4110317,-0.4516677,0.20325077,-0.6419649,-0.14496858,-0.40416142,0.7143739,-1.446858,1.7872667,-0.20378909,-0.002571852,0.90583247,-1.1289264,1.646703,-0.71722937,-0.22197929,0.107702866,-0.23939908,0.45906234,-1.3112403,1.835288,0.8775253,-0.49274108,0.044223078,0.4634165,0.26409742,-1.3804016,-0.21234715,-0.829839,-0.55357295,-0.5751073,-1.2807847,0.014489385,0.38878122,0.29359272,-0.6691128,-0.6855177,0.66627914,0.45867157,-2.4936984,-0.27528915,-0.35651463,-1.2689625,2.3788192,-0.48046553,0.30499375,2.0272653,-1.5475546,0.8857855,0.08461107,-0.30484146,-1.0706398,-0.6495515,0.5282911,0.8920695,-0.71382266,0.2869441,0.059941556,-0.8097926,1.0504724,-0.32267123,0.22419669,1.4965817,1.3375235,0.83858526,-1.1511594,-0.37496752,0.41305074,-0.6103313,-0.93981403,0.62242854,0.46317315,-0.3999896,-0.68766654,0.35531014,-0.15179709,-1.2169255,1.0846292,0.73948616,0.37731108,2.6961753,0.37871525,0.4090369,0.5562882,-0.75156695
J04B,-0.13021614,-0.32299787,-0.034263495,0.0923468,0.5939983,1.7803286,-1.9298756,-1.120715,-0.24929088,-0.12658405,0.8134928,-0.14363052,0.6505983,-1.8475492,-2.6214375,0.6798163,0.12294615,0.28088018,-0.83785,-1.7129014,-1.3510691,0.10350004,0.897922,-0.11593099,-0.06646782,-0.9321955,1.9130744,0.9024191,0.99238175,-0.2540234,0.679461,-0.11930596,0.01435325,0.30517417,1.3763249,-1.429846,-1.3737291,-0.10305057,-0.9285569,1.0311468,0.7054902,-0.03328455,2.1228569,-1.2289362,-0.25698575,-0.5889557,-0.23957106,-0.0481917,1.1441343,-0.402407,1.4326569,-1.2046622,0.83708286,-0.87425303,-0.78955346,-0.29459873,-1.2879351,-1.0201321,1.4800136,-0.9899143,-1.3861533,-0.006089434,1.2583009,-0.16725677,-1.5594882,-0.3918521,-0.6707223,1.8169307,0.040520754,0.9101056,-0.16518043,-1.3584913,-0.9281115,-1.6503329,0.5174522,-0.33539382,-0.8554297,0.9332321,-1.7788154,0.98603296,-0.10179152,1.053217,-0.041078795,1.2777897,-0.047197975,-0.3933109,2.3014827,0.5945197,-0.1675612,-0.24900022,-0.5771917,0.73886245,-0.893426,0.117265336,0.13017966,1.2117174,-0.6959415,1.1163582,-2.1324174,0.1730634,-0.504251,1.2630163,-0.48099402,-0.3482608,-0.40088227,-0.29305366,1.748102,1.0846909,-0.7594968,1.9977456,-0.27639827,-1.644435,0.081064396,1.192808,-1.0219872,0.17728017,-0.12183468,0.34592098,-1.8260092,-2.0504682,-0.3342368,-0.0618182,1.1059555,1.3013803,0.23973426,0.27603403,-0.70776993,0.7724224
J05A,1.0518126,0.33219436,-0.25070366,0.6278905,-0.05028922,-0.62697154,-0.08759358,0.7061196,-1.667075,1.3186902,-1.6337329,-0.40130836,1.5469581,0.62875235,-1.380516,-0.09107925,-0.31637886,-0.71536267,-1.6397918,1.3991966,0.7384876,0.64701575,-0.8776325,-0.44416803,-1.4508511,0.77023154,0.043611467,1.5654601,0.42254773,0.62223744,1.4599873,-0.5260101,0.40278932,-0.7447486,1.181121,-0.47538388,0.053799193,-1.9382687,1.7339565,-0.3753889,1.9274279,-0.39944005,0.6338354,-0.2790646,-0.43048203,-0.68227845,0.9849726,0.1793917,0.48628154,-0.31599283,1.1480879,0.50678855,0.060774397,-0.008240671,-0.18178236,0.48938143,-1.3346132,0.9759613,0.10268852,-0.21409823,1.3842666,1.9963309,0.3367838,-0.31126383,-0.3538392,1.1031011,-1.4864504,-0.5633412,0.24640463,-0.15247257,-0.9145237,0.6168493,-0.37943947,-0.76040894,0.60481817,0.49282843,0.33951247,1.2664589,-0.22376172,-1.5076832,1.7591579,-0.41594383,-0.1634031,0.45947325,-0.1375833,-0.51843613,-0.35724944,1.2016324,1.669625,1.1416649,0.31921124,-0.112787105,0.9087447,-0.1820267,0.44503585,2.0736568,-0.28266808,-0.4121252,0.36985853,1.5715232,-0.17375161,-1.2167919,-0.87391734,1.2697926,0.10667052,1.1520559,-1.2715956,-0.6040441,-0.5565113,1.222298,0.91744936,0.34569845,-0.06256479,0.868663,0.8306515,0.74941206,1.7518116,0.44306612,-0.3752201,-1.4339712,-0.8782195,0.7920265,1.1786453,-0.012864373,1.1677731,1.863867,1.2020528,0.047719467
J06B,-1.8723012,-0.5521688,-0.30752003,0.85468286,-1.4279339,-0.5700821,-0.4665905,-0.63230634,-0.13935378,0.9785718,0.53321886,1.6787808,-0.37455565,-0.9806868,-0.8383216,-1.5011821,0.57787967,2.0479512,-0.09617562,0.46654433,-1.2256858,0.95722,1.6572903,-0.51520115,0.3583317,0.121108666,-1.2749957,-1.0754185,-1.2498692,0.46582574,2.6226158,-0.28698772,-0.4657911,0.21813264,-0.29228973,0.6982388,0.11698925,-1.1368723,2.3148546,0.58309096,-1.0079756,0.0056731594,-2.3672178,1.3027061,0.92545563,1.4691075,-0.5171208,-0.3138606,1.1239586,-0.6199066,0.8977163,1.1154016,-2.4289265,-1.1922174,2.2747264,-1.2568202,1.7892977,0.54004073,-1.6969001,0.90845746,-0.17503604,-1.8698674,-1.098324,-0.2900757,2.769843,0.105250336,0.23443408,-0.1315856,0.42056665,1.2452465,0.9137354,-1.6488289,-0.10019987,-1.237729,-0.40418556,-0.2730596,-0.28234187,1.4744768,0.7728541,-0.18367514,0.543304,2.0076187,0.20264377,0.34344074,-1.7760952,-1.4292057,-0.3280472,-0.7617619,-0.56827116,-0.36893722,-0.24463654,-0.14309348,-0.46220598,1.5414811,2.1688523,-1.2481413,0.4457231,1.9340682,0.60156596,-1.7015911,-0.22073731,-0.41146094,1.0117778,-0.5566269,-0.5290118,-1.7591925,-0.2617482,-0.49766272,-0.52403,-0.5805155,-0.91563994,-1.0822569,0.14916797,-0.41537014,0.3878686,0.8544562,0.34534785,-0.5003224,-1.4031606,0.20199668,1.1167328,0.53780496,-0.7616016,0.6070471,-1.1492865,0.35440022,-1.1614935,-0.23854771
J07A,1.2202096,-0.73801416,0.12698591,-0.36864683,-0.6705637,0.8398796,1.9371455,0.3511889,-0.27272114,-0.2756762,1.831486,0.7977203,1.1631011,-0.8737982,0.9840741,-1.7462776,0.5269085,0.7578835,0.31837338,0.8011885,0.7154993,-0.6346428,-0.7891019,-1.1012332,0.9527883,1.8331022,0.67341536,-0.8911047,0.79488033,-0.26288143,1.4010437,0.15944973,-0.63672197,-1.1175582,0.35490596,-0.14542036,-1.1545706,0.07415063,1.4594485,-0.08973827,0.4318191,-0.95313376,-0.1106812,-0.8264805,0.3438456,0.33728352,0.17005973,1.3213661,-0.86690843,-1.1396699,-0.23274074,1.3449095,0.025780428,1.2892463,-0.33223525,-1.2604566,-1.0951902,-0.2561001,0.5560812,-0.54706097,1.7344071,-0.9529448,-0.23976947,0.5858646,-2.1743815,1.6965333,0.35271728,0.70677334,-1.2881467,-0.13499975,0.09937328,0.593127,-1.3543665,-1.2624146,-1.0007913,0.8998211,-0.18413505,0.29259467,0.6922992,-1.35451,1.0067325,2.1707911,0.16852647,0.23206875,0.025036689,0.84920096,1.2341522,0.058425367,-0.20651463,-2.1325235,-0.020756807,-1.5981172,-0.7740841,1.7844385,-0.3836732,0.9435287,-0.5354138,0.15465418,-0.9552632,-0.40371403,1.1661181,0.79163945,-1.1267961,0.6874672,0.23621435,0.24627256,1.545852,-1.3286704,0.019184748,-1.1873547,-0.030429684,-0.3245373,-1.3022753,-0.038697332,-0.9897746,-0.032823276,0.6361724,-1.0226237,-1.3844346,-0.08275023,0.9962449,-0.2328533,-0.7748069,0.9829391,-0.8355666,0.8803013,-0.82446486,-0.039611742
J07B,-0.45295236,0.9778386,1.0101388,0.4955464,-0.555142,-0.23567149,0.5971823,0.49352625,-0.17082539,-0.31498587,-1.5890206,-0.5205463,-0.19925031,0.12138282,-1.3013748,-0.96517557,-1.1424748,-1.6637248,0.051994003,-0.015947962,-0.024980092,-1.1149472,0.31335482,-0.9254763,-0.15320599,-0.19748989,-0.87014985,-0.35655117,1.661513,-0.3480558,1.0909746,0.32742295,-0.17153637,-0.38467652,0.08432124,-2.4628043,1.2568483,1.9060465,-0.62549037,-0.6308144,-0.6268427,0.11355664,-0.64812285,-0.23471908,0.10029149,-0.4847182,-0.44081438,0.0546837,1.0001588,1.0517607,0.8135843,0.66701514,-0.29456604,0.3645219,0.06396254,0.23875976,1.5035549,-1.1740451,0.11521855,0.80135024,-0.07738301,-1.0361305,0.5180384,-1.2743498,-2.0163558,0.39542344,-0.5435192,-0.7085667,1.4159335,-0.4527349,1.4922379,-0.30353123,-1.3488624,0.047707725,-0.13847952,-0.065199375,-0.78705233,-0.21056424,-0.6943983,-0.40716502,-0.7385252,0.10215928,-0.6996289,1.0056404,-0.1175039,0.5709856,-0.22815914,1.6412568,0.40910763,-0.7224891,0.7791941,0.5489338,0.9230831,-0.23114668,-0.890443,0.6163177,-1.0389493,0.64016867,1.3994224,-0.54674715,-0.77869844,-0.5639584,0.21162243,-0.40184948,-0.04660477,-0.7546727,0.683877,0.07434707,-1.1009696,-0.9953141,0.7269095,1.5604802,-0.6332256,-0.57282317,-0.4047323,1.4230993,-0.16021211,-0.31465432,1.4913306,-0.3437118,-1.581632,-0.7817652,1.0157909,0.78176594,0.0003223114,0.9546122,2.2068818,1.2073699
J07C,-0.04901859,-2.2987208,0.19323918,1.1999035,1.5728872,0.19261496,0.5042311,0.35040691,-1.9402801,-0.4635801,-1.8766577,0.4108367,-0.2225163,0.03658115,-0.7729619,-2.1138084,0.05820809,0.77155024,1.6879264,0.27842492,1.0266396,-1.3234423,-0.4668484,-0.3491536,1.2385818,-0.5136767,0.1148383,-0.904869,0.53997946,0.60057664,0.6601205,-0.12004063,1.1315567,0.046941902,-0.8479336,-1.3858703,-0.7304825,-0.601466,0.38371068,-0.40722358,0.6843647,-2.3046124,-0.77852213,0.096895464,0.9684411,1.9043766,-0.3515305,1.0254008,2.168422,0.9843085,2.7080197,0.024465242,-1.0781329,0.5341866,0.72801673,-0.31560132,0.0805355,-0.8665766,-0.984506,-0.36479858,1.5854856,0.3656236,0.6574741,0.02010938,-1.9923216,1.4184469,0.58160955,-0.32489645,-0.8658352,-0.22301248,0.28545853,-0.080354184,-0.7763981,-0.11912963,2.0885832,1.9394312,-0.7764333,-1.1823386,-0.10753932,-0.2707584,1.34293,0.7029504,0.7563685,-0.9634314,0.69967717,-1.2038422,-0.06638966,0.77572435,2.2784772,-1.2120669,1.8471249,1.0764103,-0.15346844,0.10115355,1.2104126,0.8135283,-1.2885283,0.7327775,0.68246156,-0.5014829,0.93211716,0.8571085,-0.9676027,-0.5523149,-0.30593276,-0.8440725,0.22428335,0.9700458,1.1646826,1.1502988,2.4075992,0.25111932,1.1831454,0.31703466,0.57277536,-0.48753837,-0.6050296,1.7496717,0.52065104,-0.8800138,2.2316637,0.6961106,-2.8180254,-1.687295,0.92805916,0.19644816,0.4558782,2.8917067
L01A,-1.1696233,-0.53655463,1.679393,-1.1036582,-0.5318625,-0.13881366,-1.0221738,-0.21483552,1.3115551,2.766315,0.4399855,-1.2066613,0.72620785,0.31519607,1.3592229,-1.1038318,0.886053,0.50475174,0.09261194,1.2362658,-0.57435614,0.52967757,0.044436887,-0.8176814,0.3505895,0.91948885,-0.6904208,-1.4777318,0.52715355,-0.7135849,-0.68319416,-1.4514468,-0.32565084,-0.7226801,0.050446182,-0.25599927,-0.83692235,1.0925629,0.67892694,-1.0260503,1.224451,-0.8359994,-1.1788316,-0.46591207,-1.0071613,-0.56914836,1.2316079,1.187702,-0.71695083,-0.41619086,-1.0608876,3.0816824,-0.6482371,0.6532147,0.25855732,-0.29640815,-0.67207646,-0.46478453,-0.8951684,-0.025659641,2.697764,1.3914427,0.4198245,-1.534221,-0.6075258,-0.11015296,-1.6461831,0.18947913,0.22097038,-1.7763925,0.81680506,-0.8962889,-0.16854364,2.0423746,-0.34246123,0.5538223,-0.15500064,-2.0137427,0.51168287,-0.16726257,0.70195323,0.6084127,0.06907253,-0.0024052847,-0.5797448,0.2707988,0.29797176,1.3673606,-2.2831326,-0.83457935,0.30903697,-1.3579748,0.6727258,0.40498966,0.15912476,-1.0431191,1.0883564,-0.21684408,-0.9179816,-0.5209507,0.11911686,-0.1779141,0.6990786,-0.21316777,-0.08510571,-0.73096967,0.54258823,0.81128937,1.5728714,0.011740415,1.3131356,-0.5905884,0.44395414,0.071275026,-0.5908314,0.50712055,0.713109,0.13942583,1.1501273,-1.1146579,0.3684902,-1.1739149,-0.49000895,0.047089934,0.65335566,-0.05781629,2.3723853,-2.1477566
L01B,1.8133106,0.8108659,0.5864986,-0.5741034,-2.2781637,-0.7500794,-0.45789456,-0.5660186,0.7034076,0.19046767,-0.49604112,-0.60532737,0.698409,1.1909105,-0.36161208,0.22779512,-2.029591,0.9067687,0.85129,0.4468003,0.4092803,-0.63276404,2.059344,-0.056988556,-1.7907355,-0.093693994,2.3662457,0.5494047,0.49922374,0.5295676,0.8956574,0.83167356,-0.9529617,0.7375182,0.060200963,-1.5095477,-0.79252285,-1.125925,1.8170285,1.073923,0.1642347,-0.1325418,-1.7231047,-1.8167706,-0.5038021,0.25795045,-0.22118571,-0.20005561,-0.097631864,0.23017865,-0.20613839,0.40175834,0.9111112,1.2727938,0.14056817,-0.28405905,0.4901835,0.30742252,-1.1751219,-0.22656232,-0.81663704,0.9061633,0.22491843,-0.6639884,0.029273463,-0.025645567,0.11283853,0.7903755,-1.721435,1.0770833,0.15539669,-1.4543393,-0.5918398,2.386971,0.83501685,-0.91784745,-0.0095618935,0.49474567,0.02109123,0.31550124,0.5735816,-1.3770105,-0.8377669,-0.6493369,-0.23674558,-0.8104122,0.31389025,-1.2813848,0.2940941,0.51379234,0.14982405,0.46333143,1.4351648,-2.092102,-0.7667624,0.6332403,0.18409,0.91562647,-0.3923137,-0.75435275,-0.3040976,1.5422022,0.16577426,-1.4859258,1.2155806,0.7314991,-0.42549786,-1.1998584,0.19201533,0.9404611,0.04250405,-0.9247173,1.2842098,-1.512396,0.9714792,-1.0036783,-1.2719858,0.861378,0.1335569,-0.22161584,0.705758,0.3970067,0.4919022,0.61778927,0.6019266,-0.27856663,-0.47120872,-1.223738
L01C,0.4891494,0.1388291,1.2373617,0.8156508,-1.1244658,0.28522095,0.19276066,-1.6916251,2.1868906,-0.44637012,0.2641272,-0.8377012,-2.3172128,-0.2583729,0.33403936,-0.30490732,0.24109629,-0.53026617,-2.1041088,0.6323254,-0.99496025,-0.5386947,-0.49647573,0.109636776,-0.98561674,-1.314462,-0.12196276,1.2689964,1.8804199,0.5107194,0.13175176,0.021784319,-0.36352804,1.1871479,1.5503098,0.353888,-0.19268544,1.1723478,-0.58746356,-1.462674,1.4435751,-0.097779885,0.14968894,1.184746,-0.603944,-0.4513332,0.6724976,-0.5964074,-1.8124763,0.63000816,-0.975023,-1.4968711,0.25514486,-0.59766835,-1.4080316,-1.6875864,-0.6369723,0.83235383,0.37197313,-1.2881627,-1.1273701,0.8654999,1.0184894,-1.323918,1.6189075,0.78731704,0.054410376,-0.53885674,-0.6238499,0.56483614,-1.4899325,-0.6026055,1.9083087,-1.6379591,-0.34785917,1.6465207,0.037322022,-0.48843163,0.3514233,0.27669346,-1.3178655,1.0273952,-1.0014113,0.55041724,-0.8247656,-0.17987387,0.231796,-0.15619,0.3455204,0.9979313,0.7181278,-1.2582207,-0.2978737,1.852628,-1.6361748,-0.17007674,0.27947783,-1.4208782,0.71017456,0.24095641,0.31570593,0.5828352,0.11404821,-0.057423543,-0.43414146,0.51123977,2.4641042,-0.5479996,0.9767341,-0.78724366,0.7216437,1.2568703,-1.4369165,0.19726598,2.4329042,-1.5365204,0.6466146,0.2207061,0.9609802,-1.2324514,0.9585573,-0.7025244,0.83024216,0.5596557,0.57502055,0.4051217,1.5348392,-0.20938562
L01D,0.72048646,0.12109139,1.03627,1.0042851,0.36662644,0.9410458,0.01903276,0.3165035,1.8101007,0.22142045,0.7847653,-0.31423244,-0.49268997,-0.1844262,1.3705255,-0.7794455,-0.0801494,1.7525742,-0.32883447,-0.29562372,0.7659873,-0.7291275,-1.5004277,-0.55335486,-0.12519635,-0.7642838,1.3224492,0.7197285,0.3343833,1.2993467,0.3475318,-1.6132023,-0.64659876,-2.0283706,-1.0811063,-1.284123,0.1604339,0.3300513,2.1630435,0.08951032,-0.4419486,-1.0450325,0.5273336,0.15256669,-0.366049,0.28411025,1.4744382,0.3286867,-0.09051512,0.43274915,-2.1609812,-0.9455239,-0.89866537,-0.5279953,0.53449476,-0.021115197,0.63576525,-0.76211804,1.311934,2.2008827,0.42396855,-0.6673554,0.23771803,0.4490644,1.4181701,1.7890443,0.28205714,0.42466974,0.84683883,-0.15472056,-0.79579926,0.6353592,-1.2055361,-0.009603607,-0.7305508,0.8867555,-0.25454155,-0.5975206,0.8539377,0.679516,-1.462084,0.79622823,-0.5908178,0.54614556,1.8008082,-1.5283862,1.7613411,-0.5816403,0.90297866,1.2510062,-0.5880838,-2.5411453,-1.2029295,0.442484,-1.3710794,-0.15280299,0.7734995,0.16686183,0.520184,0.20616926,-1.6400504,1.1243838,-0.10404769,0.47022644,0.3329579,-0.7010033,-1.7037691,1.052075,0.54358554,1.9163339,-0.09840747,-0.6295561,1.1165496,0.3848536,0.30815527,0.022093486,0.54436857,0.26570502,0.6510414,-0.7252654,-0.2808216,1.2208959,0.021796994,-0.9253306,0.73496264,0.068017244,0.6765732,-0.58329606
L01E,-1.067982,-1.05945,0.5898961,-2.3743489,-1.5394237,0.9252894,-1.5491102,-1.6255628,0.05224338,-1.6445018,1.1062657,-0.10048536,-1.2405629,-0.39702204,0.024254875,0.07449102,-2.4273477,-1.6195964,-0.17807877,-0.6350922,-0.46834996,1.1125388,-0.055655234,0.63727796,-0.33565557,-0.3028269,-0.35922107,0.14844212,0.16374452,-0.95735276,0.6094882,0.50398636,-1.4667649,0.5746741,-0.14147398,-1.285935,-0.5583058,0.18839425,-0.48397726,-1.8347888,0.13969564,-1.1813227,0.38917556,-0.56771266,0.90348154,0.36113572,-2.2336264,-0.28208375,0.11072973,0.38869947,-1.5771543,0.9487038,-0.7064318,-0.050028417,0.08216496,0.6060721,-0.9854757,-0.45185515,-0.51906264,-0.77473646,0.07485858,0.33896926,0.5968856,0.23301183,0.10755417,1.4886059,-0.011679752,0.60855967,1.6284835,0.01728316,-0.9092489,0.82824457,0.17011538,-0.2503218,-1.9716098,1.214955,0.7308278,-0.9705665,-0.51072514,-0.12539989,0.37657478,-1.8418589,0.21854146,-0.9406916,-0.6469364,0.05629493,0.7793978,-1.2930901,0.36393246,-0.11387488,0.5809665,-0.25415152,0.044454947,-0.2997572,0.40247563,0.10643766,1.2780082,1.8489848,0.16620307,0.34311733,0.15457548,0.30040285,2.6227028,-1.7759107,0.9313179,-0.35227975,-0.08567966,-0.06458959,-1.126768,1.3295978,1.3365834,0.48217103,-0.05360999,0.53358734,-0.21737333,-1.7887836,-2.1366754,-0.4432655,-1.2824609,-0.71440965,0.8132699,-0.7294921,-0.89279604,0.21658121,-1.2784295,-0.9091588,0.15634948,0.46116492
L01X,-1.6415118,0.36437747,0.124404535,-0.21181478,0.66283333,-0.10358376,0.061060928,-0.30488127,1.35664,-0.015716251,-0.774425,0.7261118,0.0773539,2.0856593,-0.20048952,0.5059776,-0.8679452,-0.31439367,1.4518149,0.8004775,0.078825936,-0.8211943,-1.2442038,-0.21346368,-0.16176216,-0.3255186,0.8207325,-1.2720412,0.64683086,-1.6134247,0.41351044,-0.042928535,-0.6962444,0.98460734,0.8390659,1.0151658,-1.368308,-0.91744184,0.8416462,-0.5637526,-0.9218133,0.2777057,2.084277,0.76978934,-1.4734597,-0.85010266,0.4697657,0.8523675,-0.28841868,-0.58449435,-0.93546194,0.74728614,-1.8432242,-1.2483735,-0.74861264,0.33745062,-0.5824632,0.40468958,0.7543024,1.8015524,-1.4087511,0.70511067,-0.090161525,1.1233511,1.1849781,-0.22970468,-0.8569391,-0.59934,0.62264776,0.90108925,0.8213455,-0.22669294,-1.2234566,-0.09920232,0.21391104,0.25933766,0.45147607,0.6271409,-0.5581938,1.6145465,0.38174796,-1.9659126,0.7723656,2.464047,-0.48858497,-2.1092641,-2.296198,-0.85415596,0.04618051,-0.96210766,0.96580935,-0.7550943,-1.2120382,-1.3642831,-0.04374309,0.5731239,-1.8049877,2.3471193,0.38373262,-0.4015919,1.2538075,0.6999731,1.022662,0.8391534,-1.4265909,-2.8789408,-0.97731173,0.4431033,0.3570184,0.65760595,-1.3479407,1.0865003,0.46149093,0.9294632,-1.543745,0.61506027,-0.7981963,-0.67538536,-0.24150118,-0.47284657,-0.34198856,-1.0821289,-0.3870205,-0.61513376,0.2662809,0.13484456,1.1781777,-0.45995513
L02A,1.1675377,-1.350112,1.3015673,-1.1568015,0.10964732,-1.5523677,0.21784925,-1.4964033,-0.05473848,0.93166184,-0.98737985,0.47582763,-0.6267146,-0.387083,-0.68738645,-0.63627726,-0.50301445,-0.96448743,-1.2338303,0.1616918,-0.48306483,1.5155796,1.0877706,1.4289958,1.3782547,-0.1556978,0.6588584,-2.2834442,-1.3686281,0.2194752,-0.79913366,1.114861,0.62649703,-0.5896568,1.3082911,0.41242653,1.1485186,0.603354,-1.095358,-0.73954946,-0.93804765,-0.25758427,0.6397755,1.4370456,0.5989776,2.0282593,-0.3151282,0.16822532,-0.19962592,-0.5837458,3.2152338,-0.85561055,1.7481279,-0.042093776,0.06989533,-1.00095,-0.43453234,0.5807432,-1.9288806,0.32273293,0.39554137,0.054241966,-0.31871098,0.57601076,0.4874355,-0.7559077,1.0100713,-1.161703,-1.2468704,-1.4545513,1.2780496,-0.29805854,0.1660472,0.34299394,-0.6307113,0.45156845,-0.33445343,0.09405098,0.4624774,-2.934047,0.084211186,1.0245867,-1.0008941,0.48457307,1.0618259,-0.07238366,0.64958596,0.93828857,0.41495457,-0.40525252,-0.017540136,-1.8455408,0.1283455,-0.64822614,0.8462095,-0.30292618,-0.1669365,0.84725595,2.8169663,1.1037561,-0.2551354,2.4684412,-0.66122866,-0.37200806,-1.1005683,0.48650816,-2.201609,0.36361185,0.5303328,0.6551587,0.06426421,1.1255264,-0.35494238,-0.295129,-0.84959406,0.8853326,0.7429275,0.44975042,0.19591329,0.37252867,0.3218043,-0.13890302,1.5134718,0.3712908,-0.11659532,1.3455049,-0.4297364,0.88303846
L02B,0.2847751,-0.68552744,0.04251202,0.72267556,1.1606967,-0.32975793,0.68005264,0.6552677,1.224759,2.4483395,-1.8486346,0.3361201,0.9925922,0.26168388,0.16093647,1.1916345,-0.031858765,0.5547873,0.048138674,-0.10170069,1.2155348,-1.8922431,-0.07066935,0.18351576,-1.0126967,-1.9140222,-0.55420554,0.17478436,-0.98319733,-0.42645022,-0.55167556,-0.74260896,-1.1847979,-0.64358395,-0.60372293,-2.9739642,-1.3629724,-0.272136,-0.21174242,0.17472038,0.16090022,-0.64981717,-2.02977,0.9621114,1.3185961,1.0297024,-0.41089213,-0.005547944,0.3555143,-0.46861225,-0.24804895,-2.8054385,0.13655972,-0.630925,-1.2810357,-0.32273883,0.11383592,0.92060626,-1.8649632,1.3279705,-0.3796338,-0.70165217,-1.7120047,0.48700202,0.8154882,-0.06506176,0.35739204,-1.3300937,-0.6209833,1.3414565,-0.4072732,-0.7701673,-1.5731705,-1.3788731,1.7061944,0.98229754,-1.9434314,0.07847051,0.13734539,-1.103237,-0.8933887,0.45607483,-0.40295294,-0.5231678,0.7862601,0.69510937,2.3287296,-0.41489494,0.9104413,-0.3841131,1.2096941,0.12896687,0.5818483,-0.92674863,0.38181615,0.45538276,0.22240224,0.19273978,0.5362276,-0.46846825,-0.38986936,-0.03117063,-0.114164904,-2.3466165,-0.116940394,0.4265701,-0.408738,-0.20916049,-0.16232309,-0.6452256,1.2991098,-0.36915126,0.16649194,-0.9137325,0.10130552,0.9478211,0.46486127,-0.9723226,-0.20420358,1.887398,0.67353487,-0.6729872,1.3616508,0.6593082,-1.4417788,0.0835588,-0.04562677,-0.31951553
L03A,-0.50178355,0.036274727,0.4785983,0.58425516,0.25619414,0.12722027,1.988301,0.44856295,-1.1502793,0.1974391,0.43333468,1.1433717,-1.2130595,0.42293897,0.10984431,1.3380287,0.04337347,0.19717789,0.0048356317,2.7113235,0.16031784,0.6021889,1.7230568,-0.91987425,1.9087421,1.3765522,1.0254475,1.0913407,-0.18911277,-1.2477942,-0.89326435,0.7337692,-1.1985004,0.87083495,-1.5906476,-0.15453212,-0.8399531,0.33741742,0.6390737,0.22944328,-1.1521869,0.43339318,1.205021,-0.22027503,-1.0838711,0.8342561,-1.4565982,-1.1345149,0.84504354,1.0495003,-0.47300068,-0.10460861,-0.8172631,-1.1465883,-0.2696906,-0.40117452,1.2334143,-0.40070727,-0.98197055,1.3120809,0.90647763,-0.69405186,0.20915112,0.6393258,2.3009531,1.1883587,-1.6595374,-0.054961756,0.54163826,-1.9021835,1.03708,0.07335211,1.104826,-0.79638666,1.0212704,1.9677424,0.64153206,0.32801068,0.43034074,-1.5547205,0.105782375,-0.7462543,0.55114377,0.40959314,1.5686927,1.0051372,-0.9560759,1.2373291,-0.5880131,-0.50353676,1.024846,-0.09920286,-0.55446815,-1.0943985,0.6032197,-0.13835002,0.90862143,-0.5127339,1.7667899,-0.29964837,0.89805,0.5782812,1.3230835,-0.32419258,1.1701415,-0.7490754,-1.1368697,-0.6179442,-1.605013,0.19910353,0.8311541,-0.37338957,0.4843887,1.2632874,1.7928431,-0.75858146,-2.2741208,-0.3556458,-0.42668262,-1.8291957,-0.17078884,0.46404567,-0.15917104,-0.9323138,-1.2689812,1.2714633,-2.0188131,-0.41263166
L04A,0.08499855,0.9409173,0.05465935,-0.395366,1.7797742,1.6152419,-2.2390587,0.3500642,-0.163578,-0.771877,0.08530745,0.8628385,1.8306233,1.0790973,-0.47467655,-1.6131788,1.1338153,-0.16937518,0.6830911,-0.94816685,0.93292683,-0.29945937,-0.19910683,-1.0525442,0.11017672,0.05951275,-0.33358005,-0.6303505,-1.045898,-0.0440325,-0.20518982,-0.10787436,-1.5765287,0.0027836442,-1.9583869,1.0568912,0.20573342,-0.22656533,1.0121129,-1.4161584,0.5329808,0.72913826,1.3631239,-0.17121945,-0.42637005,-0.5541255,2.397577,-0.30813426,0.88520956,0.9920135,1.6392701,0.8129747,0.8688053,-1.1770691,0.40792903,0.6245809,1.2554537,0.39952517,-0.23251711,0.8384202,-0.6252191,-0.77094203,-0.5128295,-0.6786664,-1.3924125,-0.021737766,0.19317302,-0.78370094,-0.50694233,1.1651222,0.4772926,0.20047943,-0.6469129,-1.7858946,-1.2646244,0.46220607,1.1030903,-1.8578871,1.2435211,1.8402135,0.3703593,0.96294105,-0.22095072,-0.22753632,0.77628976,-1.4079821,-1.0012436,-0.8093782,0.5784452,2.0678487,0.2612213,-0.13666146,0.37998345,2.3642871,0.21045387,0.20583422,1.4011589,0.74543065,0.18198414,-1.208598,0.8085591,-0.8974566,-0.46058825,-1.073487,-1.094058,-0.526263,-1.4089388,-0.12296085,0.22037497,-1.1684533,0.2983001,1.7365596,0.14330637,0.4493863,-0.48175773,0.2213695,-1.0392512,1.7645152,1.9001782,0.023117566,-0.1921906,1.0160513,-1.3063538,0.7225162,0.41904753,1.0407864,-0.8266686,-0.807449
M01A,0.12037617,-0.48017457,-0.9576556,0.9796974,-1.5208334,-0.12674002,-0.63154536,-1.4471115,0.845961,-0.53204817,1.642002,0.2850815,0.048594546,1.532826,-0.2625149,-0.29449493,-2.191278,1.2050241,0.32133102,0.4080431,0.517031,-0.49284968,0.62724674,-0.68589574,0.6143827,1.6643729,-0.90846026,-0.24247344,-1.9211339,0.8046786,-1.053504,0.4088821,-0.41761935,0.6194702,0.72105813,-0.5800865,0.40877238,-0.15355301,-1.0712224,0.10851629,0.8913308,-0.5847194,2.8288941,1.1350712,-0.44677618,0.9713424,-1.0995952,-0.5884588,-0.12889107,0.08082315,-0.3462818,-1.1453047,-0.8984312,0.8109522,-0.42725322,-0.23268242,0.27567503,-0.22039233,0.12861063,0.2821285,-0.58809596,-0.0075694164,0.3320555,0.20934053,0.67260975,0.20101655,0.34893695,0.57322186,0.60519844,1.5156957,-0.6491078,0.8373876,-1.0031581,0.09074049,0.5728021,0.31822225,1.2310556,-0.9641959,0.04133502,-0.9387803,-0.30463138,-0.8491359,0.63295525,-0.07328359,0.14375924,0.51556927,0.08209977,-0.566477,0.09376237,-0.18832408,-0.09547799,1.364029,0.21183422,-1.6268799,0.7384521,0.5420995,0.9190769,-0.15344799,1.7493552,-0.63572896,-1.3651928,0.8558267,-1.3614093,0.48684466,-0.37982854,0.35107705,0.4818992,-0.2255958,-0.7211584,-1.5207788,1.5501196,-0.9297201,1.0420451,-0.01933753,-1.3225278,-1.5279791,-2.1876073,-1.0294365,0.75716347,-1.8851806,0.101298116,0.23143393,0.3635851,0.020254357,1.9255216,-0.09195589,-1.3421563,-1.3589633
M01C,-0.5387356,-0.18647265,0.81509864,-0.31726745,1.8916198,-0.06721822,1.450596,0.26979783,1.3080907,-0.23263194,0.5642763,-1.5253242,0.25086313,0.06764746,-0.0321666,0.5129046,-0.23527333,-1.1065953,1.4468223,-1.4066501,1.3420763,-0.5297163,-0.8541215,0.7499739,-0.9404165,0.36458477,0.7782468,0.7207739,1.2612808,-1.6734161,0.16733311,-0.25450742,-0.378231,-1.0744406,-1.1637577,-0.4299175,-0.020264126,0.7462443,-0.21515529,-1.137263,-0.15496047,-1.886386,-1.4955404,0.48904416,0.53177553,-0.9748365,-0.78431493,-0.5066743,-0.809273,0.9248074,-0.79289746,1.5926213,1.0276402,-0.2043105,0.85659164,0.081890576,0.65431166,-0.09465885,-1.3269544,0.59018064,-0.95099944,1.071023,-0.10493889,-1.2689873,-1.3058707,0.78681993,-0.26740605,0.12476095,-0.98672163,-0.19671991,-0.46057877,0.56795394,-1.0455524,0.5999163,-1.3028668,-0.66064024,0.42530847,0.9446837,0.5346141,-0.69481796,0.14316702,0.04999554,-0.06197191,-1.3545793,0.5002785,0.8985034,1.2217044,-1.1514862,-0.86500573,1.05212,0.20937796,-0.7781105,-0.5977046,-0.18841603,2.5622585,-1.1953019,-1.2321503,-0.033179756,1.3577584,1.8016037,0.41332692,0.7280642,-1.2215345,-0.33293676,2.6343398,0.052703373,-1.4141124,-0.3228536,0.10198759,0.70619005,0.91579247,-0.14188597,-0.90899944,-1.2992408,-1.6149641,0.8601475,1.5873349,-1.8708423,0.36030623,-0.49016646,0.83468264,0.76057684,-0.78451115,-1.0023198,-0.03443359,-0.72900677,-0.063778386,0.78798527
M02A,-0.75669444,1.1756158,1.9041954,0.6004934,0.5308458,2.0569637,-0.59026605,1.443176,-0.12226656,1.3830651,-1.9805938,-0.6254018,0.26862743,-2.2625818,0.7452318,-1.1516902,-0.34533238,-1.2558281,-0.057295438,-1.0674906,-0.4036477,0.621754,-0.7364616,0.68907756,0.08843368,-0.44466695,-0.32059908,0.74879885,-0.13428025,0.052456643,0.07435977,-1.4838681,1.1099428,0.13692842,0.7387435,0.19732112,0.4852287,0.017589116,-1.0855852,1.0847332,1.3421105,-0.24600111,0.109743945,0.46147063,0.26638702,0.98681605,-1.3192834,-0.5033364,-1.5417864,0.12916803,-0.3918476,0.32655102,-0.10429497,1.7838031,-0.5530472,0.82425857,0.23267739,0.27418584,1.0247161,-1.1792376,1.6391091,-0.75419134,-0.98952955,1.4299895,-1.1045079,-1.1955161,-1.7424738,0.38992202,1.0534887,1.0590494,0.42515728,-0.2838872,0.08158273,0.3719462,0.97825897,-1.3560517,-1.880334,0.5330412,0.17559455,0.660295,-1.7152603,0.30505183,1.2318015,-0.4062566,0.8157677,0.09224447,0.29478735,-0.44374746,1.2309967,-0.75026745,0.899852,0.61087835,0.73016065,-0.6211496,-0.29059085,1.2107023,-0.5083945,0.63326025,0.56625247,1.0934981,-2.2580078,1.0824122,0.15714036,1.0722287,0.44767034,-0.5447992,1.1449454,1.1629457,0.720827,-0.03539287,-1.1901369,0.6282083,0.112287946,-0.060833707,-0.59547406,0.26520655,0.44166082,-0.5557666,0.37549293,-0.60407484,0.1287554,-1.0294514,0.6485317,-0.43983075,0.36086023,-0.75714517,1.0050634,0.4573945
M03A,-0.59609747,-0.3913112,0.17833273,0.8627028,-0.47478378,-2.1621366,0.76368713,-0.8952957,-1.5645698,1.1156161,0.054426756,2.4251041,-0.9440305,1.1640645,0.24444854,-0.86676586,-1.1916078,-1.8395826,0.2873324,0.7761668,-1.2781934,-2.2675202,0.7109359,-0.18357843,2.2862375,2.080135,0.31521255,0.60758764,-0.44739115,0.13209058,1.3315998,-0.9717834,-0.93877685,0.23380134,-1.0355177,-0.99933237,0.015489888,-0.9645592,0.04333979,0.38522363,-0.055455852,-0.15293434,-1.7239066,-0.38467517,-0.33100465,0.7376271,-0.08236422,-1.0040936,0.9787392,-2.6059713,-0.44097,0.16879596,0.9213638,-0.8908801,-1.8197548,0.70431644,0.5809369,-0.35830528,-0.13903742,0.36839882,0.2517102,-0.76189864,-2.4796767,-0.29412678,1.0924335,-0.015201973,0.44428846,1.0763229,-0.21603473,0.34348664,-0.47419944,0.6530066,0.8431843,1.3450919,0.18150738,-0.10075675,-0.87298864,-0.0025177517,-0.97486347,-0.94586504,-0.26841027,-0.03882356,-1.2312614,-0.8551183,-0.16786015,-0.9146235,0.12334119,-0.03926119,2.498922,0.5447364,-1.7375557,-0.21676461,0.34310654,0.16972706,-0.23661561,-1.9585994,-0.46282583,0.88257277,-1.8321141,0.4523179,-1.7984809,-0.4718018,-0.81508225,0.20523962,0.08575931,0.3323637,0.7731179,-0.71110445,2.444488,0.8785871,0.21436362,0.029826183,0.9337009,0.71370345,0.74475366,-1.6039184,0.780346,1.0064262,1.2261647,-0.07910247,-0.26480812,-0.64862406,-1.6991454,1.4979622,-0.70008534,-1.0134361,-0.54142684,0.5084292
M03B,1.8264402,1.4267921,0.27061126,0.6638587,-0.21246344,1.1463331,0.4446789,-0.8276895,0.5915606,1.2371341,0.98616856,-0.4231139,2.4119148,-0.69141364,0.34481823,-0.40046784,-1.0954881,-0.4921907,-1.1318729,0.88333446,-0.67857814,0.12201267,2.0031717,-0.20056394,-0.017282594,-0.25760585,-0.41685852,0.43601474,0.8524813,-0.37236622,-1.043165,0.20207721,-2.3879917,0.58252776,-0.6631368,0.3800837,1.1672153,0.19472098,1.6987665,-0.8730684,-2.0495203,1.1207235,-0.3472977,-0.79026484,-0.80120367,-0.9482669,-1.3758223,-0.55284864,0.14061634,-0.35402453,0.5157469,-0.32640824,0.008551752,1.3677199,0.6664056,-1.7899708,-0.4140621,-1.2974697,-1.6546023,-0.065485395,-0.89903927,-0.12768121,0.85762405,0.93048286,-0.35814497,0.34711587,-0.07291955,-1.4142203,1.5801362,-0.5424646,0.5752078,-0.14157209,-0.62844723,1.498585,-0.10966496,-0.92344254,-0.4121692,-0.056007404,-0.59838617,-0.026725436,-0.7207272,-0.93355995,0.9084137,-0.41585553,-0.01670719,-1.6772811,0.06696161,0.59375244,0.16400144,-0.14116362,1.2736417,-1.2312537,0.14925021,-0.69064045,-0.5421697,-1.8810265,-0.22907138,0.691788,2.027101,-1.094623,0.6515425,0.2520259,-1.2599717,-1.5178143,-1.1448101,-0.21701732,0.99817234,1.1145605,-0.54169697,-1.5995737,0.540872,0.997468,-1.6403581,-0.5839496,-0.7039039,-0.761727,1.4067227,1.8230622,-1.7473366,-0.1863282,-2.6157475,-0.10181981,-1.2360449,2.0374556,1.5513653,-2.0406256,-1.8713504,1.9235387
M03C,1.5163262,-2.392932,-1.3222702,0.766465,1.5222932,0.37876484,0.51269287,0.81529754,1.8598868,-0.6091786,1.1944778,-0.72460014,0.32626876,-0.23642647,-0.28989935,-0.43678394,1.2945472,-1.3413101,0.21885096,0.93149936,-1.2880366,0.5188297,-0.6916576,-0.46257293,-0.33688346,-0.3828246,0.5049143,-0.059551068,-0.45810562,-0.37868455,0.40767407,1.5466998,0.9103343,0.009563478,1.234836,0.816125,-1.2030778,-0.912915,-1.1709322,0.07991387,-0.4458097,-0.01899207,-0.16634329,0.47319928,0.89330685,0.44631872,-0.9208797,-0.062037915,0.2334901,0.42625192,0.6459227,0.0044538807,0.071971856,-0.15839632,1.0462637,2.3024068,-0.39872745,-0.17158134,0.5427978,-0.07745077,0.24549936,-0.81808215,0.224636,1.1701039,-0.5833117,-1.2300067,-0.0013554709,-0.682606,-0.43200663,0.54849905,0.07832588,0.40209472,1.0721275,-0.8407271,-0.8560456,0.073084615,-0.027171941,0.3118952,1.2946748,0.7694761,-1.7614868,0.21657915,1.5450194,-0.0853796,-1.8773236,-0.34718663,2.0287366,0.054166373,-0.16847086,-0.19194649,1.7026277,-0.5341413,1.0467248,-1.0846351,0.94432324,-0.2641309,-0.92438734,0.64523995,-0.37064213,1.5138069,-1.83818,-0.5556512,0.63187903,-0.65569603,0.7546343,-1.5374075,0.2782814,0.4376336,0.55942017,-0.93577397,0.37848315,0.35698456,-0.8218345,-0.5947238,0.5245939,0.4390617,0.24130562,1.3772124,0.09904671,0.2736106,0.5893311,0.2742935,0.40990737,-1.2147259,0.9094217,-0.8111926,-0.37099636,-0.80027896
M04A,0.70726925,0.075401336,0.20603536,-1.4152575,-0.12814131,1.815563,1.1099161,2.2290325,0.44988257,-1.3521476,-0.28144377,1.8934916,0.8869048,0.4959531,0.8152818,-1.6203599,-0.009440087,-0.064047456,0.21346916,-0.049632665,0.015340537,1.0640798,1.8247813,0.9517633,-0.4123683,-1.0871538,-1.1332378,-2.0337546,-1.3127149,0.7844115,2.7808535,0.32268864,1.1763166,-1.5593153,-1.1015358,-0.6431815,-0.59899014,1.6709118,0.015635164,-0.04304532,0.8891861,-0.29186043,0.42856768,-0.8873117,2.2235346,1.205766,-0.6597872,1.7839099,1.0610785,-1.4371314,1.2697544,0.48430154,0.2731018,0.662472,0.61742944,0.8053515,-1.759068,-1.2220536,-0.25478214,-1.281512,-2.03616,-0.92328376,-0.66744566,-2.352675,-0.3288738,-1.415772,-0.25734594,-0.29379112,-0.07014494,-0.6845269,0.8377911,-0.7715824,0.33115017,0.26680058,-0.6989398,0.94907606,0.8646801,0.660458,-0.48321497,-0.69932944,0.5368249,0.09662888,-0.22602905,0.12758219,-0.8562572,-0.12343511,1.0779078,-1.6072266,0.12739266,-0.12324247,-1.2370762,1.6410135,0.63728,-0.16040821,-1.3774395,0.017673891,1.3632631,-1.2673224,-0.050361764,-0.221412,0.9844518,-1.6849947,-0.9555388,-1.2136594,0.3651834,-0.3820025,0.087474875,1.27452,0.051363748,-0.12223765,0.8159119,-0.3325934,1.0321348,-0.82214075,-0.7371484,0.006207045,-0.45589784,0.17527354,-1.5758282,1.7517711,0.7285638,-0.8155251,-1.19177,-0.45185784,1.0760381,1.4735302,0.075110726,-0.56748265
M05B,-0.03783365,0.53957313,0.78555673,-0.15749758,0.17964281,-0.9110017,1.8689789,-0.18781894,-1.5722655,0.10070555,0.45051548,-0.94206846,-0.18864983,1.0938712,1.1229761,-2.6202214,-0.24818206,1.2781028,-1.2295686,0.5975729,0.29893667,-0.073288195,-0.5591826,-1.1582974,0.40799615,-1.7584962,-0.19015098,-0.12983723,1.1031723,1.0184195,1.7583603,0.69111115,-0.012491706,2.4592948,1.6201884,-1.5391771,-0.98891044,-0.5724458,-1.5604342,-0.07243157,-1.5333376,0.14082776,-0.7111647,-0.14073947,1.3649688,0.14957224,-0.5376777,0.90175235,-0.62196463,-0.83283335,0.2556802,-1.6239359,-0.37324625,0.32576728,-0.5359298,0.43732923,-0.70844585,0.65449446,0.28405032,0.6028402,-1.3030015,0.028031148,0.3737264,1.1816015,0.83322364,-0.7218247,-2.0955546,-0.5319177,1.2350819,0.17770042,-0.4562862,-0.97280973,-1.5732037,-0.3667967,-0.12037818,0.9253787,-0.30286506,-1.4175626,-0.33931035,0.3152113,-1.1972644,-0.73156244,-0.7151071,1.084531,0.9183218,0.7093946,-1.2929288,-0.110695,-1.52162,0.1075759,-1.9405288,-0.5489565,-1.068741,0.5299838,-1.2759346,-1.3295963,-0.28052512,0.9445065,0.8313456,1.7141804,0.7497038,0.06973075,1.0469313,-0.3705377,-0.66227305,0.17006952,1.288987,1.9880192,-0.2342596,1.2552053,-0.13427345,1.0833683,-0.49844548,1.4366274,-0.21935181,-0.05723498,-0.048781123,-0.25171247,1.4984101,1.0259541,-0.646436,-0.6129646,-2.0619102,-0.0009878608,0.86612445,-0.6634886,0.071524784,-0.8742279
N01A,-1.5620649,-0.7283869,0.20783038,0.5244834,0.036579262,-1.590522,-0.7598395,0.043755077,0.039173316,-0.6289442,-0.44038093,-0.05806706,-1.2679875,-0.46945447,-0.4619321,0.39586958,-0.2732109,-1.2826273,0.02543916,1.5065944,-0.09328744,0.50593626,-1.0753045,0.60534996,-1.1776513,1.402355,-0.29246005,-0.09878096,0.8124237,1.3015376,0.48649082,-0.6878333,0.8566816,0.9427604,-2.3534439,-0.27689233,0.063868724,0.90549314,-0.244946,-0.032716457,-0.3683913,0.6300536,-1.022246,1.1366549,-0.6561496,0.40343276,-1.0512288,1.0092752,-0.8686009,0.28961653,0.09264031,0.9244407,0.505601,0.6727405,-0.7841919,-0.5312411,-0.7845332,-1.921149,-0.37672466,-2.4638705,-0.5641284,-0.13207345,-1.8571789,-1.5630488,-0.47288996,0.5848799,-1.9200412,0.46310133,-1.1663979,-0.06860503,1.3016014,-2.4664712,-0.4509456,-0.7380556,0.674534,-0.38066483,0.6755186,0.3832552,0.13534068,-0.4920992,0.44099537,-0.6397298,0.9981364,1.2791562,0.39868706,-0.25876176,0.9931212,-0.08329922,-0.63658947,-0.34609622,-1.27122,1.2665114,-0.4513224,-1.0229766,-0.3364506,1.1583976,-0.27976525,-0.3619712,0.6357822,0.4118881,-0.8038478,-0.9648099,-0.5750028,-1.735352,-0.69413894,0.1622037,-1.389823,-0.47186852,0.15111776,-0.52853984,-1.5984584,-0.13278988,0.2898309,-0.2859773,1.8771724,0.737898,-0.6533538,1.1190493,-1.0440065,1.1782639,-2.177724,0.70773214,0.06634734,-0.70366347,0.16744624,1.1297576,-0.83320296,-0.08269683
N01B,0.100370266,0.8078709,-0.59493536,0.5514957,-0.5612196,-0.13614602,-0.19406654,-1.3318601,1.1147121,0.52909976,-1.0520699,1.0576082,-0.78368855,-0.011088828,2.4563973,-0.48432964,0.7305828,-1.1034548,-2.8217142,-1.3454485,0.59332925,0.907848,1.0518943,0.21711744,-1.4565821,-1.3065116,-0.20128788,-0.30568296,-0.32348952,-0.031220492,-0.93384856,0.5841997,0.24696918,1.2706376,1.4234023,0.87511456,0.4971245,0.96189386,1.039437,-0.8674789,-0.121539794,0.48476475,0.79660285,-0.9733358,1.0432826,-1.3837379,-0.32509464,-0.16413686,-1.0185863,0.40798017,-1.0464231,-1.246863,-0.04470846,0.17655048,-0.43792063,0.6190353,-1.1034756,0.19562158,-0.5625805,1.7346755,-2.028463,1.147682,0.5853577,1.5261046,0.07763796,-0.15689383,-1.5443295,-0.94044447,-1.5660067,0.065458216,-0.10241301,-1.2846966,1.4062687,-0.20874307,0.6077935,2.034857,0.41567075,-0.1883874,-1.5770279,0.36802578,-0.53761303,-0.27456048,0.7332027,-0.5063684,-0.42226827,1.1386406,1.4160066,-0.39646226,1.0006591,-1.95686,-0.23855054,0.012251044,0.36616796,-0.57877135,-1.1046402,-1.7071307,-0.44826755,-0.19256382,-0.26437837,0.3854125,0.04470962,-0.48896682,-0.7380912,-0.20557405,-1.4540082,0.4033641,1.4417843,1.0159516,-0.9852244,-1.0596181,0.79291743,-0.3919445,-0.1537326,-0.301728,1.8495138,-1.3991673,-0.8542839,-0.082660094,2.3206553,0.8536139,-0.11403541,0.24665268,0.43063822,-1.3390316,-0.14244854,-0.39066103,0.47392595,-1.878308
N02A,-0.8097768,-0.7593149,0.107535295,1.327121,-0.66333014,-0.45926875,1.8100928,0.25862324,0.578486,0.0110388165,-0.3506458,1.294421,0.1600141,0.3925056,1.2735319,1.7386035,1.2215914,0.63070637,1.4386246,0.77565426,0.73849434,0.6514905,0.41067138,1.55679,-0.6573185,0.27341503,-0.9366981,-1.021485,-1.040924,-0.8297158,-1.2767814,-0.9532882,-0.967232,1.2288723,-0.37489897,1.5470628,-0.5891711,-1.2938558,-1.363098,-1.947058,0.35747108,0.37623152,0.15966658,0.4253424,0.6342995,0.4903747,-0.15793578,0.942438,0.54461205,-1.1293937,0.5045994,0.69351393,-1.6238079,-1.3953211,0.48426598,0.92396796,0.12145641,0.6429167,-0.5905208,1.2141409,-0.023874663,0.8626868,-1.9252235,-0.52743685,1.0045655,0.38159078,-0.4145695,0.8169277,-0.4867247,-0.0460032,-0.77767706,0.97130966,-1.7199521,-0.98155737,0.20729557,-0.83799726,1.1503778,0.19450665,-0.25946864,-0.35043612,-1.5864582,1.4449937,1.1796144,0.41038078,0.45545155,-1.4113859,0.49233115,0.37984443,1.0363767,0.24951982,-1.163894,1.1027685,0.09042191,-0.6308099,0.2898914,0.9419228,-0.07786657,1.4955322,0.78184974,1.1611499,1.4214957,-0.32218716,0.15749161,-0.38229895,-0.38528058,0.6070647,0.49247122,1.7112899,-0.30567098,-0.3923557,-0.22024417,-0.62833637,0.4159274,0.5595287,-0.67100316,-0.42237565,-0.9300421,-1.2031997,1.1842256,0.8323842,-1.6955304,-0.27984804,-0.4761856,-0.1792476,-0.97781,0.36064246,0.787799,0.6271374
N02B,0.08480356,0.027815802,-0.83087754,0.1405216,1.5953363,0.08220449,-0.46244308,1.3837519,0.88380486,0.4857564,0.74570405,-0.1828569,0.6322036,1.4474506,1.83712,-0.8158567,1.1346126,0.7595842,-0.17394046,0.5454853,-0.45121148,0.3353768,-1.0776408,-0.028417272,0.029770412,-0.42293078,-0.8662394,0.19459061,1.4141918,0.9532686,1.9621412,-1.3727797,0.6492344,-0.067881286,0.17720646,0.3688379,1.3866937,-0.7092475,0.6566298,-0.638673,0.8754561,0.092638716,-0.093942754,1.2319102,-0.83764106,-0.96868044,-0.6687825,-0.14130616,0.6063165,-0.38138527,-0.92893785,0.5851442,-0.08735033,-1.1349442,0.79008806,-0.79130524,0.7812837,-0.27867526,0.5338472,-0.96602947,0.26397657,-0.6011434,-0.45576718,-0.8813098,0.48694682,0.89028794,-1.3094825,-0.35451415,0.4790953,-0.32224584,0.5829804,0.008253205,0.26235187,0.74997497,0.12582432,-1.6665379,-1.0567786,-0.44274285,0.49481165,-0.48490104,0.47289643,0.60140043,0.32239467,-0.45453152,0.7922839,-0.73753715,-0.9466997,-0.04199273,1.2719815,-0.46219465,-0.02434979,0.3600283,-0.37095064,0.22947684,-1.1569805,0.42377642,-0.5464561,-0.9293593,-0.14691667,1.4058251,-0.62632304,-0.21292388,-1.0611408,-2.0063565,0.219565,1.9458455,0.18774496,0.83623326,0.60128593,1.106044,0.6967005,0.326844,0.56843483,1.4224393,-0.07387683,0.011454596,-0.5647659,0.63621366,0.2670917,-0.08276585,-0.100734144,-0.49577495,1.1261868,-0.25481808,-1.1289301,-0.84516615,-1.1470971,-1.0505761
N02C,0.7213434,0.21664096,-1.2536705,0.040745903,-0.9433589,-0.4756969,1.4431769,0.25123042,1.0586812,-1.0301118,-1.678714,-0.7725301,0.14906502,-0.6044946,-0.9482822,-2.3366346,1.3639033,0.6428413,0.9086303,-0.35073182,0.53203964,0.24363211,-0.8584225,0.38028318,-1.9874452,0.8730577,-0.22505762,-0.39449236,-0.43497372,-0.9940624,1.580234,-0.50000817,0.91710657,-1.3456069,1.2395967,0.37197182,-0.81820095,-0.30989057,-0.7734221,1.0217103,-0.7587956,-0.8934268,-1.5736294,-1.1352859,0.5415704,-0.5030818,0.8720767,-1.6902279,0.5939117,1.4436905,-0.93286324,1.9006417,-0.055623274,0.84696907,-1.2046133,-0.26261497,0.011156258,-1.2849063,-0.5981179,0.8953134,-0.02182528,-0.7386739,-0.6277935,1.0169432,0.828651,0.22000982,1.0386441,0.003968583,0.3856545,1.2679148,-1.7033399,0.746454,-0.85563153,-1.3154869,-0.8170483,0.68529874,-0.16034281,-0.40371513,0.4544867,-0.81892085,0.28733262,-0.55820286,-0.2211272,0.8086373,0.1392939,1.0704356,-0.79204136,0.46350408,0.19609155,-0.7908796,0.24540779,-0.46331465,-1.3378265,0.20700131,-1.4896619,-0.1273966,-0.5992857,-0.055653684,0.20764063,-1.0986626,0.7904574,-0.19342816,1.3315253,1.4967713,-0.2762609,0.0714549,-1.3589458,-1.0621474,0.8298274,0.6505686,-0.10566529,-0.67380357,-1.3270253,-0.25577128,1.981516,-1.0815787,0.60595757,-0.79937315,-0.9834908,-0.9423886,0.9357261,0.25338912,-0.24730709,-1.2340298,-0.25621033,0.48865107,-0.19529434,0.51881593
N03A,-1.7855686,1.609512,-1.2870048,0.075282924,1.6045448,-0.3316401,-1.5383419,-1.7619226,0.6582337,-1.1221256,0.11349795,-2.1634142,0.77183044,-0.29989332,-0.10845634,-1.1593529,2.3065467,0.20592889,0.85089165,-0.1174917,-0.13509461,-1.1163425,-0.4507147,-0.11885411,1.3042972,2.226969,0.3092426,-1.2571726,-1.660369,-2.1800666,0.5621552,-0.005956036,0.46768212,0.38943714,-1.951521,-1.3422455,-1.1701723,0.04792008,-0.07771965,0.3921101,1.7600825,-0.10161547,0.041697666,-1.1924278,-0.61813563,0.82176274,-0.38363168,-0.6160943,-1.0312766,-0.8658129,0.16969791,-0.4893211,-0.56430525,1.4159327,-1.367196,0.57884514,0.6856065,-1.099706,-1.1538509,-1.1489147,-1.1038867,-0.62224424,0.5391492,0.8787888,1.4754755,0.70175314,0.05927144,-1.8476814,-0.48567814,0.6077216,0.40942597,0.22886825,-0.12192017,1.3838929,0.77061075,1.1724154,0.06782752,-0.26861367,-1.0716954,-0.9047494,-0.06976602,0.36586842,0.71936,0.3450658,-0.43700382,-1.0996525,0.8216627,-1.3161651,-1.6831486,1.2739426,-0.9997655,-0.02655823,1.6797322,-0.67394286,0.12535474,-1.0084987,0.124800265,-1.688152,0.540407,-0.43124518,-0.052868884,0.24668817,1.3490591,-0.4599158,-0.11494474,-0.6432399,1.0744723,-0.96103245,0.2537374,-0.48889697,0.19834888,0.2930693,-0.9101951,-0.83450353,1.096685,1.5425789,0.34218356,-0.6166072,-0.71522766,-0.5816783,-0.4600071,0.60408044,0.5581739,0.4964972,0.7221815,1.8749576,0.17955174,-0.71606404
N04A,-0.5198552,-0.723818,-1.1014887,0.8846013,-0.4061419,-0.21390489,-0.7709118,-1.2504457,-0.78943306,0.47939566,-3.1595192,1.0921018,-1.2834758,0.70788664,0.73947847,0.22530976,0.28978807,0.2749731,-2.553751,0.2562641,0.08729057,1.9523604,-0.25332,0.03358869,0.6158119,0.07740875,-0.21387205,-0.5818032,0.47472665,-0.9074372,0.31569722,-1.0489041,-1.2503598,-0.4457188,0.455914,-0.3024643,-0.52620965,-0.68251574,-1.1175165,-1.2953837,-0.30514753,0.048880782,0.338861,-0.5027177,1.9761896,-0.112851694,2.2511811,0.17331201,0.3410596,-0.2667494,-0.6591893,1.7333697,0.6626614,-0.09552365,0.7562226,-0.024576496,1.1452743,0.064203545,0.22934903,0.41503286,-1.2697147,0.55449593,-0.276115,-0.7709513,-0.14298919,0.5032434,-0.8600383,0.10440239,-2.0187974,0.22231354,-1.2343453,1.0295736,1.4004455,0.93426746,-0.98582643,-1.2101725,-0.010562436,0.7179003,0.5749427,-0.50164324,1.5246971,-1.2284117,-0.084528916,-0.19953926,-0.6814104,-0.42569435,-2.207709,-0.028232768,-1.4018844,1.1021765,0.108544454,0.028201971,1.3529872,0.06249802,-0.04998668,-2.620009,-0.31068504,0.07140325,-1.4343991,-0.2448004,1.1645384,1.1911994,0.6954734,-1.2522502,0.91570425,1.676839,0.643477,-0.034466226,1.5949069,-0.11837687,-1.5837306,-0.9337388,0.6077079,-0.3921859,-1.3735543,-0.2807423,0.27262226,-0.10385049,-0.32968637,0.23922105,-1.5908914,-0.61466473,0.065780714,2.5510397,-0.48338857,1.8537377,0.6619981,1.6711932
N04B,1.5008134,0.64412045,2.1335578,1.3575772,1.145833,1.4949626,-1.4955276,0.23603469,0.6369404,-3.2840579,0.5539738,-0.26442325,-1.1887331,1.4655904,0.46723625,-2.0461476,-3.2526455,0.81571186,0.55789226,0.66046727,-1.1666787,-2.0892644,-0.9029542,-0.9592365,-0.46973842,1.0907379,-1.4795842,0.5402545,-0.8450721,0.50333244,-0.11159493,0.31461856,0.19123904,-0.22953661,1.8538655,1.1070994,0.98998654,0.9391882,1.4942125,1.0861529,-0.69621307,-1.4881357,-0.75943303,0.43575346,1.1480616,-0.96064776,1.239765,-1.1821927,-1.3329047,-3.503234,0.68184483,0.96573293,-0.9879214,-0.6480634,0.2395142,-0.2544472,1.0657932,1.0842034,1.9176452,-1.0394186,0.58902776,2.3141246,-0.84894305,0.34943432,1.1689069,1.6640804,-3.0013223,-0.06403571,-1.5866083,1.685072,-1.4292188,-0.2275892,-0.7039946,-1.1059115,-1.9105674,0.6165539,-2.9149106,1.0815688,-1.4319841,0.6847783,-2.13812,2.4670367,-2.3662043,-0.706669,-0.8903026,-1.7441734,0.38614494,0.50993335,-0.646571,0.09830535,-0.3972386,-2.5862541,0.08166047,0.4443407,-1.0292449,0.14844412,-0.23285294,1.0510856,-0.32013986,1.7589468,0.13524318,0.2486936,-1.7737844,-0.9531074,1.2446887,1.7675636,-0.009481856,-0.80183595,-1.674084,0.5194963,0.3681419,-0.269264,-1.4240128,-0.578766,0.33322275,-1.4709592,-1.0009239,2.0555913,1.0154752,0.49000058,-0.63141406,1.0880224,0.14499158,-1.2628058,-1.2615904,-2.384918,0.42438257,0.7789182
N05A,-0.4084065,-0.2971715,0.3859877,0.77132004,1.0905185,-0.34864235,1.4173374,2.3189638,1.7278775,1.291365,0.22104491,-0.116342776,-1.2330238,-0.26666486,-0.8865223,0.033314373,-0.4548536,-0.38398337,0.14340107,-0.8467504,1.4095427,-1.9361175,0.76303756,-0.18720797,-0.85454684,0.8102883,0.42520395,-1.8674881,1.5385394,-0.94969136,-0.16178426,0.1505903,1.1338265,-0.41190785,1.6432356,-1.0331482,0.9031634,0.2847455,0.14631717,1.0572073,0.17423293,-0.8376933,0.060840085,0.06879279,-1.3512151,1.0859058,-1.6558251,0.39916784,0.41807538,0.04900904,-0.020345572,1.0021982,1.5184771,-0.164619,1.2889069,0.20963028,1.568548,1.0878979,-0.81384265,-0.36333582,-1.5236223,0.33166054,1.1181813,1.1619207,2.6616015,1.8794857,0.0017811575,-0.28694814,-0.7616532,0.25708538,0.102203,-0.4832662,0.2197094,-0.380142,-0.7808766,1.5076737,-0.56468636,1.5938487,-1.255841,0.2807715,-0.5978001,-0.638357,-0.73580486,0.1951468,0.72234786,-0.031884797,0.36052644,1.2713655,0.39541507,0.24259266,-0.6612461,-0.23930638,0.6835611,0.36834186,-1.0723412,-1.8367401,-0.31724566,0.5891291,-0.23511595,-1.8303233,0.93574405,0.18612191,0.56433296,-2.7756913,0.08973704,0.1914413,1.0756117,-1.7309362,0.19321764,0.4377786,-1.7340492,-0.62295365,1.5895071,0.0716897,-0.19819699,2.005616,0.59461325,-0.24689773,0.15066396,0.09204862,-0.10892012,0.1734782,-1.8798935,-1.6170897,-1.0042462,-0.0097918315,-0.03293523,1.2781454
N05B,-0.49355927,-0.13835132,-1.265527,0.43454048,-0.6443029,-1.2260488,1.2896348,-1.7512586,-2.161488,0.08405831,2.1043596,-0.86637247,-0.3497366,-1.4885852,-1.462414,-0.2645618,0.86542726,-0.17425129,1.133127,-0.59664613,-0.9523399,0.43497184,1.309215,0.49191612,-0.1447845,-0.039246377,-0.1795104,-0.8778208,-1.6334189,0.7124253,-0.48309878,0.1422964,0.634917,0.5142559,1.2032433,0.56935835,-0.86101484,-0.93826085,-0.44249806,-0.37064916,0.17614427,1.4068918,0.14110133,0.21882063,-0.5482159,-1.3479449,2.0603855,1.4774046,-0.07467676,0.65585685,-0.088822685,-0.32481846,0.8808764,-0.6198351,0.056719813,-0.26598588,0.4327291,-0.7997205,2.2812295,0.19247589,-0.5557335,-0.65090936,1.4699187,-1.5820651,1.5326371,-0.261781,-0.34388345,-0.60257095,0.65892464,-0.7005286,0.24641328,0.7675595,-0.98164064,-0.00012939279,-0.32152963,0.28275004,1.1312516,0.020629546,1.259022,-0.45069236,-1.0358446,0.5832197,-0.45773193,-0.8486033,-1.8966762,0.37372062,-1.7126373,1.1065408,-0.0061596045,0.046407033,0.41142717,-0.048153557,-0.8767173,-0.80968213,1.6143978,1.5160344,2.6367662,-0.037027795,0.749018,1.1404512,1.0649087,0.54309005,0.2261448,1.74428,-0.70331144,0.52339804,-1.6372482,0.7118621,-0.71100926,-1.0008991,1.932937,-1.2718165,0.17503433,-0.035460718,-1.0758783,0.60214156,0.15080114,1.2116646,-0.14473468,0.8469894,1.7644076,0.4560913,-0.7608195,0.916175,-0.8520348,-1.6289659,0.31463426,1.1017715
N05C,0.98098886,-0.24137248,-1.0394335,-0.27809978,-0.53829575,0.7522138,-0.3536783,-1.0046723,0.55321944,1.008033,-0.7707257,-0.8867974,1.1039195,2.3129551,1.3244019,-0.13386355,0.5351507,0.0034791508,1.0638162,0.75100243,-0.22527537,0.6476343,-1.2168443,1.8169959,0.45549697,-1.0624087,0.67499137,0.102956794,0.17692333,-0.9457631,-0.8848929,-0.4930807,-0.8931287,-1.7928538,0.7898065,-0.014323107,0.82044595,0.8401098,-1.097544,0.79095227,1.0409745,-0.4379608,1.0158079,0.62327534,-1.9440538,0.70218176,1.1619154,0.2431401,0.06599241,-0.9733378,-0.4467164,-0.40611494,1.4822246,0.39975122,0.7786564,-0.8039532,-0.86809385,1.2937198,-0.23116882,3.4739723,1.0070142,-0.1102218,0.77689725,-0.8810939,-0.49155626,0.8641426,0.0067097917,-1.0505315,0.10317244,-0.7937706,0.3872314,0.660948,-1.379049,0.25052804,-0.16425006,0.09040047,0.0264002,-0.72611034,-0.32576555,-0.98371714,1.9951168,0.32958037,-0.7070694,-0.7793507,1.3203872,0.7419936,0.1658882,0.24901253,0.7853338,-1.0449175,-1.1281397,0.096654,0.42246982,-0.041560333,0.88535124,-0.032826923,-1.2836295,0.17878285,-2.20855,-1.4018816,-0.2839112,-0.15431231,-0.36829868,-0.71599084,-0.5272552,0.5407937,0.7005962,0.18001656,0.8804246,1.3504949,0.6646787,-0.43598923,-0.9174776,-1.1528418,0.38928548,-0.50260365,-0.5968274,-0.38728964,0.02787574,0.9265818,-0.6657217,-0.7563357,-1.847871,-0.9810842,0.9953695,-0.34835973,0.3910161,1.1095039
N06A,0.36163762,-0.9110633,-0.26762408,0.035403173,0.24198708,1.4171904,0.6020906,1.0590448,0.12761211,-1.2669518,0.6635725,-0.10771589,0.90643674,-0.5631488,-1.0133513,-0.8173624,-0.1806096,1.4299735,-1.0964448,0.030157564,-0.25168005,-0.5091784,0.12096279,-0.693866,-0.07223155,-0.31989607,-0.16693757,0.94653165,-0.26810166,-1.0769904,1.0298395,-0.53163314,-0.4291525,-0.66839385,0.39798158,0.9866223,-1.617658,-0.56000745,0.3928903,-0.7217813,1.3843157,0.1919622,0.32576475,-0.14125067,1.5175223,-1.244375,-1.0006726,0.060779497,1.199935,0.5656376,0.48554018,0.13190928,1.6486361,1.3960721,-0.69882286,-0.090131484,-1.1454173,0.16335678,0.07820036,-1.5393124,1.0847559,-1.590604,-0.33585867,-0.6292359,0.62303996,1.4014002,-0.27110714,0.6575903,0.45466214,-0.49771455,0.54139477,0.8031012,-0.44826657,1.3938953,-0.26033363,-1.1368358,-0.55080307,-1.300078,0.21496868,0.8745895,0.64050955,0.71736187,0.07135286,0.29746234,-0.30351788,-1.3611592,2.3939688,0.18032877,0.0038808046,0.25161543,0.3682633,-0.098431244,0.34272048,1.188307,1.4739305,-0.31736597,0.7471407,-0.13913576,0.04794775,-0.5932805,-0.76534575,-0.73932105,0.48720476,-1.7340583,0.397025,-1.2221632,1.6253713,0.9601827,0.964608,-0.09040559,-2.2011282,1.7729499,-0.99591994,0.045103412,-0.3898728,-1.0525086,0.6894642,-0.92860067,1.4234512,1.3626196,-0.7519864,0.05626315,0.97688025,-0.39915848,-1.3764353,0.650583,-1.1496142,-0.45340055
N06B,-0.5643466,0.95398575,-1.5182538,-0.7097038,0.057957496,-0.5246895,0.5698133,-0.044704787,0.715552,-1.6133864,0.88575095,-0.2310381,-0.1224567,-1.7580596,0.00022654212,-0.3126013,0.12141927,-0.85861176,1.1970555,1.7466682,2.377536,-0.8490986,1.4697402,-0.7739657,1.354142,1.4589381,1.3224428,-0.056939453,0.31121382,-0.3661841,-1.2836152,0.25018114,-1.3444963,1.8929482,-0.54619175,-0.78617513,1.188462,0.38586074,0.25955808,-0.51107734,-1.0318489,-0.49483818,1.365819,1.6399307,-0.43819913,0.12747106,1.5731654,1.3859084,0.20991258,0.62684286,-0.77185225,-2.6328804,0.61169845,-1.5822251,0.25636607,-0.50426203,0.97509927,-0.06884197,0.053068858,-0.9800375,0.7084729,0.41953203,-0.597706,1.1749104,0.17329267,-0.66526836,0.6494747,1.5027251,-0.86662924,2.102703,0.17684795,-0.9648921,-0.60950416,-0.4512705,-0.7728431,-1.5168134,0.6005492,-0.26546958,-0.4390563,-0.67639816,2.3147838,0.019043334,0.8280128,0.056929976,0.16385712,-1.5486344,0.50861806,-0.33435938,-1.0674636,0.62758255,-0.1607208,1.5948352,0.9951639,-0.43916622,0.80279213,0.38465548,0.4787142,0.5246113,1.2131416,-0.6409407,0.6636731,-0.16907534,0.33077484,0.19066586,-0.69312114,0.2533523,-0.14334242,-0.08063886,0.29040876,-1.4708511,0.2794519,0.6810197,1.210343,-0.6635606,2.1620612,2.1470125,1.1365005,0.34791678,-0.49376208,1.2173705,0.4726691,-0.93933624,0.7032775,0.03371038,-0.6130549,0.56389165,-1.055874,0.74665946
N06D,-0.20148593,0.4201551,0.81384647,-1.028667,-0.84974587,0.8544456,-0.9186507,0.97086316,-0.04250143,-0.3652429,-0.21222168,-0.61246777,1.1635545,1.3836913,-0.9198411,0.20979582,0.7874667,-0.24277118,0.13583305,-1.6022141,-0.053445775,-1.8222623,0.9047542,-1.7161624,1.2401205,0.3390862,-0.9060409,0.31757072,-0.31988016,-0.47365016,-1.0324465,1.3677567,0.17339636,1.3878644,-0.22323945,-0.75155246,0.6290796,1.8868169,0.19463283,-2.0634172,-0.17719015,-1.4793234,0.115671836,-0.7788114,-0.7821612,-0.17804198,-0.3025758,-0.79553705,1.0084404,1.3626783,0.17697933,0.31208777,-0.7532592,0.8775084,0.24773216,0.5972825,0.219326,-0.69049364,-0.41374782,-0.97361434,-0.12169372,1.6763407,-1.3565221,-0.7175453,-1.4747211,-2.044825,-0.66990626,-0.38755754,-0.87996066,-0.42336032,-0.8092479,-1.6445814,-1.7340034,-0.5242871,-0.4324248,0.4883986,0.6407365,1.7977599,-0.46021694,0.0610852,0.1361272,-1.9202648,-1.6967756,-0.4164571,-0.33451495,0.9219118,0.5226015,2.1384559,-0.7585849,-0.7054652,0.047602784,0.2731103,-1.732497,-0.36894503,0.2827962,-1.0711477,1.8844686,1.736405,-1.2806581,0.074442826,0.700836,1.1618842,0.4904391,-0.42004725,-0.8502266,-1.4383652,0.21161923,-0.94653106,0.5630172,-0.39546314,0.28804109,-1.455733,1.1936798,-0.47012156,1.0215266,-1.0882406,1.0921044,-0.814162,-2.1986356,-1.3395447,-0.46394598,-1.1676514,-0.72496563,0.8986745,1.4157767,-0.3976831,1.2882102,-0.5756422
N07A,-0.015925553,1.0526805,2.424899,-1.4290141,-0.083865486,0.25799474,0.450915,0.51099545,-0.86003184,0.11471048,1.3943906,-1.2636578,-0.29696244,0.55117136,0.6455445,-0.8345715,-0.030610625,-0.001113645,-0.41232535,0.6281181,0.32613614,2.2959948,0.6196728,-2.3622415,-1.0557022,2.0470204,-0.41601557,0.2182038,2.1049666,1.2954144,-1.4585758,-0.20332369,-0.7737377,-0.7858841,-0.5095996,-0.4302087,-0.5647203,-0.3689331,0.83368176,0.055959817,0.58717436,1.5307947,0.15056792,1.8015124,0.05347372,0.4503016,0.18986185,0.19983639,0.18706821,-1.2171438,2.1789684,-0.6892741,-0.6168914,0.43573046,0.45444342,0.51064616,-0.48903728,0.61472553,-1.5438145,-0.3003291,0.92557234,-0.64187235,-0.06954083,-0.6543402,-1.4281987,-0.26866895,0.29250914,-0.6848662,0.41736993,-0.5019451,2.176687,0.49799037,0.9095783,-1.5997657,0.25515828,-0.61854726,-0.82408065,-0.7196536,-1.2387061,-1.291723,-2.1335907,1.1147544,1.0725667,-0.14851034,0.70204955,0.69348514,-1.9387448,-0.8857506,0.50326455,-0.6070549,1.4870793,0.57506907,0.043389175,0.96507275,0.23388332,0.14411534,0.31755123,0.16252232,1.2156862,0.6156106,-0.7069797,-0.24151982,0.02774075,-0.09434894,-0.29345208,-0.03378748,0.37767604,-0.42287776,2.0391657,-0.19153284,1.2648472,-1.6510868,1.8392388,-0.48389632,-0.58410305,0.16937248,-0.22224323,-1.5247905,-0.9072685,0.53750914,-0.75968176,0.7141911,-0.9796516,-0.5807723,0.34996948,-0.083895996,1.6623542,1.9030168
N07B,0.8186049,1.1539965,-0.69793934,-0.6600649,0.7704711,1.9459076,0.44953233,-0.8995416,-1.5217927,0.22534983,-2.54293,-2.4943352,-0.7511434,1.9091738,-0.4044048,0.70294106,-2.1821609,-0.13120992,0.48518366,-0.47268465,-1.8357769,-0.7014409,0.16471453,-0.45265466,-0.14626119,1.507766,0.88741076,1.0576538,1.696218,1.0904474,-1.9824442,0.01376769,0.30472684,1.4346296,-0.010970378,1.0462238,-0.3375144,-0.48763353,0.18994148,0.12542064,0.45038354,-1.4560354,0.400982,0.08382884,0.4242465,1.9345198,0.3858193,-0.37094367,0.5390154,1.3351214,-0.09520878,-0.44788003,0.18950002,-0.34069717,-1.6434336,-0.22836538,1.8838276,0.95379704,-0.6555438,-1.809442,0.44271365,0.14209697,0.5559886,0.5642572,0.72156185,0.012203672,0.49173233,0.24414468,-0.50073856,-0.027130991,-0.4914516,-0.8999484,1.1918578,-0.4260682,-1.3992416,0.57230616,0.07584116,0.80692416,0.15214477,-1.0513885,1.1633795,0.41054323,-0.28085336,0.80916005,-1.5343637,-0.5430058,-0.52608734,0.12447933,-0.74853843,2.0326576,0.18885438,1.1208555,0.61762756,-0.01477292,-0.07868833,-0.4595922,0.44026393,0.15780197,-1.8499937,1.0111301,-1.7415606,-0.6039784,0.051628225,-0.8872092,2.1838088,-1.2229373,-1.2069027,-0.19444351,1.0083848,-1.2486855,0.6413919,0.8122311,1.1518176,-1.7225473,0.5103222,0.18823357,-0.012698249,-0.57750577,0.913597,0.04099028,-1.2459637,1.2035854,2.075537,-0.9079122,-0.78739005,-1.9751267,-0.67847127,-1.5201484
N07X,-1.2947981,-1.1814156,-0.47056702,-0.6033158,-0.30767646,-0.5075415,0.44686422,-0.36896265,0.6805112,-0.7307945,-1.6653274,0.22591437,-0.79778963,-0.10154842,-1.14759,0.5753785,0.73237026,0.6362397,-0.85901314,0.5896164,0.8463811,0.5291135,0.24909623,-0.88046354,1.883655,-0.6009766,-0.30468506,0.3120163,-0.10374355,-0.0018810355,-0.008977051,-1.0687271,-0.7526824,0.54883045,0.092038274,-0.8620913,0.45560768,-0.14253376,-0.62857366,-0.6725844,-0.93819374,0.46873435,0.79003924,1.1290874,1.2628857,0.71936107,-0.74035645,-0.8814228,-1.7851151,0.40922838,-1.3259873,-1.0889297,-1.6339462,1.036878,-0.44844255,-0.19805455,1.284389,-2.154636,0.31436536,-0.3696054,-0.42179668,-1.9768109,0.62306577,-0.33509082,-1.3409694,0.9008694,-0.45684737,0.7340194,0.74248296,0.18048137,-0.29220477,-1.7573993,-0.16669711,-0.7443365,-1.1188792,0.4031103,0.79814386,-0.34101146,0.17674278,0.62799966,-1.6942807,2.026081,2.1904728,-0.20349313,-1.9315135,1.2690113,-0.05736507,0.24079274,0.7315818,0.28318176,-0.98164356,1.2132947,0.6788595,-0.17019531,0.30229145,-0.7761529,0.7997068,-1.5588127,1.7004644,-1.0932559,0.8138514,-1.3581444,0.5487772,0.8269121,1.2917613,1.1408134,0.61536175,-0.821544,0.7596406,0.2896138,-0.0014681565,-0.46767175,0.58080524,-0.93703413,0.9389575,-0.36540008,-0.3480704,-0.91147685,-0.58289015,-0.37253544,-0.9791867,1.4418108,0.5572007,0.13807687,-0.87205994,-1.1203492,-0.8196852,-0.39224094
P01A,0.6120165,-0.12873156,0.7954694,-0.5622289,-0.33544892,1.249033,0.3731478,0.3198271,-0.77289337,-1.6940022,-0.114026286,2.4710765,0.007945477,0.29668224,-1.2094027,-0.40478495,1.2285833,-0.44419459,-1.022272,-0.41375357,1.1005939,0.29619688,0.693782,-1.6615813,-0.06352683,-0.0053742724,1.1755152,0.08321973,-0.36231494,-0.47829026,0.064352185,1.1866175,-1.0429566,-0.019069612,-0.7768932,-0.5217364,-1.9455694,-0.36143687,0.9871094,2.0987551,0.19656295,-0.30562928,0.5105266,-0.8112121,-0.1766536,-0.7727128,0.40399516,0.84496236,-1.6977965,-0.52273804,0.15593047,-0.24755803,1.1747445,1.3607917,0.5927653,-0.17173342,1.9334471,-1.7232027,-0.11327649,0.7065727,-0.92160094,1.0051594,0.5385508,-1.9191399,-0.96230835,0.6257483,1.5690241,-0.9156231,0.7854331,-1.0034308,-0.010206277,-0.9635037,1.1789466,0.5506346,-0.6312988,1.1925163,-0.21546884,0.29977047,-1.097859,-0.26262492,0.1938959,0.7673174,0.2552527,0.81551963,0.8396977,1.5515283,-2.7829494,-0.30861565,0.25408232,0.88462156,-0.08801241,0.6820707,-1.0115438,-0.72580403,-0.7344269,0.5743871,0.25021702,1.2038616,-0.324443,-0.22751412,-1.670739,0.5064762,0.26971886,-0.33150634,2.0970361,0.12455438,-0.6395231,0.55191386,-0.45415685,0.35963804,1.0510325,-0.87236834,1.1508542,0.9646003,0.99051523,0.2398107,-0.64008325,-1.2122691,1.647128,0.19905674,0.09652782,0.77859217,-0.69601834,-0.24316865,2.3241181,-1.2008466,-0.20035645,0.6299711
P01B,0.28868344,-0.36733845,-1.4760273,2.171855,0.8515506,1.0076171,-0.13600539,2.0661004,1.828232,-0.7133125,-1.3200147,0.16514023,1.146247,-1.0757532,0.030745832,0.27171558,-1.4553547,0.6608006,-1.9376956,0.51156497,2.370191,-1.0739123,1.8177274,-0.62625635,1.365489,0.03407108,-1.4999177,-2.5851784,0.83611244,-0.75888056,-2.4720314,0.98227787,-2.0762413,0.887066,-0.345291,0.55818546,-1.6577092,-1.8723645,0.2036744,-0.40619072,-1.5049262,0.72949916,-0.6369828,-1.8686411,-0.19831531,-0.964971,0.008294713,0.23439065,0.75809395,-0.27898818,-1.3838137,-0.07300581,0.82562804,0.28515384,0.21721977,0.38702315,0.07639452,-0.29108804,0.43332842,-0.6747824,-0.8774016,-0.33184767,-0.8772,1.1040518,0.8088659,-0.726437,-0.21488173,-0.28599772,-1.1005427,-0.5612391,-1.4130473,-0.48347917,1.708484,0.5705153,0.5553431,0.2403803,-0.37437776,-0.57983893,-1.0286589,0.68961257,0.006933677,-1.8739477,0.35058516,1.9610542,-1.7808316,-1.1530122,0.54848164,2.195927,-0.5422328,-0.9126209,-2.19141,0.23146048,-0.8240974,1.1749382,-0.8189207,0.47888386,-0.5542558,0.6965877,1.2620338,0.1539885,-0.5385552,-0.7259991,0.4263841,0.82799625,-0.1332271,-0.1361945,0.57890064,0.04069088,-1.0234984,0.17086296,0.5786412,-1.0353465,-1.5953676,-0.6799467,-0.76478684,-0.43239233,0.6393141,-0.70330346,0.060642168,0.8442323,1.7613574,-0.08407453,0.0037818474,-0.59026873,-0.9666898,-0.9016401,0.26639602,1.0609492
P01C,-1.375133,-0.07594293,-0.14245379,0.55314267,0.96125543,0.5098441,0.33525658,1.2966119,-1.5807114,0.16498503,-0.819661,0.004895019,-1.0844728,-1.6609772,0.30702442,-0.15493566,-1.8309093,0.79256797,0.24517609,0.144129,0.4944719,-1.0784985,1.0722927,0.011608438,-0.20677133,-0.85542,-0.36259365,0.2657087,0.2741815,-0.11230315,0.6191388,-0.9388188,0.2478155,0.13895363,-1.4962944,-1.2961679,-0.056267433,1.6913134,-0.9569594,0.86923456,0.27747053,-0.026186801,0.26649383,-0.40657118,-0.3283807,-0.0570855,0.857318,-2.294127,0.48802006,0.49790072,0.7191831,-0.24219798,0.82180125,0.8717081,0.69453865,0.10050489,0.6816739,0.3281969,0.12575845,-0.05652143,-0.86108726,0.16019493,-0.817811,0.33162382,0.1340854,-1.4603924,0.4438442,1.8021607,-1.5507555,2.1692147,-0.44942874,0.106569074,-1.0668348,0.5684457,0.22403087,0.516715,-0.52446675,0.21043208,0.87447697,-0.24422148,0.28870606,1.5242501,-1.9938089,-0.8699278,-1.0745769,0.3311246,-0.5268796,-0.58700025,-2.115603,0.79884475,0.771141,1.0498168,-0.17422982,2.2011793,0.29560235,-0.9834131,-0.22762746,-1.1410931,-0.20022947,-0.24313322,1.9421813,0.4967042,-0.15663603,0.13725434,1.5571421,-2.6927133,-1.3755618,-0.9174467,0.3804313,-2.3097005,-1.5076483,2.146233,-0.29639953,-0.93741727,-0.5811366,0.86181176,1.3240547,0.048103448,-1.4912626,1.199216,2.818988,0.8535637,-0.3148978,-0.747799,1.2994009,0.5083727,-0.056055125,0.65788585
P02B,0.08975118,-1.1239439,0.33579147,-0.7311389,0.4049121,-0.9089277,-0.81456375,-0.76965195,-0.34988678,-1.1383709,-0.6693698,-0.4439642,1.1006161,2.209402,-0.054961715,0.2955736,0.6141604,-1.1889732,-0.8083055,-0.12741502,1.0077976,0.14221537,1.5404468,-0.14467852,-0.8019935,2.1163893,-0.27190965,0.0050137974,-1.5108802,0.7610005,0.5284075,-0.9347649,-3.1915686,0.48797897,-1.157459,0.71079654,0.19184393,-0.38014778,-0.3335115,0.95447105,-1.2772585,-2.4970345,-0.3513907,-1.1675085,-0.9056914,-0.7773248,-0.7183627,-0.7622954,-1.504531,2.5771167,-0.019130494,0.20619677,0.3204818,2.0660524,0.96369964,-1.9058689,0.12615514,0.4761523,0.2808971,0.44159976,0.13997841,-0.001125115,1.4527873,-0.2905981,1.0298411,-0.6926463,0.18686305,-0.46307138,1.225696,1.8169963,-0.91264313,-1.8723534,0.016010832,-0.75721323,-1.8272339,0.8944715,-2.142974,-1.2857403,-0.06979852,0.4284379,-0.3397806,-0.7529902,0.6239941,0.97621584,-0.25580227,1.2716761,-0.1379269,0.2390144,1.0496352,-2.0990968,0.83156484,-0.8952233,-0.47547165,0.3044741,0.4791732,-1.335654,0.061636932,0.32207558,-0.54779893,-2.4839413,-0.0796797,-0.024987588,0.8797849,-1.1709149,0.8525318,0.4072205,0.18411753,-1.0310268,2.0510623,-1.7056617,-1.3751438,-1.1219997,-0.8325417,1.5007799,0.5560581,-2.2905333,0.15352051,0.10995274,-0.059066683,1.135334,-0.8823289,1.3891194,0.84586805,-0.74326533,0.064054176,1.4916503,-0.17618397,-0.18607739
P02C,0.18399042,1.3923656,-0.3909806,-2.860873,-0.17203079,-0.28358254,-0.5510387,-0.9046427,-1.2037332,0.7587029,1.1293771,0.26966032,0.67757344,1.4429845,0.79183805,-0.7989734,0.6276303,-1.3130108,-0.17415725,-0.6033626,-0.11308834,-0.570744,-0.8060403,1.7076334,0.06274382,0.73884594,-0.55031604,-1.075965,0.10706711,-0.45810375,-1.11667,0.37139934,-0.5017165,-0.4675107,1.9964982,-1.3166736,1.1182472,-0.08335571,-1.0219061,-0.7736664,-1.9657111,0.15284416,-0.65113527,-0.07532512,-0.11935074,-2.392841,-0.05670047,0.257076,-1.0448723,0.11008207,-1.6625329,0.1267632,0.87232524,-0.08157608,0.9835562,0.58648956,-0.14812621,0.1178949,-0.2349923,0.026978314,-0.28475383,-1.2290511,-0.6393989,-0.7490809,0.81430656,-0.103663184,0.4808638,0.080879666,1.238044,0.15696272,-0.8851963,0.1559787,-0.70705295,0.06860084,-0.23862551,0.66015166,-1.5836914,0.5634055,-0.91421586,-0.9125431,-0.98693717,-2.6782207,0.8938688,-0.87389266,-1.419383,0.39517766,-0.38510463,0.841654,-0.34465846,-0.98911977,0.7492667,-0.9529911,-0.3279178,-0.5454564,2.320155,0.931673,-0.31046832,-1.2788156,-0.2529277,0.02907192,0.9245182,0.13672338,0.38103533,-0.44445324,-0.43216488,0.8694662,0.49331105,-1.3945525,0.23121938,-0.68356586,-0.46615562,-0.099990584,0.45291704,0.6516601,1.1905403,-1.6673034,-0.90330136,1.469802,-0.7844042,-1.1937655,-1.0491662,-1.5802975,-1.2797506,0.5857137,-0.040490743,-0.45107892,-0.5673073,-0.82950157
P03A,1.0862819,-1.0435601,0.9733026,-1.3075472,-0.32012215,0.22056767,-0.79328287,0.64489836,-0.6152739,-1.032251,-0.8744925,-1.0865263,-0.3419422,-0.19597878,-0.099496156,-0.7508599,-1.1370713,-0.9821469,-1.4789349,0.8579716,0.560212,-0.45261317,-0.1485591,1.441501,0.035375137,0.7715455,1.072248,0.6567509,-0.4366902,0.9129469,-0.8771398,0.77965856,0.4648758,0.78403735,-0.83220476,0.24152385,-0.24096434,-0.9603107,-0.13127835,-1.326293,-0.11046074,0.47757354,-0.9162208,-1.1113341,-2.7995913,1.1031342,0.92337203,1.4253284,-0.75837713,-0.19252709,0.32465842,-1.182546,0.15687107,-0.3701612,0.3493194,-2.1261892,-0.31031516,2.0489957,2.1812556,0.042156324,-0.18160214,0.18055558,0.1886744,0.2943459,0.10610066,0.33837733,-1.3240207,-0.60465765,1.0055953,-1.0567904,0.34451342,-0.8074137,-0.5713916,-0.8212025,-0.21680558,0.04821601,-0.13107234,-0.12794076,-1.4112687,0.21549517,-0.29431948,-0.3353285,0.50458366,0.37786216,1.6269909,-0.22173181,0.28921044,-0.22105353,-0.65607184,-0.60679555,-0.84093845,-1.1542746,-1.3154606,0.6806861,0.13014187,-0.08008829,-0.71618754,-0.26039296,-0.2727353,1.145082,-0.09239577,-0.09899587,-1.716968,0.23198201,0.77381283,-0.7260473,0.51151735,-0.019493366,-0.7673033,0.97706264,0.8225363,0.6058848,0.072113015,-0.5978338,0.43756765,0.8798627,1.3891838,-1.4200222,-1.8415279,0.76890445,-0.80327934,0.30990577,0.8016254,0.071949534,0.23647264,-1.2431259,-0.2581462,1.3746556
R01A,-2.3088834,0.66881853,1.5173327,1.2212868,-0.79601604,1.0376942,0.21498497,0.7810931,-0.19206901,0.796796,-0.57299846,0.7978676,0.28212368,0.53349054,0.16850595,0.17635201,-1.082836,-1.3952891,-0.2661772,-1.1594291,-1.4866213,1.1658778,-0.9160908,-0.3129626,-0.1838545,-0.20077187,0.6854429,-0.34742934,0.9300091,0.3653464,-0.36165926,0.7511188,0.7713051,0.15606187,0.52502584,0.08411171,-0.923755,1.316251,1.8334985,1.4567279,0.5083547,0.51422966,-0.7765407,0.083205365,0.2553587,-0.8603979,-0.9806307,0.71175635,-0.29127443,1.1348348,0.5572043,1.6003083,0.5835118,-0.53749144,0.11969164,-0.86911434,1.8385952,-1.2916708,0.2932594,-0.5996152,-0.65089846,-0.66452473,-0.77384657,0.10372201,-2.2526393,0.068747,-0.08210754,0.8599209,0.6607727,1.1478418,0.70524985,0.43290043,0.635818,0.5413495,-2.022721,-0.32272738,2.6821053,-1.2974488,0.26935625,0.08117192,0.079160236,1.338893,-0.3525728,1.0124199,0.23252098,-2.0195947,-0.19833079,0.9050835,0.65377444,0.9544543,0.62501234,-0.24664013,1.2073821,-1.2121644,0.048185345,0.5482228,-1.1176163,1.1481647,0.4051877,-0.2280145,0.39189535,-1.090511,1.5053722,0.81930476,-0.21514693,0.22701374,0.32727382,1.3003256,1.0497644,1.0462782,0.0661414,0.030255025,0.8823913,-0.035590533,1.2491175,-0.030040083,0.01761822,-2.3571122,1.066187,-0.22503768,-1.2643173,1.2130585,0.7837621,1.0414902,-0.27035552,0.19432417,0.049682107,-0.6043247
R01B,-0.0055803545,0.5289369,0.18442789,-1.002205,0.91121733,0.73822254,-0.53437495,0.6730017,-0.018495046,-0.54287183,2.2747009,0.3536303,2.4297736,-0.43316463,-0.89448124,-0.50205564,1.2861024,1.6674289,0.3324557,-0.29863927,0.23526892,0.8826059,-0.6255933,-0.21656805,-3.1035926,-0.59424603,-0.1408382,-1.053402,-0.21023367,-0.33077335,-0.73898196,1.3245115,-1.5812353,-0.30144432,0.24271277,1.0581025,0.44170895,0.15720104,1.7431892,0.97113144,-0.1788071,1.4867982,-0.9691394,-0.3501295,0.12655473,-1.7198701,0.889538,0.27605593,0.056120396,1.0427228,1.6632514,-1.2782938,0.48512587,0.8493408,0.35927382,1.1817399,-0.8037963,-0.37610564,0.6814453,0.85707706,-0.5461017,-0.5881383,-0.9211552,0.4037602,0.31147653,0.17622449,0.2681753,-0.71951616,-1.3607672,-0.019335452,-0.99461806,0.17209423,-0.3852665,-1.335448,-1.2635189,-0.49064237,-0.37956616,0.30853564,0.37406668,0.3616926,-0.44705597,0.28817013,-0.08437229,0.024102043,-0.4709436,0.044238992,-1.3837916,0.68313056,-0.22886989,1.3036947,0.945621,-1.9219944,-0.35760877,0.3151753,0.9618726,-0.47147927,-0.6114717,1.3838543,0.7131898,0.81913817,0.78054476,0.9468755,0.23515423,-1.2323878,0.50608665,-0.4104265,0.005039967,1.4846424,-0.68034965,0.608048,-0.07801962,-1.0556431,1.479014,-0.42667452,-0.2233487,1.7091694,-1.3041636,0.8965732,0.15808703,-1.5056674,-0.53477126,-0.5359795,0.7445537,0.06966012,-0.2629652,0.1312851,-1.9669288,-0.6812959
R02A,-0.9460684,-0.31828895,1.0002046,0.5185503,0.72164536,-0.3671759,0.52549124,0.3162466,-1.2256509,-0.24468549,2.7235386,0.5644634,0.58425057,0.17860518,0.5078608,0.965897,1.3805851,-0.04929986,0.33087593,-3.1421337,-0.47643325,-0.9550709,-0.19452962,0.259666,-0.22523235,-0.4707842,0.2108158,0.53081405,-0.7479872,-0.04194189,-0.47075543,1.6198457,-0.54628694,-1.0764418,0.529587,0.20111232,-1.6778353,-1.1119101,0.6890676,1.017881,0.7041458,-1.4102876,0.5808765,-0.41397452,0.41459867,-0.1734097,1.6000232,-0.64451104,-2.2644362,0.594619,-1.5490284,-0.5259312,0.35798475,0.45660913,0.067021586,1.3241308,1.0839455,-0.5765144,-1.17604,-0.8538713,-1.8495154,-0.8042134,0.5153467,1.0990688,0.67078257,1.8434188,-0.732271,-0.039803065,-0.096623294,-1.0308623,0.39024615,-0.16167161,0.50589645,1.0127729,0.40410358,0.27862966,-0.77686083,-0.22435854,1.3624395,0.9655165,-0.3720142,0.018044075,0.63820565,-0.74432325,-0.98235494,2.985798,-0.59409475,0.5343017,0.83291787,0.4930418,-0.76065296,0.58307785,1.009564,2.1760733,0.36095324,-0.9028222,-0.1064436,-0.055570386,0.7022027,-0.03282066,-0.060349837,0.72024065,-1.492985,0.18902616,-0.53550464,0.12190145,0.98739207,1.4107673,1.8166989,-1.4163935,0.65461445,-0.63329726,0.08822061,0.66251254,0.2730463,0.67354184,-0.34249747,0.12258559,-1.3159692,0.9052475,0.14150925,-0.36416677,0.29374203,0.29926324,-0.4700801,0.78311867,0.51147634,0.65439457
R03A,-1.2180855,-0.21258345,-0.15511172,-0.60551625,0.32837278,0.3358043,2.034694,-0.6543313,-0.56953573,0.73206216,-0.0012064993,-0.3365437,1.2878513,-0.7647313,0.7162176,0.30738398,-1.2179359,0.20467776,-1.986721,-1.1533968,-0.90611815,-0.9087257,0.76368386,0.71862185,0.2589805,-0.8073585,-1.0910842,-0.7322187,-0.92001784,0.3659794,0.7767859,-0.87187046,1.605182,1.1273878,0.6287006,2.3915904,1.8301853,-1.5667552,-1.8045015,-1.4346443,0.21243104,-0.9144536,-1.1961913,-1.2540834,0.09220783,0.21407808,-0.51984936,0.9579782,0.47459626,-1.4156233,-0.37463164,0.27014223,1.8367456,-1.4001373,-1.8604228,0.5077791,0.07274782,-0.38188037,-0.37509084,-1.9791293,-1.0742636,0.630801,-0.23964962,-0.7664302,0.476751,0.17005402,-1.089243,0.62046367,1.7178694,1.0850191,-1.2771748,0.08784789,0.14776662,1.0333538,-0.6647745,-2.277326,0.13874933,1.559085,-0.0278117,1.2340236,0.40844512,0.56139576,0.31405136,0.28420657,-0.039652187,1.3840929,0.09581553,-1.3137704,-1.3760437,-0.46946886,-0.6323394,-2.013444,-0.1414505,1.2266799,-0.038509957,0.655223,-0.055992004,0.6672347,0.5924491,-0.43754682,-0.5263139,2.0811403,0.710663,1.1758696,0.81377184,-1.3810313,-0.23315345,-1.4003817,0.13447864,1.8528501,-1.9344038,1.7333949,-1.5328443,-0.8390653,-0.8854084,0.41463506,1.9621118,1.7323741,0.5227454,-1.3644217,0.004950174,1.734455,-0.32850012,0.016927855,-0.68414557,0.6270525,-0.6984072,-0.9209682
R03B,-0.21934259,3.038138,1.7206197,1.6433564,-0.87320065,-0.022228265,-0.43809977,0.13903801,-1.5397441,-0.2171641,1.432186,0.87989897,0.06521682,-1.4382988,0.1010509,-0.17316245,-0.6709672,-0.20957069,-1.0278317,-1.1552172,0.47976002,-0.13210113,-0.41137022,-0.8752458,-1.9085376,-0.26557675,1.1763453,0.6875612,-0.65232223,0.6980025,0.35164887,1.8346883,-0.4502406,-0.65544564,-0.1766737,-0.2764716,-0.683485,1.1051528,-0.60676694,2.0398767,0.98614186,0.6942035,0.20611857,-0.41669387,1.1859863,1.1350793,-1.2010243,-1.3147986,-0.65077716,0.6886361,0.8908921,0.37473708,-2.0724583,-1.1871849,0.54363555,0.43460009,-1.1822621,-0.873666,-0.5614236,1.907005,0.53635025,-0.24828564,-0.11798718,1.7827446,1.5662377,2.6913466,-0.82412046,-0.32027242,1.1232623,-0.3568388,0.47531965,0.28019306,0.92275804,-0.3299236,0.7522917,0.5131326,0.8923835,-0.3080123,0.3760084,-0.044529717,-1.823797,-0.8329051,-0.16659987,-0.6305096,-0.20034297,-1.4962131,1.3776557,0.923372,0.57410395,0.27273294,-0.46051008,-0.10251948,-0.09252414,0.51353735,0.48529506,-0.37897134,-0.27020922,-0.54228044,0.3059869,-1.7577208,0.28307793,0.84246284,0.84437376,0.42734998,1.9269056,0.10985906,0.4364509,0.41269788,-1.5749692,-0.11180459,0.9107579,0.18540747,0.46320704,0.24215981,-0.7437572,0.97434026,-1.6004468,0.76227665,-1.6170889,-1.4040782,-0.1685879,-0.7772758,-0.60155207,-0.028049987,0.4989437,-0.7939971,-0.7815074,-0.0053645154
R03C,-1.9100074,0.886034,-1.2511106,-1.7455107,0.115598336,0.40310243,0.95184815,-0.10258803,0.38566694,0.37984005,1.4092021,-1.3740113,1.436446,0.89883024,-1.3206817,-1.7602992,-0.86446875,0.27305913,0.9470185,-0.6356453,-0.77170795,-0.15329051,-1.5883638,1.0823127,-1.4808167,-0.7183609,0.60159516,0.20163584,-0.27102178,-0.33877063,0.86461675,1.717792,-0.09953656,-0.2211008,0.8998806,-0.15362313,-0.20923498,-0.8870602,0.6001724,0.16256489,0.8541181,0.43229902,-1.4014205,2.4812884,0.11497754,0.03062189,0.79279625,0.8362906,0.6975938,0.8380428,1.071846,-1.9192469,-0.088161625,1.0493007,1.7517625,2.3399699,2.0033808,-0.1145462,2.6141777,-0.85654455,0.080687486,-1.6869031,0.42413417,0.5520327,1.3720288,1.00781,-0.22932024,0.20682798,-0.0036951806,-0.62834543,-2.288717,-2.480609,-0.58487004,-1.7189848,-0.6942173,-1.1302279,-0.76584375,-0.24096987,0.65617263,-0.39352036,0.60386413,0.5191278,-0.65591764,1.2288783,-0.11081742,1.6295972,0.033023555,-1.6599593,0.83073515,0.50060254,0.16440272,0.03957641,0.5182231,-0.52945566,-0.2632283,0.6491276,0.57073987,0.55582196,1.4590402,-0.6929182,-0.59656245,0.1665038,-1.3421499,0.65922296,-1.5278757,1.6427429,-0.10628708,1.7724015,-0.34782717,0.25896496,1.904948,-0.18494846,-0.29513884,-1.9738177,0.13799088,0.5622961,0.46191534,-0.45204553,-0.78923357,0.6996347,1.0716524,0.12582386,-1.1522197,0.93542,-0.34812936,0.31753808,0.7798354,1.1138519
R03D,0.8944826,2.3757331,0.24973483,-0.84841883,0.50870675,1.1935347,-0.7860089,0.502276,0.048157815,0.23406613,-0.43774086,0.0036033366,0.82644314,0.84281445,0.042231504,0.010220659,-0.66422033,-0.46072137,-2.076073,-1.6616385,0.6431076,0.10620297,-0.44550148,0.9452487,-2.1169615,0.09827023,0.6209184,1.052528,0.03744203,0.569903,-0.30684465,-0.86425817,1.6681159,2.6748555,-0.7840693,-0.5094664,-0.5256792,-0.15204896,0.49278536,-0.7681103,1.3590473,-0.73208594,-0.10348707,-1.032205,-1.3372539,0.25349486,-1.4994628,-0.46781415,1.0376887,-0.43642876,0.64215916,0.74680805,-0.39910915,-0.7265035,1.1498755,0.64781606,0.7296175,1.4271351,0.36330083,-0.8483696,0.05828407,-1.4180627,0.41526225,0.3783408,0.6089291,0.051984154,-0.50080836,0.5448765,0.10930888,1.537677,-0.95875704,-0.66912246,0.7080667,-0.32959306,1.5839744,-1.6871647,1.0121031,0.029702326,-0.9651858,0.17943916,-0.799987,1.5422266,-0.7463759,0.16989984,0.08103076,-0.33972946,-1.5119851,0.91063035,0.4977757,0.25257823,-0.0934628,0.737914,0.53498185,2.1758914,-1.4557773,0.48653775,-0.7371967,1.8055165,0.21073212,0.5526051,0.22378503,-0.88229483,0.643518,1.1857159,-0.33974764,-0.32273033,-0.5214098,-0.45301673,0.74522996,0.01686044,-1.1574975,1.4892831,0.45231515,-0.5149347,-1.2323848,-0.2792455,0.016541947,0.6297959,-0.40402177,1.1934602,-0.29513514,0.11906334,0.5106775,1.6904835,0.8587882,1.0847801,0.837868,-2.2594955
R05C,0.5586982,-0.04865514,0.07121609,-1.688251,-0.4064929,1.9152668,0.4044357,-1.1476852,-1.0294574,1.2181863,-0.83690494,-0.68820405,0.779503,1.061809,-0.34160802,-0.73127544,-1.1478547,-0.71495104,0.74627763,0.101778515,0.6580062,0.8810917,0.44285417,-0.6411297,2.0556943,1.7417036,-1.1493114,1.1752356,-1.2785182,-0.40975863,-0.658072,0.36369312,-0.18492973,0.2059572,-0.17103775,-0.37155333,1.4813234,-0.047969133,-0.5044986,0.049279004,0.5493032,0.6562532,-1.125104,-1.1110809,0.753226,-0.21203817,0.24654983,0.5222009,-0.9266636,1.7065113,-0.28182635,0.24663243,0.85671204,0.7302845,-0.016110102,1.3326107,1.3559525,0.4838777,0.56944513,-0.23685975,-0.43943202,0.36128256,0.033647016,-0.07123958,0.46670592,0.10520357,1.1374167,0.28845957,0.8270809,-1.7099553,-2.1534247,-0.16086179,0.19439456,0.17534527,-0.40526247,1.7079829,1.0843862,-0.3187668,0.20611091,1.0855242,-0.4646258,-0.6287123,-1.1572312,-1.9382029,-0.7428786,0.030956147,1.1390803,0.34015822,0.6566261,-0.78956515,-0.091990866,-0.05655551,-1.6169276,0.35008368,1.9660298,0.99862677,0.6181628,0.17995694,-0.44303265,-1.3474888,0.3757422,-0.5126974,-1.5106207,0.101031505,-0.5328276,-0.906773,0.58670396,-0.16046876,1.1695594,0.73612463,0.75261545,0.30633214,0.68407214,0.5664826,0.9862733,0.38115945,2.102283,0.8431944,-1.2821717,0.14124641,-0.5646674,0.3308683,-1.4302466,0.54917145,0.17561541,0.27614006,-0.014157644,0.34331393
R05D,-1.349661,0.4181424,1.3240107,1.1777269,1.2152393,-0.7599578,0.9210792,0.36135733,-0.03118,-0.15423979,0.7986338,0.81872195,-1.7784007,-0.47405893,-0.63008136,-0.4993165,0.8643996,0.45507464,0.53628665,-0.11536195,-0.6929774,1.1281925,1.4018935,-0.5417233,1.2945634,-2.474281,-1.0192758,2.2430818,-0.7548297,1.2408891,0.31814516,-0.29967162,-1.0278808,-0.5383673,-0.055436183,-0.1805365,-0.025788583,-1.3857206,0.91528,0.46864688,-0.30376962,1.2807677,0.17443202,-1.8110555,-0.987777,-1.2173531,0.98392475,0.5211785,-0.42990845,0.20318142,0.5663245,0.8747196,-0.8598299,0.5440541,0.30774415,-0.04414895,-0.5965356,-0.292456,0.2684382,1.871521,-0.8866167,-0.26247734,-0.12169911,0.13964123,1.2856035,-0.111466154,0.42578736,0.17578018,-1.0985297,0.084611624,-0.4398486,-0.679036,-1.5733331,1.5915847,-1.3906144,-0.807195,0.019067012,0.14806019,-1.4554615,0.008170165,0.46938714,-0.39954162,0.15597485,1.1836004,1.1627847,0.48057544,0.041624215,0.58839726,-0.032535713,-1.2454667,-1.0147184,1.980703,0.3059672,0.13592133,0.254097,0.84764504,1.7401986,-0.8461291,0.0010584134,-1.6263912,-0.0030006275,-1.3561629,1.8642445,0.9193693,-0.038497686,-0.15965943,1.5390376,-0.98786676,-1.7753841,0.058658846,-1.42228,1.3403378,0.27171725,0.7267206,-0.778363,-0.7230709,2.2022073,-0.46925342,0.64715576,0.9672821,-0.8344772,0.41281554,0.5904922,0.33960316,-0.40215078,1.0060884,-1.2040093,1.6845094
R05F,-0.7562362,-0.29261744,1.2747109,-0.6947138,-0.7596996,0.018092018,-1.6362995,0.50413245,-2.0123556,-1.3558971,-0.5896133,0.39669672,0.18494767,-0.88462543,0.090242416,-0.9191679,0.71478724,0.6221689,0.06774745,3.3193896,-0.26499274,0.78293025,1.7565769,0.9531238,0.99201775,-0.45012552,-0.99503917,0.18628438,2.114602,-0.13073541,0.6375173,-0.37355658,-1.2753125,-1.582151,0.14963058,-0.8320015,-1.269671,0.03843096,1.4343187,2.431538,0.9090225,-0.3960345,0.77178276,-0.6016952,-0.39781013,0.76736224,1.2892116,-1.5444162,-0.036344036,-0.28499892,0.86586773,1.7649316,0.18178882,-0.31742847,-0.7737844,-0.9518828,-1.5085045,1.1289085,2.1534553,-0.9814104,-0.02467625,0.30884397,0.40817383,2.5520406,0.13451256,0.052764677,0.099543214,0.3557159,0.723846,0.634396,0.3574096,0.105783805,-0.75470793,0.15992753,-1.050118,0.20989805,-0.5042528,0.5644669,1.4812237,0.80741787,-1.0314798,-0.97430986,0.83406585,-1.7459959,0.90372396,0.29117116,1.6069255,-1.0175555,-1.1113175,-0.6516608,0.19989906,-0.620007,-2.0790553,0.38342726,-0.95705074,-0.6965171,-1.0609885,-0.9846481,0.30706784,-2.2165012,0.79571253,0.96976364,-0.6636234,-1.5890204,0.4419437,-0.50418913,0.56986475,0.3054644,0.29543233,-0.9501126,0.58496493,1.70086,0.43324924,-1.6006358,-0.28725848,-1.362585,1.2362173,0.8862887,1.21822,-0.902429,-0.5726149,-0.123250045,0.3288481,-0.95919347,0.85551137,1.019271,1.1334476,0.030525506
R06A,-1.2726666,-1.2710382,1.6105328,-2.2325315,1.1986723,0.81129557,0.8554212,1.2043674,-0.35595644,-0.8258475,0.4195085,0.059718817,1.1456482,0.6121167,-2.3483422,-0.9289442,0.13402666,0.8991094,-1.4694496,1.8546458,-0.49657747,0.40609968,1.6351459,-0.06860505,-0.5841481,1.0372157,-0.41867363,-1.4855298,0.84550583,0.56223184,-1.752763,0.8990603,1.578477,2.387302,0.81343144,-1.7256693,-1.6409489,0.7555504,0.14331424,-1.7657603,0.005611523,1.0476679,0.20433417,0.14412802,-0.5867016,-0.34310213,0.3877639,0.076021,-1.2371919,-0.23646145,0.3562185,1.2555434,0.68459547,-1.1774744,0.6327128,0.5351047,-0.76020765,0.09112245,-0.82448876,1.7807038,0.70297384,0.85504717,0.16218647,-0.43366835,0.17260969,-0.5264103,-1.0585471,0.4881328,-0.91516715,-0.690925,0.080302015,0.15601602,-2.5639029,-0.21616617,-0.35815936,-1.3787409,0.079714805,-0.17535464,-0.7295362,-0.5597214,2.2214503,0.48973608,0.75902003,-0.75882393,0.21366355,-0.8556243,0.20213272,0.6461391,1.1462519,1.269845,-0.44491145,-0.9661112,1.0858167,0.078239515,0.6618825,0.55043876,0.399128,1.0196874,-1.8513867,-0.2915687,-0.79297686,1.1746745,-0.37597474,-0.86777705,0.48026702,-0.245485,-0.29413974,-0.87494653,1.647895,1.1539547,1.1103032,1.2948692,0.5128369,0.47443894,0.12041289,1.1079445,-1.6962615,-0.31432888,-0.50305605,0.64730215,-0.39427674,-0.1349275,-0.09444359,-1.589764,-0.12756336,-0.12221232,-0.6717691,-2.2143598
R07A,1.4316951,0.43030334,-1.182286,-0.9454906,1.7965375,-0.5931253,0.107970655,-0.92824274,1.3286846,0.2614746,0.15596601,-0.1906583,-0.1395986,0.8763584,0.9516394,-1.0917091,0.48722863,-0.031834137,0.26851603,-0.18744859,-0.21117033,-0.36045974,0.66407067,-0.8784791,-0.81933045,-0.8184451,-0.41816285,-1.138523,-0.5450273,0.67060393,0.76540214,0.40971696,1.6370387,-0.42835096,-0.31997058,0.7362939,0.9963346,0.6781248,0.8970628,1.5281543,-1.2183506,1.3607354,0.4086992,-0.86724466,1.1356392,1.3345116,-1.1729735,-0.7282824,1.2492454,0.4531169,-0.057857316,-0.012084938,-0.50159377,-0.4478857,-0.20893355,-0.69068515,-0.57937694,-0.6365615,0.5053301,-0.34793684,0.4351694,0.18643622,0.9897969,0.482707,-0.010511839,0.92764455,-0.862425,0.22300953,-1.0864381,0.884027,0.4429994,0.7403792,-1.6763082,1.6784981,-0.7699803,-0.5300704,-2.3197312,-0.3513201,-0.9069137,0.6416242,0.7797465,-0.9265858,-0.30550078,1.0072478,-0.8549226,-0.3008803,-0.060926225,-0.5182991,-1.282162,-1.4820014,-0.5945806,0.4997608,-0.24215658,-0.2615568,0.37236866,-1.3545227,0.5343938,-0.9538276,-0.91744983,0.40726632,0.38359323,0.16254319,0.5589527,-0.09800055,0.20727827,-0.3417666,0.3226911,-1.6355699,0.56144184,-0.75368285,0.20999059,0.46368548,-0.56237966,-0.49841282,0.2709559,-0.3452459,0.73216844,0.8155264,-0.7591478,-0.32499132,-0.2502579,-0.98967445,-0.4216364,0.45209303,-0.009787892,0.22004855,-0.8995697,-1.1662791
S01A,0.7608738,-1.9366456,2.7280312,-0.80211025,-0.24734248,-1.3659625,-0.69918287,-1.4256717,0.5858253,0.7718852,0.8816076,0.18491538,-0.027564846,0.96674025,-2.2661788,-0.14644152,0.5055916,-0.06573127,-1.0634613,-0.81751347,-0.4587079,0.36535493,-0.5802449,-1.4787934,-1.2156074,1.1376151,0.33201405,-0.32082078,0.7276047,0.3448652,1.2206153,-0.5324536,-0.48111698,-0.4386704,-0.8951878,0.18705656,-1.2926601,0.7760764,-1.1573596,0.7827875,0.8943152,0.45989224,0.45565927,0.19613317,0.58491284,-0.7695843,1.8047011,-1.4917707,-0.3501411,-0.01873311,0.3711281,-0.2151717,-1.3688382,0.13960081,-0.3452405,0.6676771,0.87674356,-0.08600216,-0.28647187,0.704035,2.5149689,0.521403,0.31158617,0.3851138,1.0254678,0.088856146,-0.98155564,0.38327226,-0.51670796,-0.01988917,0.0014414582,0.9676055,0.85884297,1.182899,0.2972688,1.8579108,1.4597527,-0.20759672,1.0532396,-1.3077432,0.27579105,0.4088902,0.76379263,2.1827545,-0.9211487,0.010038246,1.8628781,1.7165511,-0.9077649,-1.7153614,0.12217273,0.4116968,0.90514755,1.7640723,-0.4189167,-0.60269946,-1.4010311,0.1516774,0.5027457,0.44709072,0.27718124,0.5064916,-0.53391284,-1.70021,0.35635686,0.017858626,0.67634934,-0.1986439,0.354277,0.0152059,0.70212233,-1.2042507,-0.40358588,-0.0112518575,0.13799255,0.3820697,0.7463704,-0.42929682,-0.36812103,0.5980356,-0.36951682,1.5062518,-1.327383,0.26966524,-0.6241444,1.935986,0.44031164,-0.29928175
S01B,1.713291,-0.26855472,-1.2201418,0.7415206,0.88367176,-0.66642123,-1.0157481,-0.89068514,0.48411286,-1.5226036,-1.7883971,0.19522746,1.2289271,-0.88087064,-0.135348,-0.15120813,0.9472762,0.5819986,0.07131611,0.35687673,0.7641018,-0.661049,-0.23146653,-0.89099944,-0.29244223,-0.42195266,-0.6778683,0.011185266,-1.3451122,-0.5022441,0.042879947,-0.29377946,-0.6444385,-0.13623822,0.033931814,-0.37932777,0.18975537,-1.1394792,0.28538677,-0.5136322,1.4499847,0.61200154,-0.23803006,-0.2191252,1.046023,0.10984036,-0.17846273,1.086768,0.88117325,0.15748191,-0.09912622,1.6121703,0.58880246,-0.027789205,1.2069585,2.222706,1.3142625,0.3400212,-1.4565259,0.77242595,-0.1656593,0.8408857,-1.2772624,-0.6715937,1.0180938,-0.3620735,-0.6955202,-0.46482542,-0.6240107,-1.1333594,-0.34857,-0.6750628,0.38175166,-0.21182178,0.059359137,0.48994306,2.9838197,-0.08788813,-0.3046764,0.5579892,0.19288597,0.59110916,0.5624475,0.3034709,-0.34959215,-2.941762,1.2943279,-0.018248346,-0.36848167,0.83258456,-0.010756806,0.5451736,-0.13297936,0.573506,0.54650927,-0.109736554,0.2136835,0.27826586,0.3333761,0.8116636,2.542633,1.0340335,0.43096834,1.727521,0.12981142,0.28761733,0.6571233,0.7642781,-0.4951577,-1.2018682,-1.704686,-0.12965311,-0.51406586,0.086469315,-1.6568327,1.4983029,-0.111505,1.5483946,-0.08444817,0.458323,-2.3188772,1.341929,-0.09528081,-0.36817673,-0.7315642,0.2683538,-0.19033161,0.18221042
S01C,2.255337,0.19776502,-0.13058913,0.24851903,-0.6291475,1.0267773,-1.5876666,0.07438595,-0.4646823,0.48287943,1.6099052,1.4588653,0.39432743,-0.43472064,-0.296082,0.5367427,-1.110474,2.3982306,1.2395202,0.058000207,0.6162759,0.7699,-1.30722,-0.27984053,1.4110479,0.3280382,1.7911456,-1.4329408,1.4742805,1.2339668,1.3175025,-0.18514703,-0.8381117,0.1815785,0.41311106,-1.6556592,0.5977394,-0.15482284,-0.450951,0.28814295,-0.71714354,-0.48699075,-0.13594459,-2.457346,0.5460628,-0.17037828,-1.246441,0.5927278,0.7902191,0.66548073,1.2847601,-0.5289635,0.46227336,1.1759014,-1.3391771,-0.8571021,-0.5483278,-0.50033695,-0.5547914,0.9163178,0.7567409,1.4805473,-0.25233564,-0.22591072,0.5835517,-0.32328075,-0.6536646,-0.26237154,-0.00021476395,1.961449,-1.7552767,-1.5620897,0.69852996,0.68253917,-0.35230547,1.0207227,-0.5087628,0.98620224,-0.22810966,-0.6003943,0.16297269,1.0781733,-0.42728776,-1.4391617,0.4347228,-1.2620493,0.9091469,0.643908,0.68731624,-0.6612854,0.9541707,-0.7519461,-2.3006704,-0.8181817,1.9730738,0.27110445,1.5298058,-0.9832529,0.83440286,-0.85954076,0.5687703,0.10684847,-0.27995345,0.7845301,1.3812618,-2.0439003,-1.1351428,-0.88271576,0.48494673,0.22583888,0.93051654,0.21143545,-1.7535797,-1.5445048,0.33475178,0.019519594,0.30208284,-0.7761024,0.08962881,-0.23149201,0.85274506,-1.7812741,-1.7695931,0.38764456,-0.008603558,-1.3032135,-0.8130071,-0.28294066
S01E,1.7700905,-1.5580722,0.17185745,-2.0930195,-0.3568413,-0.24334657,-1.607361,-0.932093,-0.7766721,-1.0614942,-0.0012902825,-0.3753008,-0.5583269,-0.9745505,2.3819625,0.45556536,-0.0572899,1.1923119,1.7814014,1.1052235,0.37873036,-0.040377043,-0.8755674,-1.4412345,-0.25737333,-0.4545258,0.18390702,-1.8676107,-0.6881484,0.4029907,-0.9192293,-1.9225503,-1.210186,-1.078882,-1.3415192,1.7305192,-0.13685066,1.4428011,-0.101734124,0.75244987,-1.1755903,-0.6902048,-0.3364556,-1.6109387,1.6736475,0.24346864,0.10074307,0.67749715,0.210606,-1.4694107,-0.50208044,-0.13794792,-1.946905,-0.58334404,1.6337715,-1.2979327,0.039097544,-0.2591884,1.0608535,-0.05719837,-0.9427212,0.7947273,1.3959306,0.8128062,0.9283287,0.98259246,-1.1563812,-0.4434064,0.31262496,0.14791082,1.0218518,0.024032645,0.48749238,0.304987,-1.0196798,0.37828648,-1.7048663,1.3012472,-0.52597606,-0.76242477,1.3780544,-1.5497003,0.05888291,0.1655911,0.42758226,0.40891582,2.1368678,-1.9870372,0.1967279,-1.3234547,0.9903987,1.3166002,0.90459645,-1.8359299,-1.7407775,0.05458909,0.37435117,-0.32082346,0.8724685,-0.49665704,-0.18499392,0.3043609,-0.37263975,0.47962505,0.73252684,-0.40784273,0.6420159,0.20218714,1.045499,0.06333405,-0.008969167,-0.7691465,0.60565513,0.43855262,0.19944996,1.2500955,1.6838909,-0.5748375,0.28929287,1.2748255,-1.6336724,0.2529254,0.5712787,1.5746222,0.14787857,-0.38265544,0.4530477,-1.2061255
S01F,0.45332822,0.6876352,-0.92193484,-1.2274384,0.8152402,0.32756296,-0.31331754,0.017600209,-0.6408138,0.62342757,-1.0734165,1.964351,-1.0252036,-0.5769342,1.3445306,0.4212978,-0.49961248,0.089659,1.2288796,0.011849443,-0.56698227,-0.2543373,0.2389843,0.33672103,0.9936627,-0.26330116,0.26735342,0.07045723,1.4700042,1.1062387,0.29422137,-0.67832726,-1.3413799,-0.8871555,0.39347696,-0.543554,-0.4258472,0.12049278,1.301769,0.72452307,-1.7173915,-0.29253748,-0.5707869,-0.349036,1.1241403,0.54812396,0.20495111,0.22479291,0.6140664,-1.3834002,2.085076,-1.1712127,0.06849323,1.8401593,1.1264405,1.1328311,2.2555232,-0.6257141,-0.12098721,0.2850807,3.0683644,0.19831227,-0.41654772,0.36735365,-0.08372187,0.6122969,-0.1556529,-0.91926116,-0.75087,0.00817834,-0.15639141,-0.07506899,1.9180113,0.029775485,0.5807264,1.2503793,-0.59159684,-0.21270089,0.58671236,-0.4023369,0.24126671,0.67376125,0.51869327,0.18802322,-0.41318032,0.48753646,-0.66964906,-0.57913536,0.5094065,-1.2945888,0.032336757,0.16121335,0.9693679,0.054146748,1.4406168,-1.8146918,-0.30238566,1.75011,1.0304562,-0.05174491,0.33969268,-1.0566113,-0.84055984,-0.09556106,0.93454,-1.8859695,-1.305021,0.36657417,-1.0945073,1.416871,-1.1071767,-0.086417004,0.7088405,0.737817,0.90803653,0.5908139,1.4826343,1.616564,1.0349531,1.7902981,1.9541134,-0.08910148,1.267402,0.39659092,0.52176034,1.0816989,-0.6062263,1.7355835
S01G,-0.05029206,1.1954064,0.7083389,-0.82910097,-1.0406705,-0.5903688,-0.8925698,0.79738146,0.80818504,0.8897313,-0.11852693,0.45236897,0.6189799,1.2378882,0.36096603,-0.78929824,-0.93511564,0.7167742,1.7467654,1.0295609,-0.6791872,-0.62327033,2.313234,-2.011699,-0.2708811,-0.6239966,1.695196,-0.006293625,-0.9837528,1.6447973,0.94797033,-1.0629356,0.9362946,-0.23632784,0.26050174,1.9301343,-1.1654137,-0.42147532,0.28814518,-0.9715285,-0.02493571,-1.4362576,-0.9957621,-0.7182086,1.853807,0.53720874,-0.8537786,-0.36073208,0.33423665,-1.4431322,-0.91033936,-0.92254657,-0.33934352,-0.008347354,-1.742586,-1.2133696,0.7841217,0.50592655,-1.8413243,-0.49311477,0.07013364,-1.6632158,-0.42554697,1.2741627,-0.3514814,-1.863029,-0.03687332,-0.9626278,-0.6450151,-0.6800419,-1.021733,0.51656985,1.7477082,0.47006607,-0.7157247,0.7974083,1.1653757,0.96285516,-0.38890573,0.20421182,1.8945574,0.57038003,0.583982,1.1524204,-0.61229193,1.4191785,1.2001183,-0.12892331,-0.44884282,-0.47446018,0.9515673,0.35517856,2.3307118,-0.538471,-0.5140415,1.3284814,-0.49275586,-1.2570497,0.18252587,-0.027464041,-0.030305063,-0.86367947,-0.8296822,-0.55322504,0.8925971,1.8287935,-1.036346,0.51889646,-0.8121784,0.50107837,-0.80633616,-1.2669888,1.8151242,0.69189316,1.3335603,0.43595418,0.6434279,-0.6003049,0.8179628,-0.7659073,1.4427391,-1.5519121,-1.6655548,-1.3265402,-0.06356602,-1.9420413,0.272466,0.0034295244
S01H,-0.8677479,-1.0333756,-2.6881394,-0.5423947,1.171415,0.22307782,0.53621185,-1.1509917,-2.373299,1.3506603,-1.0386196,-0.63302886,-0.70421517,-0.22773297,-0.88513654,0.5966533,-0.2810219,-0.19531947,1.8800414,1.5926703,-0.46325472,-0.3469615,0.5277823,-1.4479885,-0.958143,-1.1194924,0.0031603428,-0.95197237,0.47515315,0.78508866,0.21603526,-0.87555444,-1.2907374,-0.07191903,0.9999689,0.37578723,-0.9741081,0.079428926,0.30449405,0.36975095,0.7362173,0.35029626,-0.5972291,0.2853679,-0.8033523,-0.07845444,0.8328949,-0.8774623,-0.035053167,1.4341253,-0.44248316,0.5685956,-0.20614856,0.04520474,0.6132354,-0.2467463,0.97201645,-1.0952139,-0.2135047,-1.029374,-0.34302327,-0.7538664,-0.7549322,-0.65574396,-1.3774334,1.6026297,0.07939822,0.951244,1.5469552,0.21517801,0.25438255,0.18075208,0.30673802,-2.1279886,0.91344213,0.55544066,-1.0450536,-0.07657388,0.6008484,0.61540383,-0.22773279,-2.0359173,0.56776124,0.64922637,-0.57851195,-0.51820374,-0.40779498,-0.29106003,-0.3528597,-1.9270439,-0.51900685,-0.31869146,-1.6188072,0.106358334,-0.33015585,-0.20751882,1.190601,-0.48838213,1.5637254,0.9561063,-0.032273088,-1.3233182,-0.38456887,0.20495324,-0.35433415,-0.03144509,0.7693248,0.41249815,-0.23608088,0.050401114,0.69282216,1.0638722,-0.3698641,0.17123647,1.3624766,-1.7744279,1.1376729,0.11790072,0.62493557,-1.2993376,1.3765571,-0.44325924,0.7616412,0.96801317,-0.02671936,-0.2738454,0.8395327,1.4657525
S01K,1.4135493,1.2117616,-0.76179373,0.738041,1.8828765,0.25636482,1.6753126,0.13305151,-0.4170989,-0.7543347,1.1927317,0.74110895,-0.30983794,-1.0123354,-0.039513692,0.05994555,-0.35295486,-0.49611518,1.9584178,-0.08067546,0.78305334,1.6117872,-0.40672585,0.5723382,0.21688883,-1.8927205,0.7383993,0.49808264,1.7003735,-0.7329807,0.4391973,-0.8595298,0.044628907,-0.35344777,1.2045996,-1.8319298,-0.71495473,0.10272412,1.5132457,0.9241803,1.4047006,-1.1906499,0.47529852,0.52638674,0.07421196,-0.64409757,0.42817718,-1.7312956,-0.01193317,0.028251098,-0.63504463,-0.9953192,-0.10285,0.77281004,1.0880022,-0.8147531,0.60006976,0.45930442,-0.8103808,-2.1051624,-0.19836916,1.3114611,-0.5067435,0.64821845,1.0714253,1.7505752,1.4441773,-0.38264763,-0.5722921,-1.5607952,2.0808034,0.19664544,-0.011923113,-0.5967717,1.2448001,0.53286284,1.4390134,-0.785011,1.6347773,0.90704155,-1.5460727,0.00034783472,-0.19690034,1.9468285,-1.4930885,0.11302938,-0.9480533,-0.72658044,0.06187647,0.39461592,-0.53620297,1.6284009,0.48589092,0.8544568,-0.538826,-1.8602672,-0.38083628,-0.10686374,1.3186976,-0.36277327,0.67862296,0.95586455,0.05474305,1.0283276,0.44216004,1.4208211,-1.2342302,-0.8410834,0.12095639,0.27541164,-0.2584826,-0.3653676,0.57306355,0.76034516,-0.37047517,-0.0211917,-0.03244919,-0.311448,0.54089886,0.72658235,0.8172955,1.2494991,-2.0100152,-0.061255302,-0.65140694,-0.49100056,0.20019408,0.15643877
S01X,1.8288747,-0.30726546,-0.46747565,-0.054571584,-1.5145593,0.45805997,-0.35915515,0.8482984,0.39154878,-1.7221535,0.14588726,0.22114636,-0.2526077,-0.3100305,-0.63770497,0.34813023,0.80178106,-1.1516395,1.1715441,0.46552318,-0.44622397,-1.8691539,1.1726848,-1.5880346,-0.051174864,-0.5397979,-0.2804852,1.3188828,-0.27130818,0.5448257,0.27169535,0.039587244,-0.8190902,1.8279448,-0.31389475,-0.9853863,0.5363245,-0.27133533,-1.7353902,-0.8763284,-0.9189366,-1.1556044,0.51701874,-1.7312088,-0.35073656,0.31559736,1.8331941,-1.2209432,0.13450252,-1.5606133,-1.553675,0.1930513,-0.40784094,1.0574265,0.60993767,-1.5198804,-0.17109759,0.91423315,0.54436386,1.2807863,1.0563436,0.33004954,0.72346556,-0.021561915,-0.54311967,-0.39711243,-0.5976565,-1.5575845,0.29532695,-0.24995127,-1.6005447,-0.8111468,-0.29327855,2.0660148,0.46847114,-0.103112295,1.8615515,0.98136276,-0.54357386,0.762653,-0.7491146,0.1545211,0.27380618,0.56472164,1.2021636,-0.5189855,0.29232776,-1.1542146,1.0716791,1.4079264,-1.5208105,0.4089822,0.691927,0.52811265,1.6936516,-1.2994105,0.15813822,-0.3699193,0.49621415,-0.62081444,-0.3577728,-0.8215134,-0.6477268,0.018874872,0.6409166,2.016261,-0.6757426,-2.1618743,-0.9159034,0.4504308,1.5566037,1.7790338,0.33935302,-0.31075588,0.2870241,-1.4490243,-0.25784716,0.9595353,-0.026826564,0.635822,0.4945862,0.5043747,-0.5327431,-1.3013412,0.5373618,0.0945132,-1.7362175,-1.2274019
S02A,0.13300528,0.68073404,-1.3245096,1.9428711,-0.6307425,-1.4300497,-0.30734035,-1.5172397,0.48397663,0.4186497,-0.826421,0.9107109,0.46110216,-1.4883225,0.5496408,0.42668685,-0.7718216,-0.75116336,-0.822449,-0.4445362,0.25201833,-0.5863101,1.2686331,-0.94900435,1.6091202,0.64280254,0.21222217,-0.4979983,-0.6980691,-1.4606731,-0.71871334,2.895709,-0.555021,0.17027806,0.4340115,0.65486604,1.3557267,1.471477,0.8010968,-0.082118325,-1.020957,1.2775828,-0.47025028,-1.2970365,0.022939192,0.24396306,-0.12573116,0.9611366,-1.5140584,0.5262125,-0.72451746,2.0281794,-0.78263044,-0.7822927,0.44982496,1.1818075,0.31820598,-1.4175024,-1.6650587,0.06633957,-1.2326138,0.8243733,-0.20802473,1.0011697,-1.3568013,0.36898643,-0.41274542,-0.5473986,-0.22470261,0.61588854,-1.7803509,0.68891823,1.5390767,0.08450313,1.3426725,-0.29833764,-1.2915868,-0.8222547,1.184095,-3.0078213,-0.79970026,-0.1351247,-1.0105116,0.5271497,-0.0801249,0.10556439,0.51810616,-0.6484439,0.0042583914,-0.55391055,2.318811,0.6025349,1.5781417,-0.37985379,-0.15745139,0.577048,0.8476726,-0.87353116,0.32281145,0.16380455,0.4696704,0.2114919,1.4515383,1.8544562,-0.63857394,0.026997382,-0.5456375,-0.019788858,-0.8268123,1.5634998,-0.09615765,-1.3435318,0.5567356,-0.5667387,0.46388668,1.6120359,0.8582079,0.68360966,-0.2975941,0.12573355,-0.53198826,0.04611275,-0.8058365,1.4156389,1.0196822,0.27635077,-2.1464438,-1.0572748
S02C,0.7081471,-0.18639234,1.1561347,0.4380618,-0.069490895,-2.1697884,0.35175258,-0.8977705,0.56924975,-0.7121983,-1.4555744,1.2154588,1.1551312,-0.59504867,1.186364,-1.3193277,1.2601745,0.31330886,-0.3645124,0.7167406,0.58303577,-0.5064084,-1.3214654,1.7430229,-0.28246927,0.0053833853,-1.252867,-0.17083688,-0.33011302,-0.09784126,-2.3376632,1.2470504,1.1158725,0.38291684,0.38362545,0.4915552,-0.882306,0.3103017,0.5805862,-0.5362611,0.28026137,-0.06679973,1.0773522,-1.001773,0.44768164,0.9823857,-1.0385692,-0.539517,1.5916073,-0.29005468,-0.7920616,2.6368454,1.6633457,0.042731278,-0.19672468,-0.19975622,-1.8452462,-1.0408313,-0.06975499,-1.2292176,0.30907166,-0.33110222,0.3017131,0.5606029,0.905459,0.05000511,-0.4196949,-0.090466306,0.013081154,1.4555475,-0.38245237,-0.9144224,-0.5825555,-1.1749123,1.3366493,0.404043,0.48468846,2.4783702,0.4141444,-0.23107776,-1.597738,-1.4339763,1.386219,0.886943,-1.6041224,-1.1042655,-1.7229512,0.04826028,1.7940358,1.1483059,0.14113232,-0.2972465,-0.6599787,1.1223576,-0.33674067,1.8415028,1.5870609,0.29801503,0.26353586,-0.6065835,-0.71370804,-0.101441145,-0.40784356,0.20900884,-0.4267563,2.7703154,-0.0568416,1.3015959,-1.415384,1.3042799,1.2124662,-1.1772275,1.872098,-0.016677031,-0.71621656,-1.0565377,-0.9406042,-0.2088393,0.029947832,-1.1093708,-0.52842206,-1.6309603,-1.7162557,-0.91107976,-1.55949,-1.0357213,0.44154254,-1.0690999
S03A,-1.3179705,1.1841639,0.22256747,-1.133035,0.24523705,0.7227799,0.16020335,0.69029135,-0.008075885,0.26155016,0.23614198,-0.49344006,-0.13693704,0.7181539,-0.5056576,0.12477614,0.6642059,0.009462374,-2.0078852,0.39700687,0.20281276,1.1427379,-0.94722086,-0.35676202,-1.0850486,0.5161308,0.32790953,-0.1525429,-0.5803248,-0.6214315,0.30956644,-1.4326828,0.6182358,-1.1282194,0.31113026,-0.6958771,0.83874995,0.24222437,0.46119907,0.65185225,0.09701032,-0.332405,0.2395228,0.31223565,0.10249162,1.0218152,0.07661775,-0.8403876,-0.032304287,-0.40389687,-0.35485348,-0.0033611148,-0.13647544,0.66967547,1.0997496,-0.4802713,0.5381783,0.67631716,-0.50952506,0.6034102,-0.53839695,0.84819436,-1.309274,-0.94791275,-1.3730768,0.5545854,-1.403007,1.0462482,-0.35213995,0.59800017,0.7927251,0.19299749,-1.2909765,-1.4093082,-0.059994202,1.2597104,-1.3427819,1.2032201,0.2365419,1.0265777,0.27714497,-0.6694283,0.6694532,-0.8095204,-0.16411783,-0.90984416,0.68370706,-2.2476697,1.0283368,0.9318672,-0.7433176,-0.16706713,0.30400625,-0.038208,0.046911173,0.21840534,-1.0059131,-0.4076588,1.1375438,1.3676008,0.11893282,-0.36134654,0.43994397,0.48530692,-0.679802,0.41693577,1.0241944,-0.5641192,1.4375502,-0.24630253,-0.55349416,-0.8710189,1.0626054,-0.005003206,-1.4402955,0.54180527,0.39723825,-0.9443808,0.5796983,-0.5244586,1.082263,1.9219183,-0.9132303,0.6323565,-0.2697407,-0.34385034,1.1489567,0.45069116
S03B,0.61541647,-0.14366879,-0.15696217,-0.5663396,0.287404,0.45706117,-0.55747926,1.394021,0.58738726,0.39623374,-0.23528899,-0.020430718,-1.594269,0.9884315,-0.4264731,-0.4700278,1.237912,1.0497712,0.07154866,1.2258157,2.4440117,0.2629358,0.6890895,-1.100315,-0.7564288,-0.28269845,1.0514747,-0.69540846,1.4046954,0.982638,-1.5966945,-0.9655831,-0.086601354,0.21431684,0.49410358,-0.07507831,1.1938365,0.7564517,0.83655006,-1.3519052,-1.3686161,1.3953271,-2.1934779,0.6536652,1.8039317,-0.23315173,0.3822763,0.43467835,0.3853141,-0.9989982,-0.07328871,-0.3453255,-2.200156,-0.23166582,-0.054784976,0.5267589,-0.63680375,-0.8214464,-0.5305778,0.22234344,0.078069106,-0.74647903,0.6748612,0.3535131,-0.51205873,-0.139508,-0.49494672,-0.6815618,0.8591,-0.34840852,1.363394,-1.5494887,0.26132315,-1.876624,0.3158557,-0.054198116,0.38446003,0.10087002,-0.33892524,-1.8396949,0.34114575,-2.2447953,0.5958315,-0.47080028,-0.48121578,-0.10800237,1.2151488,0.10896525,0.8545852,-0.27272648,0.58713895,-0.40623096,-0.59164673,-0.7513141,0.16688503,1.8697321,-0.4112608,-0.63142806,0.25179765,-0.51699114,0.23408034,-0.16965929,-0.75159353,0.6682125,-1.650151,-0.38286445,-1.4429704,1.0399396,0.2206064,-1.1864817,-0.35052562,-0.37960517,-0.9140763,-0.43748865,-0.26449415,-0.0741599,-1.3656144,0.4886383,-0.04152766,0.4518148,1.7646025,0.14955357,2.2465482,-0.32382652,1.3935806,-0.07033557,-0.9948201,-0.08697524
S03C,-0.8039846,0.81373245,-1.3830825,0.7398768,0.96752256,-0.37882313,0.7953895,-0.10555032,-0.34371322,-0.67699504,-0.10472295,-1.5949701,0.3724554,0.49795485,-0.6685023,-1.3234395,1.3599555,2.8891108,2.5884151,0.2591666,-0.020194905,0.3753565,0.05579243,-0.31116566,0.4055349,0.46984574,-1.2693912,-0.70657116,0.5099657,2.380029,-1.5061624,1.1369646,-0.89705145,-1.392789,0.603656,0.11875352,0.07261325,0.47312337,-1.4518934,-1.1570243,-2.3984416,-0.64525896,0.050230607,-0.11152981,-1.3018585,0.6288668,0.09365715,-0.18293805,0.84944296,1.7012217,-0.6968842,0.47193202,-1.3448898,-1.634839,0.2579421,0.8385678,0.080145605,0.2158932,-0.6160665,-0.38436797,-2.3361928,0.14503722,0.5275294,-0.0011643035,0.0487512,2.7200117,-0.35218534,0.39028198,-0.9239408,2.468165,1.3269018,0.6451734,1.2313617,1.0418485,0.13235474,1.4404919,-0.97569096,0.586563,-0.6930992,-1.2741258,-1.3998514,1.8792936,-1.1303121,-0.72869766,2.6591876,0.8434752,0.85065675,0.27957636,-0.04835769,2.3108673,0.058756463,0.20521478,0.59171057,1.1246566,-1.8818903,0.22654715,-0.51221126,1.4104315,-0.2420397,-0.23798701,0.8233559,1.5146719,-1.4123594,-0.91773564,-1.1171223,-0.97263557,-0.7915207,0.684474,-0.63359994,0.19311108,-0.18205757,-0.42258596,-0.08086144,-0.36905986,1.599588,0.32860348,-0.16167526,-0.47697937,1.3723345,-0.52064013,0.5346573,-1.5882734,0.63641006,0.47080186,-0.035138756,1.1585207,-0.43645427,-1.7797234
V03A,-1.2919075,0.4183932,0.5568588,-1.0070636,-0.2775451,-0.98829615,-1.2059506,2.2310843,-0.017939566,0.5449103,-0.031558283,-0.8520758,-0.16124193,-1.1091272,-1.0538572,0.7493495,-1.5088974,-0.9344506,0.27390856,0.9754116,0.4043124,-0.30245602,0.44114447,1.3856809,0.35727954,-2.6767528,-1.0226521,0.62800246,0.63136375,0.7667509,-0.34530443,0.12596434,1.244419,0.9688375,1.0424333,0.7630055,1.3573797,-0.0979447,-0.10291701,-0.90206474,-0.87100923,2.6704183,0.09094806,-1.6167791,-0.029485963,-0.75378036,0.32184786,-0.6690915,0.2910748,0.68067014,1.4294827,-0.77591574,0.7351672,-0.73175734,0.12240278,1.2770314,0.27736548,-0.31883305,-0.7510814,0.38928473,0.05341253,-0.07728849,1.0952307,0.3368408,0.115500934,-0.18175599,-0.07581886,0.5207363,-1.8919722,-1.2099289,-1.1530976,-1.0243828,0.96679854,-0.34085524,0.023823757,1.8130332,1.0764451,0.4667286,-0.49711764,-1.0781648,-1.8806285,-0.6231665,0.694876,-0.597846,1.6570804,-0.27083606,1.7686797,0.675074,-1.3963469,1.0063621,0.3392208,-0.25481534,-0.11201747,-0.5677981,-1.120987,-0.6535511,0.46991354,0.48454896,-0.0248993,1.0354592,0.16613059,0.28792113,-1.6028637,-0.13937528,-0.7537332,1.6142348,-0.6442884,1.2121946,-0.084072575,-0.25790036,-1.1035191,-2.1029472,1.1716752,-0.22102204,-0.051501602,0.24793386,-0.66026986,-0.12111971,-0.2899074,0.60058343,0.2562766,-0.7402451,0.1971787,-1.074331,-0.15624994,1.7611681,-0.22821946,-2.0228755
V04C,0.5874797,0.14431469,-0.49282688,0.9795027,0.3965184,-0.3159846,-1.688453,-1.1233274,-0.0050911666,-0.7624017,-0.9131249,-0.3628417,-1.3958628,-0.18360299,0.0846384,-1.2437581,0.9470448,-1.669483,-1.342013,-0.048007727,-0.16614889,0.26064622,-1.4108064,-0.37740725,-1.8663437,-0.13329351,1.7285929,-0.6203863,0.13437949,0.6153119,-0.6341535,0.59328663,-0.19976959,0.5121256,-0.287469,-0.73112214,1.0920303,-0.18377608,0.56439406,-0.19628592,-0.8235326,0.26520765,-0.40793726,0.5727007,0.9853489,-0.36834878,0.036639303,-0.8232046,-0.03551319,0.7167018,0.12031947,0.2724004,0.8975984,-0.44401836,-0.4141934,-0.04545175,1.4498906,1.8544174,1.1221414,0.3457278,-0.060813587,0.3488538,-0.9297241,0.39626777,-0.13009728,-2.184756,-0.5498755,0.5359798,0.20693937,-0.27841198,-0.13406442,1.0252036,-0.19780679,0.3723435,-1.1610729,-0.6824246,-0.56025,0.1885367,0.2970228,0.21083967,-0.515964,-1.4681836,-0.4714336,-0.040403727,1.0808004,0.7196809,1.7236605,-1.9830317,-1.8193794,-0.30616102,0.8414383,-0.63839614,0.17743699,1.746801,-2.686998,-0.023379983,-0.3018948,0.4189158,-0.111266494,0.24450748,-1.0160285,0.6151009,-0.4566036,1.7764268,0.7316723,-0.59662515,-0.06909786,0.91060627,-0.4455045,1.0591516,0.85732734,0.22623587,0.23718917,0.0025834816,-0.25339636,0.95077986,1.0495471,-0.40994778,-0.47555238,-0.55082875,-0.58847535,-1.4281957,-0.5709343,-0.7371077,-0.46385556,1.5908526,-0.14187111,0.8805239
V06D,-1.0710154,0.57433957,0.5095029,0.550542,-0.57678854,-0.67140216,0.303246,-0.2011681,0.34101373,-1.054443,-0.9485213,0.0432255,0.105339006,0.41256112,0.44834757,0.699292,0.20858477,-0.44648063,-0.01682427,0.37641254,-0.2757653,0.34168518,-0.51646954,-0.18967415,-0.6844371,-1.5213321,0.021735586,-0.3909765,-0.7166376,0.41442418,-0.1452301,-0.2980027,-0.21337643,-0.67442006,-0.3854987,0.26546463,1.6301677,0.29535988,0.52631265,-0.49907753,0.37932304,0.21276303,0.18470132,-0.029097231,0.34015977,0.46280357,0.87970847,-0.7084704,0.15711024,2.4083016,-1.0158021,2.030717,0.079710305,0.3961513,0.41400304,-0.99058336,-1.3754164,0.6147332,-0.5304447,0.51132387,-0.32270336,-0.24214807,0.9103613,-1.23389,0.85060316,-1.2287588,-2.2408075,0.7587895,-1.7340428,-1.0481561,-0.73405075,-0.01307801,-0.68462807,-0.3545633,1.4613138,-0.30937776,-1.2287511,0.53093284,-1.099425,0.30296457,-0.88111085,-0.9977336,-0.3807843,0.42074886,-1.2813649,-0.033068154,-0.6523713,0.95056885,-0.6175148,0.3262005,0.117651716,0.2670472,-0.08803031,-0.1045039,1.5665691,0.70372635,-0.74581295,0.8848242,-0.031890117,-0.011826614,1.7010406,0.15894483,-1.9326636,-0.60490346,-0.035883002,-1.2822741,0.009582325,1.7225897,0.23504442,-1.3258964,1.35232,0.59826744,-0.38502416,0.441187,-0.1160034,0.60970724,-1.5534673,0.24380371,-0.3515384,-0.102859385,2.423829,0.23754895,0.95572716,0.6433646,0.5502459,-0.25554386,1.7497789,-0.23703311
V09I,0.96430624,1.2398587,0.16917841,0.8592837,0.5460359,1.1629784,-0.21344258,-0.19928218,0.41862383,-1.545808,1.6585621,-0.8855498,-0.8884869,-0.62571126,-0.36066934,-1.3696275,1.7853544,-0.8361303,0.30032235,-0.16427784,0.4375517,-1.9081322,-0.2069887,-0.6689918,1.9008052,-0.2455873,-1.0721997,-0.6959907,2.2939491,-0.5983048,0.85859865,1.5219113,-0.69151086,-1.5457447,1.4157363,0.8806197,1.0862234,-0.18815388,0.10005351,-2.0385664,0.8936531,-1.866189,1.7659034,0.59515274,-1.9499922,-1.8199309,0.050995134,1.4565735,1.0090777,1.7892294,0.7666729,0.83602595,0.019523028,-0.1317681,2.7395551,0.29126823,0.087903194,1.094613,-0.6236344,-1.5235513,-0.33848748,0.67604876,0.99709535,-0.615252,0.54225063,-0.059879273,0.8371561,-1.2470462,-1.0413014,0.530225,0.51446086,-0.78280765,0.2333686,-1.2753274,-0.021265835,-0.8362374,-1.3960503,-4.323991,1.1856179,-0.76360565,-0.123486556,-0.31912178,-0.009633151,-0.5365508,0.7953276,-0.51477194,1.209417,0.2335551,1.3291978,-0.012164332,-0.13640599,0.3064167,2.2465131,2.4504952,-0.3219955,-0.9157673,0.17171073,1.0408148,1.7466166,-0.76784456,0.56327665,0.42005262,-0.010614509,-0.29185736,-1.281646,1.2118961,-0.40299162,1.0350637,1.0179812,-1.4096435,0.47253293,-0.78084975,-0.3545754,0.6314622,-0.8859822,1.8207752,0.5862831,0.31748238,-0.5813975,-1.3786063,1.4483052,-0.02409837,0.7700577,0.40941855,-0.54047126,0.20134988,0.13580708,1.1387337
